"0",""
"0","permisos.rpart.class <- rpart(positives  ~ . -total -sha256,  data = sha_datos_permisos_positives.train, method = 'class')"
"0","permisos.rpart.anova <- rpart(positives  ~ . -total -sha256,  data = sha_datos_permisos_positives.train, method = 'anova')"
"0","rpart.plot(permisos.rpart.class, extra = 100)"
"2","Warning:"
"2"," All boxes will be white (the box.palette argument will be ignored) because
the number of classes in the response 19 is greater than length(box.palette) 6.
To silence this warning use box.palette=0 or trace=-1.
"
