"0","plot_interactivo <- function(fca){"
"0","  matriz_descompuesta <- as.matrix(t(fca[[""I""]]))"
"0","  plot_interactivo <- plot_ly(z=matriz_descompuesta, data=as.data.frame(matriz_descompuesta), type = ""heatmap"", colors = ""Greys"", x=colnames(matriz_descompuesta), y=rownames(matriz_descompuesta))%>% layout(xaxis = list(autotypenumbers ='strict', type='category'), yaxis = list(autotypenumbers ='strict', dtick=1 ))"
"0","  return(plot_interactivo)"
"0","}"
"0","plot_dendograma <- function(fca){"
"0","  matriz_descompuesta <- as.matrix(t(fca[[""I""]]))"
"0","  heatmap(matriz_descompuesta, col=c(""White"",""Black""))"
"0","}"
"0","plot_dendograma_interactico <- function(fca){"
"0","  matriz_descompuesta <- as.matrix(t(fca[[""I""]]))"
"0","  heatmaply(matriz_descompuesta, col=c(""White"",""Black""))"
"0","}"
