{"vhash": "842b2cb8e1b2256fe5e618eba24ea93b", "submission_names": ["NT\u0110 TUNNEL PLUS_v1.6 (7)_Fix Virus 01.apk"], "scan_date": "2021-11-03 07:54:34", "first_seen": "2021-11-03 07:54:34", "total": 63, "additional_info": {"exiftool": {"MIMEType": "application/zip", "ZipRequiredVersion": "0", "ZipCRC": "0x057571bf", "FileType": "ZIP", "ZipCompression": "Deflated", "ZipUncompressedSize": "54148", "ZipCompressedSize": "21443", "FileTypeExtension": "zip", "ZipFileName": "META-INF/MANIFEST.MF", "ZipBitFlag": "0", "ZipModifyDate": "2018:09:16 02:25:00"}, "trid": "Java Archive (72.9%)\nZIP compressed archive (21.6%)\nPrintFox/Pagefox bitmap (640x800) (5.4%)", "androguard": {"Activities": ["dai.tunnelvpn.LauncherActivity", "dai.tunnelvpn.SocksHttpMainActivity", "dai.tunnelvpn.activities.ConfigGeralActivity", "dai.tunnelvpn.activities.ConfigImportFileActivity", "dai.tunnelvpn.activities.ConfigExportFileActivity", "dai.tunnelvpn.activities.AboutActivity", "dai.tunnelvpn.ExceptionActivity", "trantien.web.WebActivity", "trantien.update.AppUpdateChecker", "com.trantien.ultrasshservice.LaunchVpn", "com.trantien.ultrasshservice.util.DummyActivity", "com.romzkie.compatstyle.NotImplemented", "com.mcal.dexprotect.utils.ExceptionActivity"], "AndroidVersionCode": "7", "certificate": {"validto": "2118-08-22 18:25:01", "serialnumber": "1", "Issuer": {"DN": "C:8609, CN:Jx Clarynx, L:Caraga, O:zph-mph, ST:Surigao Del Norte, OU:anon.org", "C": "8609", "CN": "Jx Clarynx", "L": "Caraga", "O": "zph-mph", "ST": "Surigao Del Norte", "OU": "anon.org"}, "thumbprint": "7d64f9c253c7ef35a0720f6f8a802bd4b920aa3a", "validfrom": "2018-09-15 18:25:01", "Subject": {"DN": "C:8609, CN:Jx Clarynx, L:Caraga, O:zph-mph, ST:Surigao Del Norte, OU:anon.org", "C": "8609", "CN": "Jx Clarynx", "L": "Caraga", "O": "zph-mph", "ST": "Surigao Del Norte", "OU": "anon.org"}}, "VTAndroidInfo": 2, "AndroidApplication": 1, "Package": "dai.tunnelvpn", "intent-filters": {"Services": {"com.trantien.ultrasshservice.tunnel.vpn.TunnelVpnService": {"action": ["android.net.VpnService"]}}, "Activities": {"com.trantien.ultrasshservice.LaunchVpn": {"action": ["android.intent.action.MAIN"], "category": ["android.intent.category.DEFAULT"]}, "dai.tunnelvpn.activities.ConfigImportFileActivity": {"action": ["android.intent.action.VIEW"], "category": ["android.intent.category.DEFAULT", "android.intent.category.BROWSABLE"]}, "dai.tunnelvpn.LauncherActivity": {"action": ["android.intent.action.MAIN"], "category": ["android.intent.category.LAUNCHER"]}}, "Receivers": {"com.trantien.ultrasshservice.MainReceiver": {"action": [".MainReceiver.ACTION_SERVICE_STOP", ".MainReceiver.ACTION_SERVICE_RESTART"]}}}, "Main Activity": "dai.tunnelvpn.LauncherActivity", "Libraries": ["org.apache.http.legacy"], "AndroidApplicationError": false, "AndroidVersionName": "1.6", "RiskIndicator": {"APK": {"DEX": 1, "SHARED LIBRARIES": 10}, "PERM": {"DANGEROUS": 2, "INTERNET": 1, "INSTANT": 3, "NORMAL": 4}}, "Services": ["com.trantien.ultrasshservice.tunnel.vpn.TunnelVpnService", "com.trantien.ultrasshservice.SocksHttpService", "com.trantien.ultrasshservice.NetSpeedNotification"], "MinSdkVersion": "21", "AndroidApplicationInfo": "APK", "TargetSdkVersion": "28", "Receivers": ["com.trantien.ultrasshservice.MainReceiver"], "AndroguardVersion": "3.4.0a1", "Permissions": {"android.permission.READ_EXTERNAL_STORAGE": ["dangerous", "read the contents of your SD card", "Allows the app to read the contents of your SD card."], "android.permission.POWER_SERVICE": ["normal", "Unknown permission from android reference", "Unknown permission from android reference"], "android.permission.ACCESS_NETWORK_STATE": ["normal|instant", "view network connections", "Allows the app to view\n      information about network connections such as which networks exist and are\n      connected."], "android.permission.WAKE_LOCK": ["normal|instant", "prevent phone from sleeping", "Allows the app to prevent the phone from going to sleep."], "android.permission.ACCESS_WIFI_STATE": ["normal", "view Wi-Fi connections", "Allows the app to view information\n      about Wi-Fi networking, such as whether Wi-Fi is enabled and name of\n      connected Wi-Fi devices."], "android.permission.INTERNET": ["normal|instant", "have full network access", "Allows the app to create\n     network sockets and use custom network protocols. The browser and other\n     applications provide means to send data to the internet, so this\n     permission is not required to send data to the internet."], "android.permission.FOREGROUND_SERVICE": ["normal|instant", "run foreground service", "Allows the app to make use of foreground services."], "android.permission.WRITE_EXTERNAL_STORAGE": ["dangerous", "modify or delete the contents of your SD card", "Allows the app to write to the SD card."]}}, "magic": "Zip archive data", "compressedview": {"highest_datetime": "2018-09-16 02:25:00", "lowest_datetime": "2018-09-16 02:25:00", "num_children": 841, "extensions": {"bin": 25, "dex": 1, "MF": 1, "xml": 316, "RSA": 1, "SF": 1, "so": 10, "ttf": 1, "png": 479}, "file_types": {"DEX": 1, "XML": 316, "unknown": 35, "ELF": 10, "JPG": 10, "PNG": 469}, "type": "APK", "children": [{"datetime": "2018-09-16 02:25:00", "sha256": "2e43f3bda3271630c8141c158ac285cf31f2e6bf84596f660e436df094e1bf20", "type": "unknown", "filename": "META-INF/MANIFEST.MF", "size": 54148}, {"datetime": "2018-09-16 02:25:00", "sha256": "21c0ec36d8fb1b498d120976099d4fe86a6e713a857ba7bf7e790a0cf3a22935", "type": "unknown", "filename": "META-INF/APKPROTECT.SF", "size": 54226}, {"datetime": "2018-09-16 02:25:00", "sha256": "c61338c89c29a1261fad384210b4e41651d03a988fb16def40bbed045b58d854", "type": "unknown", "filename": "META-INF/APKPROTECT.RSA", "size": 963}, {"datetime": "2018-09-16 02:25:00", "sha256": "52178e28537ce7324525849282324431c35dd3a9119eeac7413ec87e80d0c8ae", "type": "XML", "filename": "AndroidManifest.xml", "size": 9976}, {"detection_ratio": [0, 74], "datetime": "2018-09-16 02:25:00", "filename": "assets/AGRADECIMENTOS", "sha256": "398a4c66f2679c22e6be8c4959956ec8a7cffe8438d50a24f1fd04afc4512f21", "type": "unknown", "size": 62}, {"detection_ratio": [0, 74], "datetime": "2018-09-16 02:25:00", "filename": "assets/LICENSE", "sha256": "1b544170ee99e09225fcc39f37a8376a2f0e7f657f4383a63cc20704dfeceb8b", "type": "unknown", "size": 10707}, {"detection_ratio": [0, 74], "datetime": "2018-09-16 02:25:00", "filename": "assets/PRIVACY", "sha256": "8320f1aac9cf0aeddcaf02d2c2025c8f96995c12ff7e9bb34221de9ebf5bca48", "type": "unknown", "size": 7122}, {"datetime": "2018-09-16 02:25:00", "sha256": "6352a13e94c83b91675f155f2bff07b930f0559f70a23b3ff455d22e721d31c8", "type": "unknown", "filename": "assets/ap.others/apkprotect.bin", "size": 36}, {"datetime": "2018-09-16 02:25:00", "sha256": "40b69bb7cba27ce601cfc1132099be232bc42c23e3ab9440b274631cf92b5355", "type": "unknown", "filename": "assets/ap.src/apkprotect-v1.bin", "size": 1525736}, {"datetime": "2018-09-16 02:25:00", "sha256": "d0618a3234a9735fd4b1bb592a0122432ec22611a373d60a402414a73f9eb313", "type": "unknown", "filename": "assets/ap.src/apkprotect-v10.bin", "size": 264728}, {"datetime": "2018-09-16 02:25:00", "sha256": "1423b47a673dccfeb007976d5ed3941899004c0b7d50ea5d35f7240c8aede01b", "type": "unknown", "filename": "assets/ap.src/apkprotect-v11.bin", "size": 56636}, {"datetime": "2018-09-16 02:25:00", "sha256": "18b768d51eafd6898ef8c16f08a01bf632d0c99acb3f509d2b424bfd890b4e94", "type": "unknown", "filename": "assets/ap.src/apkprotect-v12.bin", "size": 760}, {"datetime": "2018-09-16 02:25:00", "sha256": "f54232d16bdc6bf7735a43969a22fa00b69fcb0bdd0cd204c2b167d150e8b44a", "type": "unknown", "filename": "assets/ap.src/apkprotect-v13.bin", "size": 646144}, {"datetime": "2018-09-16 02:25:00", "sha256": "2f83edb0571ccc2ca45602fc20fc51032f1fafb679538ab6048affcfb2a3b135", "type": "unknown", "filename": "assets/ap.src/apkprotect-v14.bin", "size": 106372}, {"datetime": "2018-09-16 02:25:00", "sha256": "dc2cc8284a668dda72284c5702359305b9174e7502fd4b4d749f8bab723005f3", "type": "unknown", "filename": "assets/ap.src/apkprotect-v15.bin", "size": 374512}, {"datetime": "2018-09-16 02:25:00", "sha256": "5a3d344476f320ddcfaab7efe4ddc3461ec2cd4e64df6e168b53b571e69c297f", "type": "unknown", "filename": "assets/ap.src/apkprotect-v16.bin", "size": 655084}, {"datetime": "2018-09-16 02:25:00", "sha256": "fdd08226c513c2a48174301496c81556c8926fceb8053786b33937fc26371dbe", "type": "unknown", "filename": "assets/ap.src/apkprotect-v17.bin", "size": 270356}, {"datetime": "2018-09-16 02:25:00", "sha256": "324988fbb6c98aeb544399666182a4913a6186623856ec2b749ad1073f8d9bfc", "type": "unknown", "filename": "assets/ap.src/apkprotect-v18.bin", "size": 106228}, {"datetime": "2018-09-16 02:25:00", "sha256": "2ad612fb4b87deda83cd8c18f0ba397599f243be63dd928ca642dbdf3fd7dfcf", "type": "unknown", "filename": "assets/ap.src/apkprotect-v19.bin", "size": 25532}, {"datetime": "2018-09-16 02:25:00", "sha256": "82361f94e7bdfdde7d7964b460fda671a146da2810fe0dc5427be65a5cf30730", "type": "unknown", "filename": "assets/ap.src/apkprotect-v2.bin", "size": 139560}, {"datetime": "2018-09-16 02:25:00", "sha256": "c08fb06be3f251530863f37ef3c8326cb403a2d6aad3f1f045c96d914fd28962", "type": "unknown", "filename": "assets/ap.src/apkprotect-v20.bin", "size": 15508}, {"datetime": "2018-09-16 02:25:00", "sha256": "a23fe9210f50a6d8da44a2367dc0ddcf1b61d5ccbdd584eb1eab65f92073b8af", "type": "unknown", "filename": "assets/ap.src/apkprotect-v21.bin", "size": 12224}, {"datetime": "2018-09-16 02:25:00", "sha256": "0159d697137523d76898c4b6042e56e3c87905b66b4076090612b2907fddbcbb", "type": "unknown", "filename": "assets/ap.src/apkprotect-v22.bin", "size": 196204}, {"datetime": "2018-09-16 02:25:00", "sha256": "2fb3e119cf10789597206dde1ffe1a46653e3221717cd30ee9ad2d78dec9fdb8", "type": "unknown", "filename": "assets/ap.src/apkprotect-v23.bin", "size": 42228}, {"datetime": "2018-09-16 02:25:00", "sha256": "4dd7f6f5e386403efc8d8001004dfb2fabb45bf4e2d08bed8669ade4e23ca51a", "type": "unknown", "filename": "assets/ap.src/apkprotect-v24.bin", "size": 91372}, {"detection_ratio": [0, 75], "datetime": "2018-09-16 02:25:00", "filename": "assets/ap.src/apkprotect-v3.bin", "sha256": "927dafafdcc193545e64a55c68a0ca7bc3a76eb507b405c502bec6d538e1b27e", "type": "unknown", "size": 14020}, {"datetime": "2018-09-16 02:25:00", "sha256": "23174c222a4a75c7db45ea8a84b194c259859e0655de199602d8de06acc50549", "type": "unknown", "filename": "assets/ap.src/apkprotect-v4.bin", "size": 26084}, {"datetime": "2018-09-16 02:25:00", "sha256": "f4606fe786a491fe66dcf09e1a0c4b2b256c028e329380f03833bd0cc460edd4", "type": "unknown", "filename": "assets/ap.src/apkprotect-v5.bin", "size": 99900}, {"datetime": "2018-09-16 02:25:00", "sha256": "672e151edbe74ad73a6b7a840a5d4c40752ff3d3b265c84e05f8a28ed711b730", "type": "unknown", "filename": "assets/ap.src/apkprotect-v6.bin", "size": 9460}, {"datetime": "2018-09-16 02:25:00", "sha256": "4d506ac0ee15a670f344ebb43f58ec1fe8caae2ea0be2a495a83b184e913e345", "type": "unknown", "filename": "assets/ap.src/apkprotect-v7.bin", "size": 42500}, {"datetime": "2018-09-16 02:25:00", "sha256": "73534e08a726f465d7e5364d3e191aac35902072a8c63b451d3907c338e275f4", "type": "unknown", "filename": "assets/ap.src/apkprotect-v8.bin", "size": 63416}, {"datetime": "2018-09-16 02:25:00", "sha256": "319b2974aeaff5ec16bcb1db5d5d7094dea7cdb59d3f926164673e203241f591", "type": "unknown", "filename": "assets/ap.src/apkprotect-v9.bin", "size": 322864}, {"datetime": "2018-09-16 02:25:00", "sha256": "96ac84d4690f542a22f06e4ffbd5b5ac8580c11457ee59db1027116e0fca60c4", "type": "unknown", "filename": "assets/config/config.json", "size": 2285}, {"datetime": "2018-09-16 02:25:00", "sha256": "1e51180eaa92e817446bdd2aef878a9b0f4e926b0a75771724e6ed58854ceeb5", "type": "PNG", "filename": "assets/flags/ae.png", "size": 13300}, {"datetime": "2018-09-16 02:25:00", "sha256": "94641147dffa59f2f073d86a5372484dc6e9de6edce4cde9deeac09d644faaa7", "type": "PNG", "filename": "assets/flags/ar.png", "size": 15068}, {"datetime": "2018-09-16 02:25:00", "sha256": "7b4f0e4b00e20621d9b68b9de2cc7d9407dc52d1dd12db112536636baf4f8a74", "type": "PNG", "filename": "assets/flags/au.png", "size": 25232}, {"datetime": "2018-09-16 02:25:00", "sha256": "e5a9086c544d41154b57b9566521da6bcb838c2a95374e3e1a5e9606d88829da", "type": "PNG", "filename": "assets/flags/bq.png", "size": 4790}, {"datetime": "2018-09-16 02:25:00", "sha256": "7a17c5fcb7b5907282d626e9b07604ab8623d2751bcfda78388556b8154b3334", "type": "PNG", "filename": "assets/flags/br.png", "size": 26243}, {"datetime": "2018-09-16 02:25:00", "sha256": "07f73bbd053b00c1c9e286dc8b1840b763f3b3a80f370994ca3058dc8b62b9df", "type": "PNG", "filename": "assets/flags/ca.png", "size": 16585}, {"datetime": "2018-09-16 02:25:00", "sha256": "4fea734b8a4bfe1086034a40442357af18de1fd06ba1569f7e204a766a3638f0", "type": "PNG", "filename": "assets/flags/ch.png", "size": 14520}, {"datetime": "2018-09-16 02:25:00", "sha256": "51990828689efcf6e2d218bdfb622af8c3b1a0e2e03c8437a354a644fa3099fb", "type": "PNG", "filename": "assets/flags/cn.png", "size": 18281}, {"datetime": "2018-09-16 02:25:00", "sha256": "f4cf1d23bc492a0f5b3991ac22a4b913592d71936171df1ba6af5c190dbc4228", "type": "PNG", "filename": "assets/flags/cr.png", "size": 12791}, {"datetime": "2018-09-16 02:25:00", "sha256": "7c64cae02a85254965b3bd5e5f894796e039e653c27e2547a52878e9bc620494", "type": "PNG", "filename": "assets/flags/cz.png", "size": 15210}, {"datetime": "2018-09-16 02:25:00", "sha256": "d18522ad7a6c160c5c9c0e4721282e161ab28fee9b2bbd66a5ed4744ace2b16b", "type": "PNG", "filename": "assets/flags/de.png", "size": 12896}, {"datetime": "2018-09-16 02:25:00", "sha256": "e695c71aeaf524f848c18b9bfdbccebb19ceca1de1b9f96ef69aa4ba8da4b9af", "type": "PNG", "filename": "assets/flags/dk.png", "size": 13287}, {"datetime": "2018-09-16 02:25:00", "sha256": "003d5b48cda2487abd5d08f8ac12ab6ffcc1a8aaa4b6694bc8e0adc99bf16d29", "type": "PNG", "filename": "assets/flags/down.png", "size": 2267}, {"datetime": "2018-09-16 02:25:00", "sha256": "3bb3703d9a988a4dd2f88fc968224a43881ae9d2243228ff69e080c83b82464c", "type": "PNG", "filename": "assets/flags/en.png", "size": 2025}, {"datetime": "2018-09-16 02:25:00", "sha256": "ff10af54054b9e3f781c90cc7b7b36aedd4bb9c958eae3938700c02772474bfb", "type": "PNG", "filename": "assets/flags/fr.png", "size": 13047}, {"datetime": "2018-09-16 02:25:00", "sha256": "7385890c7ab76ee8aa9eea98beb2de0b73bf9fc950fc6ecbb146007b9a0b2991", "type": "PNG", "filename": "assets/flags/gb.png", "size": 18734}, {"datetime": "2018-09-16 02:25:00", "sha256": "742e55140aac4aae86ca0216e43cc73399750171ea9e232f8041c12c0d60310d", "type": "PNG", "filename": "assets/flags/hk.png", "size": 25008}, {"datetime": "2018-09-16 02:25:00", "sha256": "56627f21fa3c4c9399957e4280841ca99cb11f695f4ef7dedead024e52c336fe", "type": "PNG", "filename": "assets/flags/id.png", "size": 12532}, {"datetime": "2018-09-16 02:25:00", "sha256": "c19fabd092cda4eb1f9800faa82edfc330ba3bfb662ac5dcf9a60e58c8b313c9", "type": "PNG", "filename": "assets/flags/in.png", "size": 16194}, {"datetime": "2018-09-16 02:25:00", "sha256": "49a7aa2dee0fe3225a80046330de81c05156d1861c226ed3977d527a934fc3ba", "type": "PNG", "filename": "assets/flags/jp.png", "size": 14676}, {"datetime": "2018-09-16 02:25:00", "sha256": "a880e4ae49847d0f45ac812d273fbfc543487a8b5791794138984cf8e483a251", "type": "PNG", "filename": "assets/flags/kh.png", "size": 17943}, {"datetime": "2018-09-16 02:25:00", "sha256": "b3ce6fbfe6fdbc957b866445b59d30e3d41fe43b449134407d67673f93c4b0d4", "type": "PNG", "filename": "assets/flags/kp.png", "size": 19343}, {"datetime": "2018-09-16 02:25:00", "sha256": "576746984feb1f2829a8f5337e36077f8e7130f30b6c73930e1c10967be204f9", "type": "PNG", "filename": "assets/flags/kr.png", "size": 32394}, {"datetime": "2018-09-16 02:25:00", "sha256": "975a0f7b532119c06b91a63c488aad84def27de60cec5055befe47c8c4f35ae7", "type": "PNG", "filename": "assets/flags/la.png", "size": 14492}, {"datetime": "2018-09-16 02:25:00", "sha256": "a5996f4b86896a76eceb1ba67f85f1b005525085323b2e8fee1ddc9da2acd661", "type": "PNG", "filename": "assets/flags/li.png", "size": 15312}, {"datetime": "2018-09-16 02:25:00", "sha256": "392516159e4b5f412c6102bc805d9263e74fbeaf23e113ced3fa95acde770570", "type": "PNG", "filename": "assets/flags/lr.png", "size": 15903}, {"datetime": "2018-09-16 02:25:00", "sha256": "1034b658c38cc7005c0d08c2a0add1f17916850eeeb01c27410cfc488ba4018a", "type": "PNG", "filename": "assets/flags/mm.png", "size": 18017}, {"datetime": "2018-09-16 02:25:00", "sha256": "21842243b32698ad4f518aed95b1e7c0417a281f1d390fa555e0a54c03d0b045", "type": "PNG", "filename": "assets/flags/my.png", "size": 19056}, {"datetime": "2018-09-16 02:25:00", "sha256": "be66669610c82db8d90d24aa50046d097a05720aac7ced8c7e99c43061c8f27a", "type": "PNG", "filename": "assets/flags/pe.png", "size": 12714}, {"datetime": "2018-09-16 02:25:00", "sha256": "cdcd9d19854115481329544cb1b07bf5d15b3316aa875fe8f88537a764efd49c", "type": "PNG", "filename": "assets/flags/ph.png", "size": 16672}, {"datetime": "2018-09-16 02:25:00", "sha256": "befefd469820c8dad64f63d457ba6a3f939cabc7db88b45b91f0b64ace9705db", "type": "PNG", "filename": "assets/flags/pl.png", "size": 12407}, {"datetime": "2018-09-16 02:25:00", "sha256": "e205844d9d6072148aa62929beb16ea29a2ce92c66de330f12d1e0b7508a8de6", "type": "PNG", "filename": "assets/flags/ps.png", "size": 15797}, {"datetime": "2018-09-16 02:25:00", "sha256": "c64cbadd578a0d3efa901dfd8253b9fd8a56d30712a1e85c394ea0189b56fe84", "type": "PNG", "filename": "assets/flags/qa.png", "size": 16567}, {"datetime": "2018-09-16 02:25:00", "sha256": "71724a2d046647a5d718d37d0924604c058c06521a646cb4541da367b4f58945", "type": "PNG", "filename": "assets/flags/re.png", "size": 4700}, {"datetime": "2018-09-16 02:25:00", "sha256": "40a384ce65a871e93d087270e28aa95b6aa96730c31153af472f3a3b6a13654c", "type": "PNG", "filename": "assets/flags/ru.png", "size": 12520}, {"datetime": "2018-09-16 02:25:00", "sha256": "81187ae7c311430a9476d00e9bb3bc22999c6f5575475dc5abd0699afebb389b", "type": "PNG", "filename": "assets/flags/sg.png", "size": 17941}, {"datetime": "2018-09-16 02:25:00", "sha256": "2513dd9f571cbab5a177038532944672131c2a5676ab9f1839c314ebe2aa1d33", "type": "PNG", "filename": "assets/flags/tl.png", "size": 4189}, {"datetime": "2018-09-16 02:25:00", "sha256": "864a951364ecc622799d070d4812796c2fbc00629f9f95f75dca71c369ebc01a", "type": "PNG", "filename": "assets/flags/tr.png", "size": 20174}, {"datetime": "2018-09-16 02:25:00", "sha256": "6d1b526831e167cc9a45656f8b83c1f3181073e585665a15dd595aa3bfdbfcc6", "type": "PNG", "filename": "assets/flags/tw.png", "size": 15297}, {"datetime": "2018-09-16 02:25:00", "sha256": "7385890c7ab76ee8aa9eea98beb2de0b73bf9fc950fc6ecbb146007b9a0b2991", "type": "PNG", "filename": "assets/flags/uk.png", "size": 18734}, {"datetime": "2018-09-16 02:25:00", "sha256": "21517a3d1185546fe052c975a84b9d2ee0b847a16127c8b7260110f69b3ad506", "type": "PNG", "filename": "assets/flags/um.png", "size": 32014}, {"datetime": "2018-09-16 02:25:00", "sha256": "2c63b306fd2d97f7df6f97b73bfeb78a8cde82e0c3eadc70d508904460c7146e", "type": "PNG", "filename": "assets/flags/us.png", "size": 26262}, {"datetime": "2018-09-16 02:25:00", "sha256": "9feb629540ee6e621249c2a0fd248373869547abcce5638f2f952babe168a886", "type": "PNG", "filename": "assets/flags/uy.png", "size": 14713}, {"datetime": "2018-09-16 02:25:00", "sha256": "b28172705e0a093ae73d641764fb179821d20b3a2ccf4b8e0138b1d8e19c2e5d", "type": "PNG", "filename": "assets/flags/vn.png", "size": 15534}, {"datetime": "2018-09-16 02:25:00", "sha256": "e90a6771b4d111e97ae111f149e47a9a5deae4907fe873385d0e428c697a0424", "type": "PNG", "filename": "assets/flags/ws.png", "size": 16324}, {"datetime": "2018-09-16 02:25:00", "sha256": "48896de83c3fbc5b628377fbe5ab12e74053802301a6d19225e198f27ff0a245", "type": "PNG", "filename": "assets/flags/za.png", "size": 21225}, {"detection_ratio": [11, 73], "datetime": "2018-09-16 02:25:00", "filename": "classes.dex", "sha256": "98472dab08036974e3e2571c08874608392602fe5d7f1a6820c0ad967193e20f", "type": "DEX", "size": 161320}, {"detection_ratio": [0, 75], "datetime": "2018-09-16 02:25:00", "filename": "lib/arm64-v8a/libapkprotect.so", "sha256": "968c23dea8a7f4713a203e084b250ef583a34f900b9c73bebf532abb693a2be3", "type": "ELF", "size": 202880}, {"detection_ratio": [1, 74], "datetime": "2018-09-16 02:25:00", "filename": "lib/armeabi-v7a/libapkprotect.so", "sha256": "d1f37b1efd227063589b4de123bb7ca4dc2f3f510fe72466fc87b0264430b48a", "type": "ELF", "size": 104088}, {"detection_ratio": [0, 74], "datetime": "2018-09-16 02:25:00", "filename": "lib/armeabi-v7a/libtool-checker.so", "sha256": "aa47924096e1b284036cd5fb423ed877ac4f8de4e2be0d3736ee29c0e715b71d", "type": "ELF", "size": 13936}, {"detection_ratio": [0, 73], "datetime": "2018-09-16 02:25:00", "filename": "lib/armeabi-v7a/pdnsd.so", "sha256": "6fbb9761b40c02e097eccb10132198f32173ceba558dfc15f52aabd01d46c4bd", "type": "ELF", "size": 153640}, {"detection_ratio": [0, 74], "datetime": "2018-09-16 02:25:00", "filename": "lib/armeabi-v7a/tun2socks.so", "sha256": "2c6529ea170cb11baf93aa8bb1883aab49e64668c5fa65a3b0153a43d3046c4f", "type": "ELF", "size": 101276}, {"detection_ratio": [1, 74], "datetime": "2018-09-16 02:25:00", "filename": "lib/x86/libapkprotect.so", "sha256": "579ba0b1c2a35da3b813bb2c1c3ad4e01d0d88464d0261e032973cee63f95cc6", "type": "ELF", "size": 198336}, {"detection_ratio": [0, 72], "datetime": "2018-09-16 02:25:00", "filename": "lib/x86/libtool-checker.so", "sha256": "5be90d470a48e590da15fc3f95c91c3bc6dadc44628e57040637c0f9db1fdc17", "type": "ELF", "size": 13792}, {"detection_ratio": [0, 74], "datetime": "2018-09-16 02:25:00", "filename": "lib/x86/pdnsd.so", "sha256": "baefcc48842d2bbe8cad4e91369917ad41cebaf62c9631ccef10f462565274c1", "type": "ELF", "size": 198640}, {"detection_ratio": [0, 74], "datetime": "2018-09-16 02:25:00", "filename": "lib/x86/tun2socks.so", "sha256": "841c2db6b00741b75e50df84c793a88d146c8590e95ddab5f025caf8c54f6475", "type": "ELF", "size": 154468}, {"detection_ratio": [0, 75], "datetime": "2018-09-16 02:25:00", "filename": "lib/x86_64/libapkprotect.so", "sha256": "96781af979ae760f5ac643047c20caa0105c7d04725741ea20b46621ce079a19", "type": "ELF", "size": 223632}, {"datetime": "2018-09-16 02:25:00", "sha256": "275c8aa203d46d75a42607be0f380c26979c5715a358c9a9156af7eaebe73696", "type": "XML", "filename": "r/a/k.xml", "size": 620}, {"detection_ratio": [0, 74], "datetime": "2018-09-16 02:25:00", "filename": "r/a/l.xml", "sha256": "96e5f19248f690a101a038b532e1fd143c253eecd292e9f1b331e2510be420a6", "type": "XML", "size": 620}, {"datetime": "2018-09-16 02:25:00", "sha256": "68827301c1231c8f3f5e2fcbc944eede28805f703e9d53236ca96b810fa48961", "type": "XML", "filename": "r/a0/a.xml", "size": 556}, {"datetime": "2018-09-16 02:25:00", "sha256": "5f83871db71e182ab23e92201385883600c43e76547a43dec75c58f129fd24ca", "type": "XML", "filename": "r/a0/b.xml", "size": 776}, {"datetime": "2018-09-16 02:25:00", "sha256": "9674cafddf9af0a60c57b3ccc3a34bf060baecb9531f53e932d09f9a75238b0a", "type": "XML", "filename": "r/a0/c.xml", "size": 1748}, {"datetime": "2018-09-16 02:25:00", "sha256": "08b09ea9c0723704e5f9b8ff293871c928d4145bb72fe7f720aea44716be338c", "type": "unknown", "filename": "r/a1/a", "size": 297}, {"datetime": "2018-09-16 02:25:00", "sha256": "fb18dc9a5c45d86de289aae710c73d8b2fa228031bb7be3007287284f32050b7", "type": "XML", "filename": "r/a2/a.xml", "size": 1700}, {"datetime": "2018-09-16 02:25:00", "sha256": "b760ed8d7de1f529229de2b226a26042707c4052ef30674881f91c5dbfbd936e", "type": "XML", "filename": "r/a2/b.xml", "size": 4916}, {"datetime": "2018-09-16 02:25:00", "sha256": "cad0c1b0ac29192c27cd123956ff75d2c58b4998d22f572130ca2a9991166b70", "type": "XML", "filename": "r/a2/c.xml", "size": 1904}, {"detection_ratio": [0, 73], "datetime": "2018-09-16 02:25:00", "filename": "r/b/a.xml", "sha256": "aac9596dcef2ac796b74f2c2b4c149e9a66b004e864b37e82270752c66b1234d", "type": "XML", "size": 396}], "uncompressed_size": 9470491}}, "size": 8041344, "authentihash": null, "times_submitted": 1, "harmless_votes": 0, "malicious_votes": 0, "sha256": "1932502b235f1e1fb705bca50aaecc5d00ac0442af6708e5832e17db9e64b0da", "type": "Android", "scans": {"Bkav": {"detected": false, "version": "1.3.0.9899", "result": null, "update": "20211102"}, "Lionic": {"detected": false, "version": "4.2", "result": null, "update": "20211103"}, "Elastic": {"detected": false, "version": "4.0.29", "result": null, "update": "20211005"}, "Cynet": {"detected": true, "version": "4.0.0.27", "result": "Malicious (score: 99)", "update": "20211103"}, "CMC": {"detected": false, "version": "2.10.2019.1", "result": null, "update": "20211026"}, "CAT-QuickHeal": {"detected": true, "version": "14.00", "result": "Android.Boogr.GEN34541", "update": "20211103"}, "McAfee": {"detected": true, "version": "6.0.6.653", "result": "Artemis!B3697A6E8FC4", "update": "20211103"}, "ALYac": {"detected": false, "version": "1.1.3.1", "result": null, "update": "20211103"}, "Malwarebytes": {"detected": false, "version": "4.2.2.27", "result": null, "update": "20211103"}, "VIPRE": {"detected": false, "version": "96678", "result": null, "update": "20211103"}, "Sangfor": {"detected": false, "version": "2.9.0.0", "result": null, "update": "20210930"}, "K7AntiVirus": {"detected": false, "version": "11.225.39131", "result": null, "update": "20211103"}, "Alibaba": {"detected": false, "version": "0.3.0.5", "result": null, "update": "20190527"}, "K7GW": {"detected": true, "version": "11.225.39131", "result": "Trojan ( 005654f01 )", "update": "20211103"}, "Trustlook": {"detected": false, "version": "1.0", "result": null, "update": "20211103"}, "Arcabit": {"detected": false, "version": "1.0.0.886", "result": null, "update": "20211103"}, "Baidu": {"detected": false, "version": "1.0.0.2", "result": null, "update": "20190318"}, "Cyren": {"detected": true, "version": "6.3.0.2", "result": "AndroidOS/Trojan.WPTG-8", "update": "20211103"}, "SymantecMobileInsight": {"detected": false, "version": "2.0", "result": null, "update": "20210126"}, "Symantec": {"detected": false, "version": "1.16.0.0", "result": null, "update": "20211103"}, "ESET-NOD32": {"detected": true, "version": "24229", "result": "a variant of Android/TrojanDropper.Agent.EVT", "update": "20211103"}, "TrendMicro-HouseCall": {"detected": false, "version": "10.0.0.1040", "result": null, "update": "20211101"}, "Avast": {"detected": false, "version": "21.1.5827.0", "result": null, "update": "20211103"}, "ClamAV": {"detected": false, "version": "0.104.0.0", "result": null, "update": "20211102"}, "Kaspersky": {"detected": false, "version": "21.0.1.45", "result": null, "update": "20211103"}, "BitDefender": {"detected": false, "version": "7.2", "result": null, "update": "20211103"}, "NANO-Antivirus": {"detected": true, "version": "1.0.146.25370", "result": "Trojan.Android.ApkProtector.houozg", "update": "20211103"}, "SUPERAntiSpyware": {"detected": false, "version": "5.6.0.1032", "result": null, "update": "20211030"}, "MicroWorld-eScan": {"detected": false, "version": "14.0.409.0", "result": null, "update": "20211103"}, "Rising": {"detected": false, "version": "25.0.0.26", "result": null, "update": "20211103"}, "Ad-Aware": {"detected": false, "version": "3.0.21.193", "result": null, "update": "20211103"}, "Emsisoft": {"detected": false, "version": "2021.5.0.7597", "result": null, "update": "20211103"}, "Comodo": {"detected": false, "version": "34044", "result": null, "update": "20211102"}, "F-Secure": {"detected": true, "version": "12.0.86.52", "result": "Malware.ANDROID/Dropper.FIMO.Gen", "update": "20211103"}, "DrWeb": {"detected": true, "version": "7.0.52.8270", "result": "Tool.ApkProtector.3.origin", "update": "20211103"}, "Zillya": {"detected": true, "version": "2.0.0.4487", "result": "Dropper.Agent.Android.187062", "update": "20211102"}, "TrendMicro": {"detected": false, "version": "11.0.0.1006", "result": null, "update": "20211103"}, "McAfee-GW-Edition": {"detected": false, "version": "v2019.1.2+3728", "result": null, "update": "20211102"}, "FireEye": {"detected": false, "version": "32.44.1.0", "result": null, "update": "20211103"}, "Sophos": {"detected": false, "version": "1.4.1.0", "result": null, "update": "20211103"}, "Ikarus": {"detected": true, "version": "0.1.5.2", "result": "Trojan-Dropper.AndroidOS.Agent", "update": "20211102"}, "Avast-Mobile": {"detected": true, "version": "211102-00", "result": "Android:Evo-gen [Trj]", "update": "20211102"}, "Jiangmin": {"detected": false, "version": "16.0.100", "result": null, "update": "20211102"}, "Avira": {"detected": true, "version": "8.3.3.12", "result": "ANDROID/Dropper.FIMO.Gen", "update": "20211103"}, "Antiy-AVL": {"detected": true, "version": "3.0.0.1", "result": "Trojan/Generic.ASMalwAD.2D", "update": "20211103"}, "Kingsoft": {"detected": false, "version": "2017.9.26.565", "result": null, "update": "20211103"}, "Gridinsoft": {"detected": false, "version": "1.0.60.158", "result": null, "update": "20211103"}, "Microsoft": {"detected": true, "version": "1.1.18700.4", "result": "Trojan:Script/Wacatac.B!ml", "update": "20211103"}, "ViRobot": {"detected": false, "version": "2014.3.20.0", "result": null, "update": "20211103"}, "ZoneAlarm": {"detected": false, "version": "1.0", "result": null, "update": "20211102"}, "GData": {"detected": false, "version": "A:25.31229B:27.25015", "result": null, "update": "20211103"}, "BitDefenderFalx": {"detected": false, "version": "2.0.936", "result": null, "update": "20210610"}, "AhnLab-V3": {"detected": true, "version": "3.21.1.10219", "result": "Spyware/Android.Agent.1055400", "update": "20211103"}, "BitDefenderTheta": {"detected": false, "version": "7.2.37796.0", "result": null, "update": "20211021"}, "TACHYON": {"detected": false, "version": "2021-11-03.02", "result": null, "update": "20211103"}, "VBA32": {"detected": false, "version": "5.0.0", "result": null, "update": "20211102"}, "Zoner": {"detected": false, "version": "0.0.0.0", "result": null, "update": "20211102"}, "Tencent": {"detected": false, "version": "1.0.0.1", "result": null, "update": "20211103"}, "Yandex": {"detected": false, "version": "5.5.2.24", "result": null, "update": "20211103"}, "MAX": {"detected": false, "version": "2019.9.16.1", "result": null, "update": "20211103"}, "MaxSecure": {"detected": false, "version": "1.0.0.1", "result": null, "update": "20211102"}, "Fortinet": {"detected": true, "version": "6.2.142.0", "result": "Android/Agent.EVT!tr", "update": "20211103"}, "Panda": {"detected": false, "version": "4.6.4.2", "result": null, "update": "20211102"}}, "tags": ["apk", "android", "contains-elf"], "scan_id": "1932502b235f1e1fb705bca50aaecc5d00ac0442af6708e5832e17db9e64b0da-1635926074", "unique_sources": 1, "positives": 17, "ssdeep": "196608:MqCXD7+monhQjfrp+YoT6UE1FdDSYcFPF4+8iMBviLK2J5Kj:M3nouDF+W1rSYcFK+89J2c", "md5": "4fb7cb0c1a78dc81502f48ce90bea3f2", "permalink": "https://www.virustotal.com/gui/file/1932502b235f1e1fb705bca50aaecc5d00ac0442af6708e5832e17db9e64b0da/detection/f-1932502b235f1e1fb705bca50aaecc5d00ac0442af6708e5832e17db9e64b0da-1635926074", "sha1": "550fa218c8192d7d73f1fadd43a208e02828f5a2", "submission": {"submitter_region": "?", "date": "2021-11-03 07:54:34", "submitter_country": "SG", "filename": "NT\u0110 TUNNEL PLUS_v1.6 (7)_Fix Virus 01.apk"}, "response_code": 1, "community_reputation": 0, "verbose_msg": "Scan finished, information embedded", "ITW_urls": [], "last_seen": "2021-11-03 07:54:34"}