{"vhash": "78b9b8c8d98ff39532b4619d537a205b", "submission_names": ["33fc055276fc8b6933ec53e22b8cac6b.virus"], "scan_date": "2021-11-03 00:10:40", "first_seen": "2021-11-03 00:10:40", "total": 63, "additional_info": {"magic": "Zip archive data, at least v2.0 to extract", "exiftool": {"MIMEType": "application/zip", "ZipRequiredVersion": "20", "ZipCRC": "0xe726ada5", "FileType": "ZIP", "ZipCompression": "Deflated", "ZipUncompressedSize": "104248", "ZipCompressedSize": "38937", "FileTypeExtension": "zip", "ZipFileName": "META-INF/MANIFEST.MF", "ZipBitFlag": "0x0808", "ZipModifyDate": "2020:12:20 08:41:32"}, "trid": "Android Package (44.2%)\nJava Archive (15.5%)\nVYM Mind Map (14.3%)\nSweet Home 3D design (generic) (12.0%)\nMozilla Archive Format (gen) (8.0%)", "compressedview": {"highest_datetime": "2020-12-20 08:41:34", "lowest_datetime": "1980-01-01 00:00:00", "num_children": 877, "extensions": {"dex": 2, "xml": 446, "MF": 1, "pro": 1, "sig": 1, "gz": 1, "RSA": 1, "dat": 1, "so": 16, "sec": 1, "txt": 1, "SF": 1, "png": 396}, "file_types": {"DEX": 2, "XML": 446, "unknown": 13, "ELF": 17, "JSON": 2, "directory": 1, "PNG": 396}, "type": "APK", "children": [{"datetime": "2020-12-20 08:41:32", "sha256": "1410f17054200273d844570ff044b83fb7005d0b7b947e8acb2537111411050b", "type": "unknown", "filename": "META-INF/MANIFEST.MF", "size": 104248}, {"datetime": "2020-12-20 08:41:32", "sha256": "86e3799e1d80095fb83aa69af5374be5c39e35abbbf47da8ecbf91964f839f6f", "type": "unknown", "filename": "META-INF/KLLD.SF", "size": 104410}, {"datetime": "2020-12-20 08:41:32", "sha256": "9a77e21653c76446afa5ea3a86300f3adc884ed967f568168740fbad0b3d2bf1", "type": "unknown", "filename": "META-INF/KLLD.RSA", "size": 1279}, {"datetime": "2020-12-20 08:41:32", "sha256": "0d1d1fbd75fc0192eea2df3d10d8a87b71c978aa94e79f4f75da15db76ba4754", "type": "XML", "filename": "AndroidManifest.xml", "size": 20408}, {"detection_ratio": [0, 74], "datetime": "1980-01-01 00:00:00", "filename": "androidsupportmultidexversion.txt", "sha256": "822dca0ed97b7639d81c9c5704a5172403e70ce03149ed586d84325b9a438e43", "type": "unknown", "size": 53}, {"datetime": "2020-12-16 19:12:38", "sha256": "ba94bee094c56e5aa99cb44eaeeb8a3bc4df21fbe5a7e21225b578dce20e521a", "type": "unknown", "filename": "assets/.appkey", "size": 16}, {"detection_ratio": [0, 72], "datetime": "1980-01-01 00:00:00", "filename": "assets/39285EFA.dex", "sha256": "0b9c032080788add7f5989d0ce145e66a4686ff3a43b0e48dec60bf18bf75701", "type": "unknown", "size": 71500}, {"detection_ratio": [0, 74], "datetime": "1980-01-01 00:00:00", "filename": "assets/cid", "sha256": "64f11eb5134f29bcff547988289baff229b05faf93adac63d3a3bfe97c7f810a", "type": "ELF", "size": 5520}, {"detection_ratio": [5, 74], "datetime": "2020-12-16 19:12:40", "filename": "assets/libjiagu.so", "sha256": "be51c446590ebe627352b2f333aca3f48876400c00126eee961aa8cfd9cc7ca8", "type": "ELF", "size": 497764}, {"datetime": "1980-01-01 00:00:00", "sha256": "94710913ceb9b7b8553bf55e46600a7138c36676bdc6a6c7aed86957ed6c90af", "type": "unknown", "filename": "assets/supplierconfig.json", "size": 145}, {"detection_ratio": [0, 75], "datetime": "1980-01-01 00:00:00", "filename": "assets/tt_mime_type.pro", "sha256": "3e4a22ba6ca9d3dd9994122c6edaa86e0733adb6db4f8ebf3c73668683edce7a", "type": "unknown", "size": 53011}, {"datetime": "1980-01-01 00:00:00", "sha256": "0b59c5c5ebc191f311321b918275ac765722f194cb599db31410975f514f0ed0", "type": "unknown", "filename": "assets/yaqgdtadv.dat", "size": 40120}, {"datetime": "1980-01-01 00:00:00", "sha256": "b50f4c8bd11d990fe1e32dfe4326e5caf1474a49d23e4b122ea2c42fe741d835", "type": "unknown", "filename": "assets/yaqgdtadv.sig", "size": 3917}, {"detection_ratio": [0, 73], "datetime": "1980-01-01 00:00:00", "filename": "assets/yaqgdtadv0.sec", "sha256": "2851276559676090564e992d2e7c1c64ae96d64318f26072aa1abd284f66bfb5", "type": "DEX", "size": 183720}, {"datetime": "1980-01-01 00:00:00", "sha256": "2495f83ae9f312b74d69845a8199a655f2d31a0c065ddefcbfb4e2a1e0d381f6", "type": "unknown", "filename": "assets/yaqsdkcookie", "size": 8}, {"detection_ratio": [8, 73], "datetime": "2020-12-16 19:12:38", "filename": "classes.dex", "sha256": "6e2cd94f3707a59f7d6417ce12b571441ecfd33ec98eb56a8eedf57c003fc45e", "type": "DEX", "size": 4618744}, {"detection_ratio": [0, 75], "datetime": "1980-01-01 00:00:00", "filename": "lib/armeabi-v7a/lib39285EFA.so", "sha256": "7b079636064482ad4d2c81b6127753f3c349df2d3814ed8d0b490a800669f0e5", "type": "ELF", "size": 83840}, {"detection_ratio": [0, 73], "datetime": "1980-01-01 00:00:00", "filename": "lib/armeabi-v7a/libMMANDKSignature.so", "sha256": "adc1d221fa4d8069d7b36f5d5020d44ede6c1fe290fa3eeca173effaccd8e711", "type": "ELF", "size": 13516}, {"detection_ratio": [0, 73], "datetime": "1980-01-01 00:00:00", "filename": "lib/armeabi-v7a/libRSSupport.so", "sha256": "5e3f7fc28d291a0c785a112f9bc8c5ab80cdfc70397a01c72b8fdff4897e84bf", "type": "ELF", "size": 1783824}, {"detection_ratio": [0, 74], "datetime": "2020-12-16 19:12:38", "filename": "lib/armeabi-v7a/libX86Bridge.so", "sha256": "8a7864a9838aec6e60e9b06b2cc477cc943ddcf8487ed0e069ae64f5a0067524", "type": "ELF", "size": 5116}, {"detection_ratio": [0, 73], "datetime": "1980-01-01 00:00:00", "filename": "lib/armeabi-v7a/libcrashsdk.so", "sha256": "5c3dd04d20cc51418b4ccd508c99de5c4e2c63e6bd91995c9eff9e14f072b912", "type": "ELF", "size": 407740}, {"detection_ratio": [0, 73], "datetime": "1980-01-01 00:00:00", "filename": "lib/armeabi-v7a/libksyplayer.so", "sha256": "8f25d05ae930c28aa375679cff257f6ae7edcf0493fffd5fca86f88c8b2fa646", "type": "ELF", "size": 4772428}, {"detection_ratio": [0, 74], "datetime": "1980-01-01 00:00:00", "filename": "lib/armeabi-v7a/libnms.so", "sha256": "ed5394566933e31feddc1a42c4a6f6b1c30805254a65a1f071ec8511eab66562", "type": "ELF", "size": 121304}, {"detection_ratio": [0, 73], "datetime": "1980-01-01 00:00:00", "filename": "lib/armeabi-v7a/libpl_droidsonroids_gif.so", "sha256": "1d780412fabae1ea01a125369744e26e537a4b7ed864ebc1f9c6106b6b81ef53", "type": "ELF", "size": 46812}, {"detection_ratio": [0, 71], "datetime": "1980-01-01 00:00:00", "filename": "lib/armeabi-v7a/librsjni.so", "sha256": "8ef97d96df2ee9401fb5eff232f00852a3cd6822985b784058d00d70a09ddab4", "type": "ELF", "size": 59888}, {"detection_ratio": [0, 73], "datetime": "1980-01-01 00:00:00", "filename": "lib/armeabi-v7a/librsjni_androidx.so", "sha256": "eb3fadf6281b1b45b668be59ef31fe66f4c3fd6ad4dee59ccc3df6bee044f648", "type": "ELF", "size": 59280}, {"detection_ratio": [0, 74], "datetime": "1980-01-01 00:00:00", "filename": "lib/armeabi-v7a/libtobEmbedEncrypt.so", "sha256": "b3c6d1a6099014ee91a41e7985c74b0e735e3f78e4b3e9644e1250b17d0af72b", "type": "ELF", "size": 13972}, {"detection_ratio": [0, 73], "datetime": "1980-01-01 00:00:00", "filename": "lib/armeabi-v7a/libturingau.so", "sha256": "779ced30dd0bfc152a3156e508b125a2670ec7620ac88ca7ce336db64b2d970d", "type": "ELF", "size": 119056}, {"detection_ratio": [0, 74], "datetime": "1980-01-01 00:00:00", "filename": "lib/armeabi-v7a/libumeng-spy.so", "sha256": "34b858504bc3a866fcb64f9682d50f955c9f0552506b64e9eb7ad129f5d8a282", "type": "ELF", "size": 165600}, {"detection_ratio": [0, 75], "datetime": "1980-01-01 00:00:00", "filename": "lib/armeabi-v7a/libyaqcore_gdtadv.so", "sha256": "3ac89185ee1a75e50c809cf1191d5206a5502e16264c29d3dbe9d4ea3f8a5c51", "type": "ELF", "size": 235164}, {"detection_ratio": [0, 73], "datetime": "1980-01-01 00:00:00", "filename": "lib/armeabi-v7a/libyaqstub_gdtadv.so", "sha256": "2ced0a50d1196b632de8e90aa0c80b2cc953aa96c0dcc018a130aab6ef18031b", "type": "ELF", "size": 13952}, {"detection_ratio": [0, 72], "datetime": "1980-01-01 00:00:00", "filename": "okhttp3/internal/publicsuffix/publicsuffixes.gz", "sha256": "be8da686d208b34e4b3f0bf90aa2e0b7638295641132c3f0caa81b03499032ff", "type": "unknown", "size": 34000}, {"detection_ratio": [0, 73], "datetime": "1980-01-01 00:00:00", "filename": "res/anim-v21/design_bottom_sheet_slide_in.xml", "sha256": "59ef866d33ed377f1f8e0e1b302b111c92c01d31daab9365626e7326530de9e7", "type": "XML", "size": 616}, {"detection_ratio": [0, 73], "datetime": "1980-01-01 00:00:00", "filename": "res/anim-v21/design_bottom_sheet_slide_out.xml", "sha256": "9bfb9d1798832957fc2e17b8a68edc95489779958ebe916dd0614c4748f5049b", "type": "XML", "size": 616}, {"detection_ratio": [0, 73], "datetime": "1980-01-01 00:00:00", "filename": "res/anim/abc_fade_in.xml", "sha256": "1ca9afbfad5bfdd0aef8179a31ada006ad6d32274ad6c1bd3c76e06a424069af", "type": "XML", "size": 388}, {"detection_ratio": [0, 73], "datetime": "1980-01-01 00:00:00", "filename": "res/anim/abc_fade_out.xml", "sha256": "7722a3c50c11219dadc25702683dcdf97b421dc29df34e813ba7315a8dfaaa1d", "type": "XML", "size": 388}, {"detection_ratio": [0, 73], "datetime": "1980-01-01 00:00:00", "filename": "res/anim/abc_grow_fade_in_from_bottom.xml", "sha256": "53fda89f9290d56836fa072c2c558cd55429365f4e6a971d692bb60233c45720", "type": "XML", "size": 852}, {"detection_ratio": [0, 73], "datetime": "1980-01-01 00:00:00", "filename": "res/anim/abc_popup_enter.xml", "sha256": "b7214a13f566e887088a8e3dc59d0529662c1925a7d368143b9c9ed14a609bf6", "type": "XML", "size": 508}, {"detection_ratio": [0, 73], "datetime": "1980-01-01 00:00:00", "filename": "res/anim/abc_popup_exit.xml", "sha256": "bd4cd6ede1af3106b6061ae46a06294d26f10951413d7541ae585627a07596c7", "type": "XML", "size": 508}, {"detection_ratio": [0, 73], "datetime": "1980-01-01 00:00:00", "filename": "res/anim/abc_shrink_fade_out_from_bottom.xml", "sha256": "cf0a43dae215b60188b0bbf2d961239085fcecda70df39c1ed168d9ece66ab3d", "type": "XML", "size": 852}, {"detection_ratio": [0, 73], "datetime": "1980-01-01 00:00:00", "filename": "res/anim/abc_slide_in_bottom.xml", "sha256": "744b4d77cb05790c27dc071979477d45e4eb6104490ddbced13ccc39f19e450f", "type": "XML", "size": 396}, {"detection_ratio": [0, 73], "datetime": "1980-01-01 00:00:00", "filename": "res/anim/abc_slide_in_top.xml", "sha256": "9031dd3dfd6c05cac3a2b301535e0407e01588d9e3ed848a5048a19923d1c5ea", "type": "XML", "size": 396}, {"detection_ratio": [0, 73], "datetime": "1980-01-01 00:00:00", "filename": "res/anim/abc_slide_out_bottom.xml", "sha256": "77e54d612c362c251b9a87fba15e1451bc1fc666bd25d1a5354912545269571a", "type": "XML", "size": 396}, {"detection_ratio": [0, 73], "datetime": "1980-01-01 00:00:00", "filename": "res/anim/abc_slide_out_top.xml", "sha256": "f68a823b57ce01867f086d225069b6674e638961e68c0804edeedbbec0f58719", "type": "XML", "size": 396}, {"detection_ratio": [0, 73], "datetime": "1980-01-01 00:00:00", "filename": "res/anim/abc_tooltip_enter.xml", "sha256": "5539b68ca6db3587f12e851318456a6f99c97e0bf3e9acc2daed011362aa32ca", "type": "XML", "size": 388}, {"detection_ratio": [0, 73], "datetime": "1980-01-01 00:00:00", "filename": "res/anim/abc_tooltip_exit.xml", "sha256": "0996bf2cd8007cfb6a51948e71dc01a500c6d60b91440022139d0f1c24fe0237", "type": "XML", "size": 388}, {"detection_ratio": [0, 73], "datetime": "1980-01-01 00:00:00", "filename": "res/anim/design_bottom_sheet_slide_in.xml", "sha256": "1ecefa8c945dea8953c3fa6133f8d3f5617361b28cc552653f772cbd997c41bc", "type": "XML", "size": 616}, {"detection_ratio": [0, 73], "datetime": "1980-01-01 00:00:00", "filename": "res/anim/design_bottom_sheet_slide_out.xml", "sha256": "71152fff1fe3799759f37da7dde4fb640b434d209eaa93ad9e15e49685edcf92", "type": "XML", "size": 616}, {"detection_ratio": [0, 73], "datetime": "1980-01-01 00:00:00", "filename": "res/anim/design_snackbar_in.xml", "sha256": "5e49b1ab4430e361247b493c1fa1a5a2fc75d9411bcd243b60c0bfc86bc4b89c", "type": "XML", "size": 312}, {"detection_ratio": [0, 73], "datetime": "1980-01-01 00:00:00", "filename": "res/anim/design_snackbar_out.xml", "sha256": "3ded1769049e3a3377c419ca54f385b4a3946b42db0b36fc1ecc65a8b5816dd8", "type": "XML", "size": 312}, {"detection_ratio": [0, 72], "datetime": "1980-01-01 00:00:00", "filename": "res/anim/o_cycle_7.xml", "sha256": "1ced2e2209c1a3b5a178f318c1e15a734254deff39d17b3f321beaba86670fa4", "type": "XML", "size": 104}, {"detection_ratio": [0, 72], "datetime": "1980-01-01 00:00:00", "filename": "res/anim/o_shake.xml", "sha256": "1ced2e2209c1a3b5a178f318c1e15a734254deff39d17b3f321beaba86670fa4", "type": "XML", "size": 104}, {"detection_ratio": [0, 73], "datetime": "1980-01-01 00:00:00", "filename": "res/anim/o_zoomin.xml", "sha256": "601f42d4c28469f0dea5ab2da35f05d05dddf0a474ce7a072eb333eadf703f93", "type": "XML", "size": 656}, {"detection_ratio": [0, 73], "datetime": "1980-01-01 00:00:00", "filename": "res/anim/o_zoomout.xml", "sha256": "1fedbbce7ceccbdb8feed0e92b212c034a690caf3d4bba106716f336e932f13d", "type": "XML", "size": 656}, {"detection_ratio": [0, 73], "datetime": "1980-01-01 00:00:00", "filename": "res/anim/tt_dislike_animation_dismiss.xml", "sha256": "0fec45ed30fe8e5e948eb8dfaa970d36549156a4a3e99766e011b288a8ddaf55", "type": "XML", "size": 352}, {"detection_ratio": [0, 73], "datetime": "1980-01-01 00:00:00", "filename": "res/anim/tt_dislike_animation_show.xml", "sha256": "f552ba8764ace3cfa70186d5417f7064c6dde40616faa36e2dd4227fb506fe2d", "type": "XML", "size": 396}, {"datetime": "1980-01-01 00:00:00", "sha256": "3da3e5657176154b164882d5352e7791a39f8a9cefc52f66af894110c8958b86", "type": "XML", "filename": "res/animator-v21/design_appbar_state_list_animator.xml", "size": 1216}, {"detection_ratio": [0, 73], "datetime": "1980-01-01 00:00:00", "filename": "res/animator/design_fab_hide_motion_spec.xml", "sha256": "a6bfa4968c6533e62630f34d5870e9f7cca79a04e391e1fed46eb4b0e06f56bd", "type": "XML", "size": 796}, {"detection_ratio": [0, 73], "datetime": "1980-01-01 00:00:00", "filename": "res/animator/design_fab_show_motion_spec.xml", "sha256": "a2ee4dc45717873c0353ee95e852d09b726b1cd0793582c5f8c7af790115733c", "type": "XML", "size": 796}, {"detection_ratio": [0, 75], "datetime": "1980-01-01 00:00:00", "filename": "res/animator/mtrl_btn_state_list_anim.xml", "sha256": "c774d70bf23bda3f4e0f91d4b12bfa091a005d019fb625151fc22df9a202050e", "type": "XML", "size": 2664}, {"detection_ratio": [0, 73], "datetime": "1980-01-01 00:00:00", "filename": "res/animator/mtrl_btn_unelevated_state_list_anim.xml", "sha256": "f6828625db23f10e2bda1101738cdc5e18c92b08f84c24a01a3813895bf071fb", "type": "XML", "size": 120}, {"detection_ratio": [0, 76], "datetime": "1980-01-01 00:00:00", "filename": "res/animator/mtrl_chip_state_list_anim.xml", "sha256": "940b5953041f2d19dae72a4b4c97150db5b2badf0b0d3ebcfd39cbe74dad6963", "type": "XML", "size": 1072}, {"detection_ratio": [0, 73], "datetime": "1980-01-01 00:00:00", "filename": "res/animator/mtrl_fab_hide_motion_spec.xml", "sha256": "7c7c6c59b5149833554f9e1c93493479398062affff925199f8dd60cd1239767", "type": "XML", "size": 796}, {"detection_ratio": [0, 76], "datetime": "1980-01-01 00:00:00", "filename": "res/animator/mtrl_fab_show_motion_spec.xml", "sha256": "78d733eff8c8febad9205ea761982d18e79d393b7c096f862dcc076f368d2152", "type": "XML", "size": 796}, {"detection_ratio": [0, 74], "datetime": "1980-01-01 00:00:00", "filename": "res/animator/mtrl_fab_transformation_sheet_collapse_spec.xml", "sha256": "764af44101ace457aa9efebdfcd071ce7d738023dc7c77261c43cda32bbee990", "type": "XML", "size": 1888}, {"detection_ratio": [0, 74], "datetime": "1980-01-01 00:00:00", "filename": "res/animator/mtrl_fab_transformation_sheet_expand_spec.xml", "sha256": "cff4b478c251149dba8cced927706db3141e290d4def8b33745ebacbf8d906ec", "type": "XML", "size": 1888}, {"detection_ratio": [0, 73], "datetime": "1980-01-01 00:00:00", "filename": "res/animator/scale_with_alpha.xml", "sha256": "4e4b03da549aca6d9a1b0303f56bddb6872bc3a7ae1606f54a1a71e4dc903fe5", "type": "XML", "size": 676}, {"detection_ratio": [0, 72], "datetime": "1980-01-01 00:00:00", "filename": "res/color-v21/abc_btn_colored_borderless_text_material.xml", "sha256": "fa0b26d00bccd986569362b762640195863647e91ac9c6fdbcda0a78548363a2", "type": "XML", "size": 464}, {"detection_ratio": [0, 74], "datetime": "1980-01-01 00:00:00", "filename": "res/color-v23/abc_btn_colored_borderless_text_material.xml", "sha256": "8aac2ffec2701c156ea584c6ca2277b0c91a62748c10395f7e3358f6cd2d40d6", "type": "XML", "size": 500}, {"detection_ratio": [0, 73], "datetime": "1980-01-01 00:00:00", "filename": "res/color-v23/abc_btn_colored_text_material.xml", "sha256": "4383e4c5e69df10f7b153ef9b35575cc0e1b3d2fe36d3544738c03e1e0c35a9a", "type": "XML", "size": 500}, {"detection_ratio": [0, 74], "datetime": "1980-01-01 00:00:00", "filename": "res/color-v23/abc_color_highlight_material.xml", "sha256": "29b1cb17850994fab01c950f00f794fb07f17df3cdbb0095f96f588c27e18254", "type": "XML", "size": 544}, {"detection_ratio": [0, 72], "datetime": "1980-01-01 00:00:00", "filename": "res/color-v23/abc_tint_btn_checkable.xml", "sha256": "3c00c18b1c5158b756f1cb335164093e92fecbc9abfb8356d3bfa3cf74564cdc", "type": "XML", "size": 624}, {"detection_ratio": [0, 72], "datetime": "1980-01-01 00:00:00", "filename": "res/color-v23/abc_tint_default.xml", "sha256": "32254245f14c47b109f2f308f1f5f3120980575554242b73ee09bf17e287a71d", "type": "XML", "size": 1120}, {"detection_ratio": [0, 71], "datetime": "1980-01-01 00:00:00", "filename": "res/color-v23/abc_tint_edittext.xml", "sha256": "366d7ab6de17cef9ae1e8b3c69c338c377ccf17d8a08393e2035d647fa523663", "type": "XML", "size": 668}, {"detection_ratio": [0, 73], "datetime": "1980-01-01 00:00:00", "filename": "res/color-v23/abc_tint_seek_thumb.xml", "sha256": "e905461c9e94ab7775abc2aa09d9b5e41cfa021d75fa4d708b83ebe6e78e409d", "type": "XML", "size": 500}, {"detection_ratio": [0, 71], "datetime": "1980-01-01 00:00:00", "filename": "res/color-v23/abc_tint_spinner.xml", "sha256": "366d7ab6de17cef9ae1e8b3c69c338c377ccf17d8a08393e2035d647fa523663", "type": "XML", "size": 668}, {"detection_ratio": [0, 75], "datetime": "1980-01-01 00:00:00", "filename": "res/color-v23/abc_tint_switch_track.xml", "sha256": "14205e1e76a01b406e7eebfaf01ddfa621a0308edc6a5bd625d595c82aa72488", "type": "XML", "size": 664}, {"detection_ratio": [0, 73], "datetime": "1980-01-01 00:00:00", "filename": "res/color-v23/design_tint_password_toggle.xml", "sha256": "c0996c3ed11e7934d3df65df6881e0046f14c18861f92a9fcf61b3872db55543", "type": "XML", "size": 376}, {"detection_ratio": [0, 68], "datetime": "1980-01-01 00:00:00", "filename": "res/color/abc_background_cache_hint_selector_material_dark.xml", "sha256": "fb52990fadf32b897b0fa760fdd909ccdefe33f3773fd82118137b7b88d0858d", "type": "XML", "size": 468}, {"detection_ratio": [0, 71], "datetime": "1980-01-01 00:00:00", "filename": "res/color/abc_background_cache_hint_selector_material_light.xml", "sha256": "f290e3cef04223b79016b779f809429dc81acae057e8ee594fab2acbc703803f", "type": "XML", "size": 468}, {"detection_ratio": [0, 73], "datetime": "1980-01-01 00:00:00", "filename": "res/color/abc_btn_colored_borderless_text_material.xml", "sha256": "4807435dc209b20d0bf2daabe35166b8531506fa3b1fcfc432dd9146418418ca", "type": "XML", "size": 604}, {"detection_ratio": [0, 69], "datetime": "1980-01-01 00:00:00", "filename": "res/color/abc_btn_colored_text_material.xml", "sha256": "5bdd95e7923d752f232ddf7c2e0e4186e335124ec448cb006bffe05644b7e304", "type": "XML", "size": 604}, {"datetime": "1980-01-01 00:00:00", "sha256": "f998799d611aa70f14184815c336b183ac820c3be37251e3bb016fad1de85edb", "type": "XML", "filename": "res/color/abc_hint_foreground_material_dark.xml", "size": 564}, {"datetime": "1980-01-01 00:00:00", "sha256": "06127c8292ab5a560f5d196c5b77ef7dcab9a3cca056f8654a2ea8825d24beb3", "type": "XML", "filename": "res/color/abc_hint_foreground_material_light.xml", "size": 564}, {"detection_ratio": [0, 72], "datetime": "1980-01-01 00:00:00", "filename": "res/color/abc_primary_text_disable_only_material_dark.xml", "sha256": "d27e3977ed80e32530b7c640ef844c898a2b2bb184dccd4cf09f4a5a7d291fb1", "type": "XML", "size": 464}, {"detection_ratio": [0, 69], "datetime": "1980-01-01 00:00:00", "filename": "res/color/abc_primary_text_disable_only_material_light.xml", "sha256": "bd118cee2e0b1c82ca2c8961e679b4b990d3269123d66227a2d2b7e6258cac29", "type": "XML", "size": 464}, {"detection_ratio": [0, 69], "datetime": "1980-01-01 00:00:00", "filename": "res/color/abc_primary_text_material_dark.xml", "sha256": "07960a7dc179a9e89c8647d2485e69ac46d5a1904d0b4a8d7e0ad2450e0e4492", "type": "XML", "size": 464}, {"detection_ratio": [0, 73], "datetime": "1980-01-01 00:00:00", "filename": "res/color/abc_primary_text_material_light.xml", "sha256": "a9954aaa68e29b0c3f242cde4d69cdc0a7a7f2e353340662fe4d484c629c75f2", "type": "XML", "size": 464}, {"detection_ratio": [0, 74], "datetime": "1980-01-01 00:00:00", "filename": "res/color/abc_search_url_text.xml", "sha256": "bd8a18e2bfb141270dc1b122db6f7b23e235ac9038da7ca4697b608831581b83", "type": "XML", "size": 588}, {"detection_ratio": [0, 73], "datetime": "1980-01-01 00:00:00", "filename": "res/color/abc_secondary_text_material_dark.xml", "sha256": "af0354e18f881db1eda1380493982c27735ec4433381ea2157bc7dd384a21ced", "type": "XML", "size": 464}, {"detection_ratio": [0, 73], "datetime": "1980-01-01 00:00:00", "filename": "res/color/abc_secondary_text_material_light.xml", "sha256": "076eec25abce4e23a82a9c65ed6dbb158365a75c82335c6e33d711dc458c54ff", "type": "XML", "size": 464}, {"detection_ratio": [0, 75], "datetime": "1980-01-01 00:00:00", "filename": "res/color/abc_tint_btn_checkable.xml", "sha256": "2ca14983a77096675e52b272378780d260492a74b1ad4f92aae3cf5e5592a5da", "type": "XML", "size": 728}, {"detection_ratio": [0, 75], "datetime": "1980-01-01 00:00:00", "filename": "res/color/abc_tint_default.xml", "sha256": "d36e03d43b3296a60b33d410a2ad86876b9464b570b7d8fbb2fd512a15a28048", "type": "XML", "size": 1224}, {"detection_ratio": [0, 73], "datetime": "1980-01-01 00:00:00", "filename": "res/color/abc_tint_edittext.xml", "sha256": "4f09347c808e38d871742c013f8cf58443a38fe6739defe8b13ec220178ec71e", "type": "XML", "size": 772}, {"detection_ratio": [0, 76], "datetime": "1980-01-01 00:00:00", "filename": "res/color/abc_tint_seek_thumb.xml", "sha256": "c56aeaf2bdcbef546e2d1a6cb9a51950a1dd1fbf79085bf313d1e317f64904d5", "type": "XML", "size": 604}, {"detection_ratio": [0, 74], "datetime": "1980-01-01 00:00:00", "filename": "res/color/abc_tint_spinner.xml", "sha256": "ed1b4bf769febf48f7fe956db1b4780940ad6cd2bcda0ef87a161e0b7ec6bb39", "type": "XML", "size": 772}, {"detection_ratio": [0, 76], "datetime": "1980-01-01 00:00:00", "filename": "res/color/abc_tint_switch_track.xml", "sha256": "804b339b0a2cc14b715ba99a855c770d178e83b01e1ae173c38e8e299525dfc9", "type": "XML", "size": 768}, {"detection_ratio": [0, 72], "datetime": "1980-01-01 00:00:00", "filename": "res/color/design_error.xml", "sha256": "d4da89278ee13b4819aff915de179b0fa6c944d3c3ea2236f29b6a47d8b044fc", "type": "XML", "size": 464}, {"detection_ratio": [0, 71], "datetime": "1980-01-01 00:00:00", "filename": "res/color/design_tint_password_toggle.xml", "sha256": "04ae9a54e5a54f20760c201a2f038c61955beb9cfa744bc696866ad399c86618", "type": "XML", "size": 480}], "uncompressed_size": 14958543}, "execution_parents": ["3b8e4596dbc003a6396ed832acc9b6a806aadd5deed793cabf9cb0f9f806747e"], "androguard": {"Activities": ["com.bitmap.packages.main.ui.activity.DStartActivity", "com.bitmap.packages.main.ui.activity.DStartAdActivity", "com.bitmap.packages.main.ui.activity.DMainActivity", "com.bitmap.packages.user.ui.DLoginRestartActivity", "com.bitmap.packages.adbyte.view.activity.DVideoActivity", "com.bitmap.packages.permission.ui.activity.DPermissionActivity", "com.bitmap.packages.permission.ui.activity.DImeiPermissionActivity", "com.bitmap.packages.html.activity.DWebActivity", "com.bitmap.packages.user.ui.DCenteRActivity", "com.bitmap.packages.office.activity.DExchangeActivity", "com.bitmap.packages.office.activity.DOfficeGoldActivity", "com.bitmap.packages.office.activity.DOfficeSettleActivity", "com.bitmap.packages.video.ui.activity.DStreamVideoPlayerAvtivity", "com.bitmap.packages.user.ui.DCenterAnchorActivity", "com.bitmap.packages.user.ui.DUserMediaActivity", "com.ss.android.socialbase.appdownloader.view.DownloadTaskDeleteActivity", "com.ss.android.socialbase.appdownloader.view.JumpUnknownSourceActivity", "com.ss.android.downloadlib.activity.TTDelegateActivity", "com.bytedance.sdk.openadsdk.activity.TTLandingPageActivity", "com.bytedance.sdk.openadsdk.activity.TTPlayableLandingPageActivity", "com.bytedance.sdk.openadsdk.activity.TTVideoLandingPageActivity", "com.bytedance.sdk.openadsdk.activity.TTRewardVideoActivity", "com.bytedance.sdk.openadsdk.activity.TTRewardExpressVideoActivity", "com.bytedance.sdk.openadsdk.activity.TTFullScreenVideoActivity", "com.bytedance.sdk.openadsdk.activity.TTFullScreenExpressVideoActivity", "com.bytedance.sdk.openadsdk.activity.TTDelegateActivity", "com.qq.e.ads.ADActivity", "com.qq.e.ads.PortraitADActivity", "com.qq.e.ads.LandscapeADActivity", "com.qq.e.ads.RewardvideoPortraitADActivity", "com.qq.e.ads.RewardvideoLandscapeADActivity", "com.um.configure.activity.CoreTTDelegateActivity"], "AndroidVersionCode": "32000", "certificate": {"validto": "2568-06-18 07:48:36", "serialnumber": "1a2f2c38", "Issuer": {"DN": "C:k, CN:ltyhj, L:j, O:u, ST:uy, OU:j", "C": "k", "CN": "ltyhj", "L": "j", "O": "u", "ST": "uy", "OU": "j"}, "thumbprint": "ff3d07c9c1def93f58b4db2a7379f02043f4c801", "validfrom": "2020-11-18 07:48:36", "Subject": {"DN": "C:k, CN:ltyhj, L:j, O:u, ST:uy, OU:j", "C": "k", "CN": "ltyhj", "L": "j", "O": "u", "ST": "uy", "OU": "j"}}, "VTAndroidInfo": 2, "AndroidApplication": 1, "Package": "com.lshd.juliang.klld", "intent-filters": {"Services": {"com.ss.android.socialbase.downloader.downloader.IndependentProcessDownloadService": {"action": ["com.ss.android.socialbase.downloader.remote"]}}, "Activities": {"com.bitmap.packages.main.ui.activity.DStartActivity": {"action": ["android.intent.action.MAIN"], "category": ["android.intent.category.LAUNCHER"]}}, "Receivers": {"com.um.configure.download.service.ApkDownLoadReceiver": {"action": ["android.intent.action.PACKAGE_ADDED", "android.intent.action.PACKAGE_REMOVED", "android.intent.action.PACKAGE_REPLACED", "com.bytedance.intent.action.install.apk", "com.bytedance.intent.action.click_root", "com.bytedance.intent.action.pause_start"]}}}, "Main Activity": "com.bitmap.packages.main.ui.activity.DStartActivity", "Libraries": ["org.apache.http.legacy"], "AndroidApplicationError": false, "Providers": ["com.bytedance.sdk.openadsdk.TTFileProvider", "com.bytedance.sdk.openadsdk.multipro.TTMultiProvider", "com.qq.e.comm.GDTFileProvider", "com.um.configure.manager.AppProvider", "com.um.configure.download.moldel.ApkFileProvider"], "AndroidVersionName": "3.20.00", "RiskIndicator": {"APK": {"DEX": 2, "SHARED LIBRARIES": 17}, "PERM": {"INSTANT": 2, "PRIVACY": 1, "APPOP": 1, "NORMAL": 4, "SYSTEM": 1, "DANGEROUS": 2, "SIGNATURE": 2, "INTERNET": 1}}, "Services": ["com.liulishuo.filedownloader.services.FileDownloadService$SharedMainProcessService", "com.liulishuo.filedownloader.services.FileDownloadService$SeparateProcessService", "com.ss.android.socialbase.downloader.notification.DownloadNotificationService", "com.ss.android.socialbase.downloader.downloader.DownloadService", "com.ss.android.socialbase.downloader.downloader.IndependentProcessDownloadService", "com.ss.android.socialbase.downloader.impls.DownloadHandleService", "com.ss.android.socialbase.downloader.impls.RetryJobSchedulerService", "com.ss.android.socialbase.downloader.downloader.SqlDownloadCacheService", "com.ss.android.socialbase.appdownloader.DownloadHandlerService", "com.bytedance.sdk.openadsdk.multipro.aidl.BinderPoolService", "com.bytedance.tea.crash.upload.CrashUploadService", "com.qq.e.comm.DownloadService", "com.um.configure.download.service.ApkDownloadService"], "MinSdkVersion": "19", "AndroidApplicationInfo": "APK", "TargetSdkVersion": "28", "Receivers": ["com.ss.android.downloadlib.core.download.DownloadReceiver", "com.bytedance.embedapplog.collector.Collector", "com.um.configure.download.service.ApkDownLoadReceiver"], "AndroguardVersion": "3.4.0a1", "Permissions": {"android.permission.READ_EXTERNAL_STORAGE": ["dangerous", "read the contents of your SD card", "Allows the app to read the contents of your SD card."], "android.permission.INTERNET": ["normal|instant", "have full network access", "Allows the app to create\n     network sockets and use custom network protocols. The browser and other\n     applications provide means to send data to the internet, so this\n     permission is not required to send data to the internet."], "android.permission.READ_PRIVILEGED_PHONE_STATE": ["signature|system", "", ""], "com.asus.msa.SupplementaryDID.ACCESS": ["normal", "Unknown permission from android reference", "Unknown permission from android reference"], "android.permission.ACCESS_WIFI_STATE": ["normal", "view Wi-Fi connections", "Allows the app to view information\n      about Wi-Fi networking, such as whether Wi-Fi is enabled and name of\n      connected Wi-Fi devices."], "android.permission.REQUEST_INSTALL_PACKAGES": ["signature|appop", "request install packages", "Allows an application to request installation of packages."], "android.permission.GET_TASKS": ["normal", "retrieve running apps", "Allows the app to retrieve information\n       about currently and recently running tasks.  This may allow the app to\n       discover information about which applications are used on the device."], "android.permission.ACCESS_NETWORK_STATE": ["normal|instant", "view network connections", "Allows the app to view\n      information about network connections such as which networks exist and are\n      connected."], "android.permission.READ_PHONE_STATE": ["dangerous", "read phone status and identity", "Allows the app to access the phone\n      features of the device.  This permission allows the app to determine the\n      phone number and device IDs, whether a call is active, and the remote number\n      connected by a call."], "android.permission.FOREGROUND_SERVICE": ["normal|instant", "run foreground service", "Allows the app to make use of foreground services."], "android.permission.WRITE_EXTERNAL_STORAGE": ["dangerous", "modify or delete the contents of your SD card", "Allows the app to write to the SD card."]}}}, "size": 8801847, "authentihash": null, "times_submitted": 1, "harmless_votes": 0, "malicious_votes": 0, "sha256": "3b8e4596dbc003a6396ed832acc9b6a806aadd5deed793cabf9cb0f9f806747e", "type": "Android", "scans": {"Bkav": {"detected": false, "version": "1.3.0.9899", "result": null, "update": "20211102"}, "Lionic": {"detected": true, "version": "4.2", "result": "Trojan.AndroidOS.Generic.C!c", "update": "20211103"}, "Elastic": {"detected": false, "version": "4.0.29", "result": null, "update": "20211005"}, "Cynet": {"detected": false, "version": "4.0.0.27", "result": null, "update": "20211102"}, "CMC": {"detected": false, "version": "2.10.2019.1", "result": null, "update": "20211026"}, "CAT-QuickHeal": {"detected": false, "version": "14.00", "result": null, "update": "20211102"}, "McAfee": {"detected": false, "version": "6.0.6.653", "result": null, "update": "20211102"}, "ALYac": {"detected": false, "version": "1.1.3.1", "result": null, "update": "20211102"}, "Malwarebytes": {"detected": false, "version": "4.2.2.27", "result": null, "update": "20211102"}, "VIPRE": {"detected": false, "version": "96670", "result": null, "update": "20211102"}, "Sangfor": {"detected": false, "version": "2.9.0.0", "result": null, "update": "20210930"}, "K7AntiVirus": {"detected": false, "version": "11.225.39123", "result": null, "update": "20211102"}, "Alibaba": {"detected": false, "version": "0.3.0.5", "result": null, "update": "20190527"}, "K7GW": {"detected": true, "version": "11.225.39127", "result": "Trojan ( 005752051 )", "update": "20211102"}, "Trustlook": {"detected": false, "version": "1.0", "result": null, "update": "20211103"}, "Arcabit": {"detected": false, "version": "1.0.0.886", "result": null, "update": "20211102"}, "Baidu": {"detected": false, "version": "1.0.0.2", "result": null, "update": "20190318"}, "Cyren": {"detected": true, "version": "6.3.0.2", "result": "AndroidOS/Trojan.IABN-8", "update": "20211102"}, "SymantecMobileInsight": {"detected": true, "version": "2.0", "result": "AppRisk:Generisk", "update": "20210126"}, "Symantec": {"detected": false, "version": "1.16.0.0", "result": null, "update": "20211102"}, "ESET-NOD32": {"detected": true, "version": "24227", "result": "a variant of Android/Packed.Jiagu.D potentially unsafe", "update": "20211102"}, "TrendMicro-HouseCall": {"detected": true, "version": "10.0.0.1040", "result": "Backdoor.Java.ZYX.USELVFQ21", "update": "20211101"}, "Avast": {"detected": false, "version": "21.1.5827.0", "result": null, "update": "20211102"}, "ClamAV": {"detected": false, "version": "0.104.0.0", "result": null, "update": "20211102"}, "Kaspersky": {"detected": false, "version": "21.0.1.45", "result": null, "update": "20211102"}, "BitDefender": {"detected": false, "version": "7.2", "result": null, "update": "20211102"}, "NANO-Antivirus": {"detected": false, "version": "1.0.146.25370", "result": null, "update": "20211102"}, "SUPERAntiSpyware": {"detected": false, "version": "5.6.0.1032", "result": null, "update": "20211030"}, "MicroWorld-eScan": {"detected": false, "version": "14.0.409.0", "result": null, "update": "20211102"}, "Rising": {"detected": false, "version": "25.0.0.26", "result": null, "update": "20211102"}, "Ad-Aware": {"detected": false, "version": "3.0.21.193", "result": null, "update": "20211102"}, "Emsisoft": {"detected": false, "version": "2021.5.0.7597", "result": null, "update": "20211102"}, "Comodo": {"detected": false, "version": "34044", "result": null, "update": "20211102"}, "F-Secure": {"detected": false, "version": "12.0.86.52", "result": null, "update": "20211102"}, "DrWeb": {"detected": false, "version": "7.0.52.8270", "result": null, "update": "20211102"}, "Zillya": {"detected": true, "version": "2.0.0.4487", "result": "Trojan.Ewind.Android.893", "update": "20211102"}, "TrendMicro": {"detected": true, "version": "11.0.0.1006", "result": "Backdoor.Java.ZYX.USELVFQ21", "update": "20211102"}, "McAfee-GW-Edition": {"detected": false, "version": "v2019.1.2+3728", "result": null, "update": "20211102"}, "FireEye": {"detected": false, "version": "32.44.1.0", "result": null, "update": "20211102"}, "Sophos": {"detected": false, "version": "1.4.1.0", "result": null, "update": "20211102"}, "Ikarus": {"detected": true, "version": "0.1.5.2", "result": "PUA.AndroidOS.Jiagu", "update": "20211102"}, "Avast-Mobile": {"detected": true, "version": "211102-00", "result": "APK:RepSandbox [Trj]", "update": "20211102"}, "Jiangmin": {"detected": false, "version": "16.0.100", "result": null, "update": "20211102"}, "Avira": {"detected": false, "version": "8.3.3.12", "result": null, "update": "20211102"}, "Antiy-AVL": {"detected": false, "version": "3.0.0.1", "result": null, "update": "20211102"}, "Kingsoft": {"detected": false, "version": "2017.9.26.565", "result": null, "update": "20211103"}, "Gridinsoft": {"detected": false, "version": "1.0.60.158", "result": null, "update": "20211102"}, "Microsoft": {"detected": true, "version": "1.1.18700.4", "result": "Program:AndroidOS/Multiverze", "update": "20211103"}, "ViRobot": {"detected": false, "version": "2014.3.20.0", "result": null, "update": "20211102"}, "ZoneAlarm": {"detected": false, "version": "1.0", "result": null, "update": "20211102"}, "GData": {"detected": false, "version": "A:25.31226B:27.25011", "result": null, "update": "20211102"}, "BitDefenderFalx": {"detected": false, "version": "2.0.936", "result": null, "update": "20210610"}, "AhnLab-V3": {"detected": false, "version": "3.21.1.10219", "result": null, "update": "20211102"}, "BitDefenderTheta": {"detected": false, "version": "7.2.37796.0", "result": null, "update": "20211021"}, "TACHYON": {"detected": false, "version": "2021-11-02.02", "result": null, "update": "20211102"}, "VBA32": {"detected": false, "version": "5.0.0", "result": null, "update": "20211102"}, "Zoner": {"detected": false, "version": "0.0.0.0", "result": null, "update": "20211102"}, "Tencent": {"detected": true, "version": "1.0.0.1", "result": "a.gray.letang.j", "update": "20211103"}, "Yandex": {"detected": true, "version": "5.5.2.24", "result": "Trojan.Etecer.bVqfhY.8", "update": "20211102"}, "MAX": {"detected": false, "version": "2019.9.16.1", "result": null, "update": "20211103"}, "MaxSecure": {"detected": true, "version": "1.0.0.1", "result": "Android.WIN32.Robtes.dc", "update": "20211102"}, "Fortinet": {"detected": true, "version": "6.2.142.0", "result": "Riskware/PackagingUntrustworthyJiagu!Android", "update": "20211102"}, "Panda": {"detected": false, "version": "4.6.4.2", "result": null, "update": "20211102"}}, "tags": ["apk", "android", "contains-elf", "reflection", "runtime-modules"], "scan_id": "3b8e4596dbc003a6396ed832acc9b6a806aadd5deed793cabf9cb0f9f806747e-1635898240", "unique_sources": 1, "positives": 15, "ssdeep": "196608:i+mc25NsJv/I9SmckFmj3RaLeTvMu4wxQuVyrj8abkTASujFq:DmcvJoQmhFmjBaWRrwZ5Sys", "md5": "33fc055276fc8b6933ec53e22b8cac6b", "permalink": "https://www.virustotal.com/gui/file/3b8e4596dbc003a6396ed832acc9b6a806aadd5deed793cabf9cb0f9f806747e/detection/f-3b8e4596dbc003a6396ed832acc9b6a806aadd5deed793cabf9cb0f9f806747e-1635898240", "sha1": "bf3b5ed13573a6e0708f95159767a677c0477369", "submission": {"submitter_region": "on", "date": "2021-11-03 00:10:40", "submitter_country": "CA", "filename": "33fc055276fc8b6933ec53e22b8cac6b.virus"}, "response_code": 1, "community_reputation": 0, "verbose_msg": "Scan finished, information embedded", "ITW_urls": [], "last_seen": "2021-11-03 00:10:40"}