{"vhash": "c008a2029924368e44c0961abd69529e", "submission_names": ["144a3caa7b31dd3ce04c1228ca6e6157.virus"], "scan_date": "2021-11-03 08:16:18", "first_seen": "2021-11-03 08:16:18", "total": 61, "additional_info": {"exiftool": {"MIMEType": "application/zip", "ZipRequiredVersion": "20", "ZipCRC": "0xc046e27a", "FileType": "ZIP", "ZipCompression": "Deflated", "ZipUncompressedSize": "24", "ZipCompressedSize": "26", "FileTypeExtension": "zip", "ZipFileName": "assets/assets_token.txt", "ZipBitFlag": "0x0808", "ZipModifyDate": "2021:06:22 10:50:06"}, "trid": "Android Package (51.6%)\nJava Archive (18.1%)\nSweet Home 3D design (generic) (14.0%)\nMozilla Archive Format (gen) (9.3%)\nZIP compressed archive (5.3%)", "androguard": {"Activities": ["com.lingjige.location.activity.LocationActivity", "com.lingjige.location.activity.SosActivity", "com.lingjige.location.activity.MimeActivity", "com.lingjige.location.activity.FriendListActivity", "com.lingjige.location.activity.AgentWebviewActivity", "com.lingjige.location.activity.PermissionSettingActivity", "com.lingjige.location.activity.ProtocolActivity", "com.lingjige.location.activity.VipActivity", "com.lingjige.location.activity.ContactActivity", "com.lingjige.location.activity.AddFriendActivity", "com.lingjige.location.activity.MessageActivity", "com.lingjige.location.activity.LocationRecordActivity", "com.lingjige.location.activity.LoginActivity", "com.lingjige.location.activity.SplashActivity", "com.lingjige.location.activity.MainActivity", "com.lingjige.location.activity.WebviewActivity", "com.lingjige.location.activity.ImagePreviewActivity", "com.lingjige.location.wxapi.WXPayEntryActivity", "com.lingjige.location.wxapi.WXEntryActivity", "com.mob.guard.MobTranPullLockActivity", "com.alipay.sdk.app.H5PayActivity", "com.alipay.sdk.app.H5AuthActivity", "com.alipay.sdk.app.PayResultActivity", "com.alipay.sdk.app.AlipayResultActivity", "com.alipay.sdk.app.H5OpenAuthActivity", "com.just.agentweb.ActionActivity", "pub.devrel.easypermissions.AppSettingsDialogHolderActivity", "com.zhihu.matisse.ui.MatisseActivity", "com.zhihu.matisse.internal.ui.AlbumPreviewActivity", "com.zhihu.matisse.internal.ui.SelectedPreviewActivity", "com.mob.tools.MobUIShell", "com.mob.secverify.login.impl.cucc.CuccOAuthProxyActivity", "com.mob.secverify.login.impl.cmcc.CmccOAuthProxyActivity", "cn.com.chinatelecom.account.sdk.ui.AuthActivity", "com.mob.MobTranUpActivity"], "AndroidVersionCode": "6", "certificate": {"validto": "2044-10-06 07:05:26", "serialnumber": "6437c5e9", "Issuer": {"DN": "C:CN", "C": "CN"}, "thumbprint": "8c8c8968bab3c0d9eecf854a48382338ee1e8423", "validfrom": "2019-10-13 07:05:26", "Subject": {"DN": "C:CN", "C": "CN"}}, "VTAndroidInfo": 2, "AndroidApplication": 1, "Package": "com.lingjige.location", "intent-filters": {"Services": {"com.mob.guard.MobGuardUpService": {"action": ["com.mob.intent.MOB_GUARD_SERVICE"]}}, "Activities": {"com.alipay.sdk.app.PayResultActivity": {"category": ["android.intent.category.DEFAULT"]}, "com.lingjige.location.activity.SplashActivity": {"action": ["android.intent.action.MAIN"], "category": ["android.intent.category.LAUNCHER"]}, "com.mob.guard.MobTranPullLockActivity": {"action": ["com.mob.open.app"], "category": ["android.intent.category.DEFAULT"]}, "com.mob.MobTranUpActivity": {"action": ["com.mob.open.app"], "category": ["android.intent.category.DEFAULT"]}}, "Receivers": {"com.mob.guard.MobGuardCommonIdBCReceiver": {"action": ["com.mlive.id"]}}}, "Main Activity": "com.lingjige.location.activity.SplashActivity", "Libraries": ["org.apache.http.legacy"], "AndroidApplicationError": false, "Providers": ["androidx.core.content.FileProvider", "com.just.agentweb.AgentWebFileProvider", "com.mob.MobProvider"], "AndroidVersionName": "1.5.0", "RiskIndicator": {"APK": {"DEX": 4, "APK": 2, "SHARED LIBRARIES": 5, "ZIP": 2}, "PERM": {"INSTANT": 2, "PRIVACY": 7, "DANGEROUS": 2, "NORMAL": 6, "INTERNET": 1, "GPS": 3}}, "Services": ["com.amap.api.location.APSService", "com.mob.guard.MobGuardUpService"], "MinSdkVersion": "21", "AndroidApplicationInfo": "APK", "TargetSdkVersion": "28", "Receivers": ["com.mob.guard.MobGuardCommonIdBCReceiver"], "AndroguardVersion": "3.4.0a1", "Permissions": {"android.permission.ACCESS_FINE_LOCATION": ["dangerous|instant", "access precise location (GPS and\n      network-based)", "This app can get your location based on GPS or network location sources such as cell towers and Wi-Fi networks. These location services must be turned on and available on your phone for the app to be able to use them. This may increase battery consumption."], "android.permission.CHANGE_NETWORK_STATE": ["normal", "change network connectivity", "Allows the app to change the state of network connectivity."], "android.permission.READ_EXTERNAL_STORAGE": ["dangerous", "read the contents of your SD card", "Allows the app to read the contents of your SD card."], "android.permission.ACCESS_LOCATION_EXTRA_COMMANDS": ["normal", "access extra location provider commands", "Allows the app to access\n        extra location provider commands.  This may allow the app to interfere\n        with the operation of the GPS or other location sources."], "android.permission.REQUEST_IGNORE_BATTERY_OPTIMIZATIONS": ["normal", "ask to ignore battery optimizations", "Allows an app to ask for permission to ignore battery optimizations for that app."], "android.permission.READ_PHONE_STATE": ["dangerous", "read phone status and identity", "Allows the app to access the phone\n      features of the device.  This permission allows the app to determine the\n      phone number and device IDs, whether a call is active, and the remote number\n      connected by a call."], "android.permission.READ_CALENDAR": ["dangerous", "Read calendar events and details", "This app can read all calendar events stored on your phone and share or save your calendar data."], "com.asus.msa.SupplementaryDID.ACCESS": ["normal", "Unknown permission from android reference", "Unknown permission from android reference"], "android.permission.ACCESS_WIFI_STATE": ["normal", "view Wi-Fi connections", "Allows the app to view information\n      about Wi-Fi networking, such as whether Wi-Fi is enabled and name of\n      connected Wi-Fi devices."], "android.permission.ACCESS_COARSE_LOCATION": ["dangerous|instant", "access approximate location\n      (network-based)", "This app can get your location based on network sources such as cell towers and Wi-Fi networks. These location services must be turned on and available on your phone for the app to be able to use them."], "android.permission.CHANGE_WIFI_STATE": ["normal", "connect and disconnect from Wi-Fi", "Allows the app to connect to and\n      disconnect from Wi-Fi access points and to make changes to device\n      configuration for Wi-Fi networks."], "android.permission.WRITE_CALENDAR": ["dangerous", "add or modify calendar events and send email to guests without owners' knowledge", "This app can add, remove, or change calendar events on your phone. This app can send messages that may appear to come from calendar owners, or change events without notifying their owners."], "android.permission.READ_CONTACTS": ["dangerous", "read your contacts", "Allows the app to\n      read data about your contacts stored on your phone, including the\n      frequency with which you've called, emailed, or communicated in other ways\n      with specific individuals. This permission allows apps to save your\n      contact data, and malicious apps may share contact data without your\n      knowledge."], "android.permission.ACCESS_NETWORK_STATE": ["normal|instant", "view network connections", "Allows the app to view\n      information about network connections such as which networks exist and are\n      connected."], "android.permission.FOREGROUND_SERVICE": ["normal|instant", "run foreground service", "Allows the app to make use of foreground services."], "android.permission.INTERNET": ["normal|instant", "have full network access", "Allows the app to create\n     network sockets and use custom network protocols. The browser and other\n     applications provide means to send data to the internet, so this\n     permission is not required to send data to the internet."], "android.permission.WRITE_EXTERNAL_STORAGE": ["dangerous", "modify or delete the contents of your SD card", "Allows the app to write to the SD card."], "android.permission.RECORD_AUDIO": ["dangerous|instant", "record audio", "This app can record audio using the microphone at any time."]}}, "magic": "Zip archive data, at least v2.0 to extract", "compressedview": {"highest_datetime": "2021-06-22 10:50:12", "lowest_datetime": "2021-06-22 10:50:06", "num_children": 2171, "extensions": {"dex": 6, "loc": 1, "flb": 1, "zip": 1, "xml": 122, "gz": 1, "tmc": 1, "so": 16, "ini": 1, "txt": 2, "png": 359}, "file_types": {"DEX": 5, "XML": 119, "ZIP": 4, "unknown": 476, "ELF": 16, "JSON": 2, "PNG": 378}, "type": "APK", "children": [{"datetime": "2021-06-22 10:50:06", "sha256": "950e406e77b9d9b2160741b094a1ffa7475c890f09f805d591ec31e44e20426e", "type": "unknown", "filename": "assets/assets_token.txt", "size": 24}, {"detection_ratio": [0, 75], "datetime": "2021-06-22 10:50:06", "filename": "assets/6eb7f4c9ac01aaa3db784d0b435a2c12", "sha256": "50e7d95af1fd4ab4d021522f317935936015d821e5daa3b69be6465a9d6d3319", "type": "unknown", "size": 13}, {"datetime": "2021-06-22 10:50:06", "sha256": "bd5bb0d7cd9939b54552aa448a5faa9456de06c5255a372514ba80def79fb456", "type": "XML", "filename": "AndroidManifest.xml", "size": 17376}, {"detection_ratio": [0, 74], "datetime": "2021-06-22 10:50:06", "filename": "META-INF/0", "sha256": "4e07408562bedb8b60ce05c1decfe3ad16b72230967de01f640b7e4729b49fce", "type": "unknown", "size": 1}, {"detection_ratio": [0, 74], "datetime": "2021-06-22 10:50:06", "filename": "META-INF/1", "sha256": "2e7d2c03a9507ae265ecf5b5356885a53393a2029d241394997265a1a25aefc6", "type": "unknown", "size": 1}, {"detection_ratio": [0, 74], "datetime": "2021-06-22 10:50:06", "filename": "META-INF/10", "sha256": "fcb5f40df9be6bae66c1d77a6c15968866a9e6cbd7314ca432b019d17392f6f4", "type": "unknown", "size": 1}, {"detection_ratio": [0, 73], "datetime": "2021-06-22 10:50:06", "filename": "META-INF/11", "sha256": "5c62e091b8c0565f1bafad0dad5934276143ae2ccef7a5381e8ada5b1a8d26d2", "type": "unknown", "size": 1}, {"detection_ratio": [0, 72], "datetime": "2021-06-22 10:50:06", "filename": "META-INF/12", "sha256": "aaa9402664f1a41f40ebbc52c9993eb66aeb366602958fdfaa283b71e64db123", "type": "unknown", "size": 1}, {"detection_ratio": [0, 73], "datetime": "2021-06-22 10:50:06", "filename": "META-INF/13", "sha256": "19581e27de7ced00ff1ce50b2047e7a567c76b1cbaebabe5ef03f7c3017bb5b7", "type": "unknown", "size": 1}, {"detection_ratio": [0, 74], "datetime": "2021-06-22 10:50:06", "filename": "META-INF/14", "sha256": "8e35c2cd3bf6641bdb0e2050b76932cbb2e6034a0ddacc1d9bea82a6ba57f7cf", "type": "unknown", "size": 1}, {"detection_ratio": [0, 73], "datetime": "2021-06-22 10:50:06", "filename": "META-INF/15", "sha256": "043a718774c572bd8a25adbeb1bfcd5c0256ae11cecf9f9c3f925d0e52beaf89", "type": "unknown", "size": 1}, {"detection_ratio": [0, 73], "datetime": "2021-06-22 10:50:06", "filename": "META-INF/16", "sha256": "3f79bb7b435b05321651daefd374cdc681dc06faa65e374e38337b88ca046dea", "type": "unknown", "size": 1}, {"detection_ratio": [0, 72], "datetime": "2021-06-22 10:50:06", "filename": "META-INF/17", "sha256": "252f10c83610ebca1a059c0bae8255eba2f95be4d1d7bcfa89d7248a82d9f111", "type": "unknown", "size": 1}, {"detection_ratio": [0, 73], "datetime": "2021-06-22 10:50:06", "filename": "META-INF/18", "sha256": "043a718774c572bd8a25adbeb1bfcd5c0256ae11cecf9f9c3f925d0e52beaf89", "type": "unknown", "size": 1}, {"detection_ratio": [0, 74], "datetime": "2021-06-22 10:50:06", "filename": "META-INF/19", "sha256": "f67ab10ad4e4c53121b6a5fe4da9c10ddee905b978d3788d2723d7bfacbe28a9", "type": "unknown", "size": 1}, {"detection_ratio": [0, 73], "datetime": "2021-06-22 10:50:06", "filename": "META-INF/2", "sha256": "148de9c5a7a44d19e56cd9ae1a554bf67847afb0c58f6e12fa29ac7ddfca9940", "type": "unknown", "size": 1}, {"detection_ratio": [0, 73], "datetime": "2021-06-22 10:50:06", "filename": "META-INF/20", "sha256": "148de9c5a7a44d19e56cd9ae1a554bf67847afb0c58f6e12fa29ac7ddfca9940", "type": "unknown", "size": 1}, {"detection_ratio": [0, 73], "datetime": "2021-06-22 10:50:06", "filename": "META-INF/21", "sha256": "e632b7095b0bf32c260fa4c539e9fd7b852d0de454e9be26f24d0d6f91d069d3", "type": "unknown", "size": 1}, {"detection_ratio": [0, 73], "datetime": "2021-06-22 10:50:06", "filename": "META-INF/22", "sha256": "3f39d5c348e5b79d06e842c114e6cc571583bbf44e4b0ebfda1a01ec05745d43", "type": "unknown", "size": 1}, {"detection_ratio": [0, 74], "datetime": "2021-06-22 10:50:06", "filename": "META-INF/23", "sha256": "8de0b3c47f112c59745f717a626932264c422a7563954872e237b223af4ad643", "type": "unknown", "size": 1}, {"detection_ratio": [0, 74], "datetime": "2021-06-22 10:50:06", "filename": "META-INF/24", "sha256": "acac86c0e609ca906f632b0e2dacccb2b77d22b0621f20ebece1a4835b93f6f0", "type": "unknown", "size": 1}, {"detection_ratio": [0, 73], "datetime": "2021-06-22 10:50:06", "filename": "META-INF/25", "sha256": "8c2574892063f995fdf756bce07f46c1a5193e54cd52837ed91e32008ccf41ac", "type": "unknown", "size": 1}, {"detection_ratio": [0, 74], "datetime": "2021-06-22 10:50:06", "filename": "META-INF/26", "sha256": "df7e70e5021544f4834bbee64a9e3789febc4be81470df629cad6ddb03320a5c", "type": "unknown", "size": 1}, {"detection_ratio": [0, 73], "datetime": "2021-06-22 10:50:06", "filename": "META-INF/27", "sha256": "a83dd0ccbffe39d071cc317ddf6e97f5c6b1c87af91919271f9fa140b0508c6c", "type": "unknown", "size": 1}, {"detection_ratio": [0, 73], "datetime": "2021-06-22 10:50:06", "filename": "META-INF/28", "sha256": "e632b7095b0bf32c260fa4c539e9fd7b852d0de454e9be26f24d0d6f91d069d3", "type": "unknown", "size": 1}, {"detection_ratio": [0, 73], "datetime": "2021-06-22 10:50:06", "filename": "META-INF/29", "sha256": "043a718774c572bd8a25adbeb1bfcd5c0256ae11cecf9f9c3f925d0e52beaf89", "type": "unknown", "size": 1}, {"detection_ratio": [0, 74], "datetime": "2021-06-22 10:50:06", "filename": "META-INF/3", "sha256": "72dfcfb0c470ac255cde83fb8fe38de8a128188e03ea5ba5b2a93adbea1062fa", "type": "unknown", "size": 1}, {"detection_ratio": [0, 72], "datetime": "2021-06-22 10:50:06", "filename": "META-INF/30", "sha256": "44bd7ae60f478fae1061e11a7739f4b94d1daf917982d33b6fc8a01a63f89c21", "type": "unknown", "size": 1}, {"detection_ratio": [0, 74], "datetime": "2021-06-22 10:50:06", "filename": "META-INF/31", "sha256": "8ce86a6ae65d3692e7305e2c58ac62eebd97d3d943e093f577da25c36988246b", "type": "unknown", "size": 1}, {"detection_ratio": [1, 71], "datetime": "2021-06-22 10:50:06", "filename": "META-INF/32", "sha256": "08f271887ce94707da822d5263bae19d5519cb3614e0daedc4c7ce5dab7473f1", "type": "unknown", "size": 1}, {"detection_ratio": [0, 74], "datetime": "2021-06-22 10:50:06", "filename": "META-INF/33", "sha256": "50e721e49c013f00c62cf59f2163542a9d8df02464efeb615d31051b0fddc326", "type": "unknown", "size": 1}, {"detection_ratio": [0, 74], "datetime": "2021-06-22 10:50:06", "filename": "META-INF/34", "sha256": "18f5384d58bcb1bba0bcd9e6a6781d1a6ac2cc280c330ecbab6cb7931b721552", "type": "unknown", "size": 1}, {"detection_ratio": [0, 74], "datetime": "2021-06-22 10:50:06", "filename": "META-INF/35", "sha256": "8e35c2cd3bf6641bdb0e2050b76932cbb2e6034a0ddacc1d9bea82a6ba57f7cf", "type": "unknown", "size": 1}, {"detection_ratio": [0, 75], "datetime": "2021-06-22 10:50:06", "filename": "META-INF/36", "sha256": "6da43b944e494e885e69af021f93c6d9331c78aa228084711429160a5bbd15b5", "type": "unknown", "size": 1}, {"detection_ratio": [0, 74], "datetime": "2021-06-22 10:50:06", "filename": "META-INF/37", "sha256": "df7e70e5021544f4834bbee64a9e3789febc4be81470df629cad6ddb03320a5c", "type": "unknown", "size": 1}, {"detection_ratio": [0, 74], "datetime": "2021-06-22 10:50:06", "filename": "META-INF/38", "sha256": "acac86c0e609ca906f632b0e2dacccb2b77d22b0621f20ebece1a4835b93f6f0", "type": "unknown", "size": 1}, {"detection_ratio": [0, 74], "datetime": "2021-06-22 10:50:06", "filename": "META-INF/39", "sha256": "50e721e49c013f00c62cf59f2163542a9d8df02464efeb615d31051b0fddc326", "type": "unknown", "size": 1}, {"detection_ratio": [0, 73], "datetime": "2021-06-22 10:50:06", "filename": "META-INF/4", "sha256": "3f79bb7b435b05321651daefd374cdc681dc06faa65e374e38337b88ca046dea", "type": "unknown", "size": 1}, {"detection_ratio": [0, 72], "datetime": "2021-06-22 10:50:06", "filename": "META-INF/40", "sha256": "ef2d127de37b942baad06145e54b0c619a1f22327b2ebbcfbec78f5564afe39d", "type": "unknown", "size": 1}, {"detection_ratio": [0, 73], "datetime": "2021-06-22 10:50:06", "filename": "META-INF/41", "sha256": "2c624232cdd221771294dfbb310aca000a0df6ac8b66b696d90ef06fdefb64a3", "type": "unknown", "size": 1}, {"detection_ratio": [0, 74], "datetime": "2021-06-22 10:50:06", "filename": "META-INF/42", "sha256": "6b23c0d5f35d1b11f9b683f0b0a617355deb11277d91ae091d399c655b87940d", "type": "unknown", "size": 1}, {"detection_ratio": [0, 73], "datetime": "2021-06-22 10:50:06", "filename": "META-INF/43", "sha256": "18ac3e7343f016890c510e93f935261169d9e3f565436429830faf0934f4f8e4", "type": "unknown", "size": 1}, {"detection_ratio": [0, 74], "datetime": "2021-06-22 10:50:06", "filename": "META-INF/44", "sha256": "7902699be42c8a8e46fbbb4501726517e86b22c56a189f7625a6da49081b2451", "type": "unknown", "size": 1}, {"detection_ratio": [0, 73], "datetime": "2021-06-22 10:50:06", "filename": "META-INF/45", "sha256": "e3b98a4da31a127d4bde6e43033f66ba274cab0eb7eb1c70ec41402bf6273dd8", "type": "unknown", "size": 1}, {"detection_ratio": [1, 71], "datetime": "2021-06-22 10:50:06", "filename": "META-INF/46", "sha256": "08f271887ce94707da822d5263bae19d5519cb3614e0daedc4c7ce5dab7473f1", "type": "unknown", "size": 1}, {"detection_ratio": [0, 74], "datetime": "2021-06-22 10:50:08", "filename": "META-INF/47", "sha256": "2e7d2c03a9507ae265ecf5b5356885a53393a2029d241394997265a1a25aefc6", "type": "unknown", "size": 1}, {"detection_ratio": [0, 74], "datetime": "2021-06-22 10:50:08", "filename": "META-INF/48", "sha256": "4ae81572f06e1b88fd5ced7a1a000945432e83e1551e6f721ee9c00b8cc33260", "type": "unknown", "size": 1}, {"detection_ratio": [0, 72], "datetime": "2021-06-22 10:50:08", "filename": "META-INF/49", "sha256": "e7f6c011776e8db7cd330b54174fd76f7d0216b612387a5ffcfb81e6f0919683", "type": "unknown", "size": 1}, {"detection_ratio": [0, 74], "datetime": "2021-06-22 10:50:08", "filename": "META-INF/5", "sha256": "de5a6f78116eca62d7fc5ce159d23ae6b889b365a1739ad2cf36f925a140d0cc", "type": "unknown", "size": 1}, {"detection_ratio": [0, 72], "datetime": "2021-06-22 10:50:08", "filename": "META-INF/50", "sha256": "aaa9402664f1a41f40ebbc52c9993eb66aeb366602958fdfaa283b71e64db123", "type": "unknown", "size": 1}, {"detection_ratio": [0, 72], "datetime": "2021-06-22 10:50:08", "filename": "META-INF/51", "sha256": "e7f6c011776e8db7cd330b54174fd76f7d0216b612387a5ffcfb81e6f0919683", "type": "unknown", "size": 1}, {"detection_ratio": [0, 73], "datetime": "2021-06-22 10:50:08", "filename": "META-INF/52", "sha256": "5c62e091b8c0565f1bafad0dad5934276143ae2ccef7a5381e8ada5b1a8d26d2", "type": "unknown", "size": 1}, {"detection_ratio": [0, 74], "datetime": "2021-06-22 10:50:08", "filename": "META-INF/53", "sha256": "8254c329a92850f6d539dd376f4816ee2764517da5e0235514af433164480d7a", "type": "unknown", "size": 1}, {"detection_ratio": [0, 73], "datetime": "2021-06-22 10:50:08", "filename": "META-INF/54", "sha256": "5c62e091b8c0565f1bafad0dad5934276143ae2ccef7a5381e8ada5b1a8d26d2", "type": "unknown", "size": 1}, {"detection_ratio": [0, 73], "datetime": "2021-06-22 10:50:08", "filename": "META-INF/55", "sha256": "d4735e3a265e16eee03f59718b9b5d03019c07d8b6c51f90da3a666eec13ab35", "type": "unknown", "size": 1}, {"detection_ratio": [0, 74], "datetime": "2021-06-22 10:50:08", "filename": "META-INF/56", "sha256": "4e07408562bedb8b60ce05c1decfe3ad16b72230967de01f640b7e4729b49fce", "type": "unknown", "size": 1}, {"detection_ratio": [0, 73], "datetime": "2021-06-22 10:50:08", "filename": "META-INF/57", "sha256": "8c2574892063f995fdf756bce07f46c1a5193e54cd52837ed91e32008ccf41ac", "type": "unknown", "size": 1}, {"detection_ratio": [0, 74], "datetime": "2021-06-22 10:50:08", "filename": "META-INF/58", "sha256": "df7e70e5021544f4834bbee64a9e3789febc4be81470df629cad6ddb03320a5c", "type": "unknown", "size": 1}, {"detection_ratio": [1, 71], "datetime": "2021-06-22 10:50:08", "filename": "META-INF/59", "sha256": "08f271887ce94707da822d5263bae19d5519cb3614e0daedc4c7ce5dab7473f1", "type": "unknown", "size": 1}, {"detection_ratio": [0, 73], "datetime": "2021-06-22 10:50:08", "filename": "META-INF/6", "sha256": "62c66a7a5dd70c3146618063c344e531e6d4b59e379808443ce962b3abd63c5a", "type": "unknown", "size": 1}, {"detection_ratio": [0, 73], "datetime": "2021-06-22 10:50:08", "filename": "META-INF/60", "sha256": "559aead08264d5795d3909718cdd05abd49572e84fe55590eef31a88a08fdffd", "type": "unknown", "size": 1}, {"detection_ratio": [0, 73], "datetime": "2021-06-22 10:50:08", "filename": "META-INF/61", "sha256": "a83dd0ccbffe39d071cc317ddf6e97f5c6b1c87af91919271f9fa140b0508c6c", "type": "unknown", "size": 1}, {"detection_ratio": [0, 74], "datetime": "2021-06-22 10:50:08", "filename": "META-INF/62", "sha256": "bbeebd879e1dff6918546dc0c179fdde505f2a21591c9a9c96e36b054ec5af83", "type": "unknown", "size": 1}, {"detection_ratio": [1, 71], "datetime": "2021-06-22 10:50:08", "filename": "META-INF/63", "sha256": "08f271887ce94707da822d5263bae19d5519cb3614e0daedc4c7ce5dab7473f1", "type": "unknown", "size": 1}, {"detection_ratio": [0, 72], "datetime": "2021-06-22 10:50:08", "filename": "META-INF/64", "sha256": "e7f6c011776e8db7cd330b54174fd76f7d0216b612387a5ffcfb81e6f0919683", "type": "unknown", "size": 1}, {"detection_ratio": [0, 74], "datetime": "2021-06-22 10:50:08", "filename": "META-INF/65", "sha256": "a1fce4363854ff888cff4b8e7875d600c2682390412a8cf79b37d0b11148b0fa", "type": "unknown", "size": 1}, {"detection_ratio": [0, 72], "datetime": "2021-06-22 10:50:08", "filename": "META-INF/66", "sha256": "4b227777d4dd1fc61c6f884f48641d02b4d121d3fd328cb08b5531fcacdabf8a", "type": "unknown", "size": 1}, {"detection_ratio": [0, 74], "datetime": "2021-06-22 10:50:08", "filename": "META-INF/67", "sha256": "333e0a1e27815d0ceee55c473fe3dc93d56c63e3bee2b3b4aee8eed6d70191a3", "type": "unknown", "size": 1}, {"detection_ratio": [0, 73], "datetime": "2021-06-22 10:50:08", "filename": "META-INF/68", "sha256": "6b86b273ff34fce19d6b804eff5a3f5747ada4eaa22f1d49c01e52ddb7875b4b", "type": "unknown", "size": 1}, {"detection_ratio": [0, 72], "datetime": "2021-06-22 10:50:08", "filename": "META-INF/69", "sha256": "252f10c83610ebca1a059c0bae8255eba2f95be4d1d7bcfa89d7248a82d9f111", "type": "unknown", "size": 1}, {"detection_ratio": [0, 72], "datetime": "2021-06-22 10:50:08", "filename": "META-INF/7", "sha256": "ef2d127de37b942baad06145e54b0c619a1f22327b2ebbcfbec78f5564afe39d", "type": "unknown", "size": 1}, {"detection_ratio": [0, 74], "datetime": "2021-06-22 10:50:08", "filename": "META-INF/70", "sha256": "4e07408562bedb8b60ce05c1decfe3ad16b72230967de01f640b7e4729b49fce", "type": "unknown", "size": 1}, {"detection_ratio": [0, 73], "datetime": "2021-06-22 10:50:08", "filename": "META-INF/71", "sha256": "4c94485e0c21ae6c41ce1dfe7b6bfaceea5ab68e40a2476f50208e526f506080", "type": "unknown", "size": 1}, {"detection_ratio": [0, 73], "datetime": "2021-06-22 10:50:08", "filename": "META-INF/72", "sha256": "3f79bb7b435b05321651daefd374cdc681dc06faa65e374e38337b88ca046dea", "type": "unknown", "size": 1}, {"detection_ratio": [0, 72], "datetime": "2021-06-22 10:50:08", "filename": "META-INF/73", "sha256": "e7f6c011776e8db7cd330b54174fd76f7d0216b612387a5ffcfb81e6f0919683", "type": "unknown", "size": 1}, {"detection_ratio": [0, 73], "datetime": "2021-06-22 10:50:08", "filename": "META-INF/74", "sha256": "5c62e091b8c0565f1bafad0dad5934276143ae2ccef7a5381e8ada5b1a8d26d2", "type": "unknown", "size": 1}, {"detection_ratio": [0, 74], "datetime": "2021-06-22 10:50:08", "filename": "META-INF/75", "sha256": "2e7d2c03a9507ae265ecf5b5356885a53393a2029d241394997265a1a25aefc6", "type": "unknown", "size": 1}, {"detection_ratio": [0, 74], "datetime": "2021-06-22 10:50:08", "filename": "META-INF/76", "sha256": "8e35c2cd3bf6641bdb0e2050b76932cbb2e6034a0ddacc1d9bea82a6ba57f7cf", "type": "unknown", "size": 1}, {"detection_ratio": [0, 74], "datetime": "2021-06-22 10:50:08", "filename": "META-INF/77", "sha256": "2e7d2c03a9507ae265ecf5b5356885a53393a2029d241394997265a1a25aefc6", "type": "unknown", "size": 1}, {"detection_ratio": [0, 72], "datetime": "2021-06-22 10:50:08", "filename": "META-INF/78", "sha256": "e7f6c011776e8db7cd330b54174fd76f7d0216b612387a5ffcfb81e6f0919683", "type": "unknown", "size": 1}, {"detection_ratio": [0, 74], "datetime": "2021-06-22 10:50:08", "filename": "META-INF/79", "sha256": "7902699be42c8a8e46fbbb4501726517e86b22c56a189f7625a6da49081b2451", "type": "unknown", "size": 1}, {"detection_ratio": [0, 73], "datetime": "2021-06-22 10:50:08", "filename": "META-INF/8", "sha256": "62c66a7a5dd70c3146618063c344e531e6d4b59e379808443ce962b3abd63c5a", "type": "unknown", "size": 1}, {"detection_ratio": [0, 74], "datetime": "2021-06-22 10:50:08", "filename": "META-INF/80", "sha256": "18f5384d58bcb1bba0bcd9e6a6781d1a6ac2cc280c330ecbab6cb7931b721552", "type": "unknown", "size": 1}, {"detection_ratio": [0, 73], "datetime": "2021-06-22 10:50:08", "filename": "META-INF/81", "sha256": "18ac3e7343f016890c510e93f935261169d9e3f565436429830faf0934f4f8e4", "type": "unknown", "size": 1}, {"detection_ratio": [0, 72], "datetime": "2021-06-22 10:50:08", "filename": "META-INF/82", "sha256": "4b227777d4dd1fc61c6f884f48641d02b4d121d3fd328cb08b5531fcacdabf8a", "type": "unknown", "size": 1}, {"detection_ratio": [0, 74], "datetime": "2021-06-22 10:50:08", "filename": "META-INF/83", "sha256": "65c74c15a686187bb6bbf9958f494fc6b80068034a659a9ad44991b08c58f2d2", "type": "unknown", "size": 1}, {"detection_ratio": [0, 74], "datetime": "2021-06-22 10:50:08", "filename": "META-INF/84", "sha256": "f67ab10ad4e4c53121b6a5fe4da9c10ddee905b978d3788d2723d7bfacbe28a9", "type": "unknown", "size": 1}, {"detection_ratio": [0, 73], "datetime": "2021-06-22 10:50:08", "filename": "META-INF/85", "sha256": "86be9a55762d316a3026c2836d044f5fc76e34da10e1b45feee5f18be7edb177", "type": "unknown", "size": 1}, {"detection_ratio": [0, 72], "datetime": "2021-06-22 10:50:08", "filename": "META-INF/86", "sha256": "aaa9402664f1a41f40ebbc52c9993eb66aeb366602958fdfaa283b71e64db123", "type": "unknown", "size": 1}, {"detection_ratio": [0, 74], "datetime": "2021-06-22 10:50:08", "filename": "META-INF/9", "sha256": "4e07408562bedb8b60ce05c1decfe3ad16b72230967de01f640b7e4729b49fce", "type": "unknown", "size": 1}, {"detection_ratio": [0, 74], "datetime": "2021-06-22 10:50:08", "filename": "META-INF/android.support.design_material.version", "sha256": "7f85522cb5f554c82df4a37937f2362c3e28af554ab8bfda7436ac968b1b806b", "type": "unknown", "size": 12}, {"detection_ratio": [0, 73], "datetime": "2021-06-22 10:50:08", "filename": "META-INF/androidx.activity_activity.version", "sha256": "59854984853104df5c353e2f681a15fc7924742f9a2e468c29af248dce45ce03", "type": "unknown", "size": 6}, {"detection_ratio": [0, 72], "datetime": "2021-06-22 10:50:08", "filename": "META-INF/androidx.appcompat_appcompat-resources.version", "sha256": "1e5b51cde515396a9fa762909cf8ca6584ccc564b325d2eebeea76175fe95c4d", "type": "unknown", "size": 6}, {"detection_ratio": [0, 72], "datetime": "2021-06-22 10:50:08", "filename": "META-INF/androidx.appcompat_appcompat.version", "sha256": "1e5b51cde515396a9fa762909cf8ca6584ccc564b325d2eebeea76175fe95c4d", "type": "unknown", "size": 6}, {"detection_ratio": [0, 73], "datetime": "2021-06-22 10:50:08", "filename": "META-INF/androidx.arch.core_core-runtime.version", "sha256": "c28fcca53637bc88e124af1725df13cb98c69dedefd62fb3cdbe1cdb6b760624", "type": "unknown", "size": 6}, {"detection_ratio": [0, 73], "datetime": "2021-06-22 10:50:08", "filename": "META-INF/androidx.asynclayoutinflater_asynclayoutinflater.version", "sha256": "59854984853104df5c353e2f681a15fc7924742f9a2e468c29af248dce45ce03", "type": "unknown", "size": 6}, {"detection_ratio": [0, 73], "datetime": "2021-06-22 10:50:08", "filename": "META-INF/androidx.cardview_cardview.version", "sha256": "59854984853104df5c353e2f681a15fc7924742f9a2e468c29af248dce45ce03", "type": "unknown", "size": 6}, {"detection_ratio": [0, 73], "datetime": "2021-06-22 10:50:08", "filename": "META-INF/androidx.coordinatorlayout_coordinatorlayout.version", "sha256": "59854984853104df5c353e2f681a15fc7924742f9a2e468c29af248dce45ce03", "type": "unknown", "size": 6}, {"detection_ratio": [0, 75], "datetime": "2021-06-22 10:50:08", "filename": "META-INF/androidx.core_core-ktx.version", "sha256": "44e161e4495cac2cf7858043e9e6418e9579f0ddcfae826f9a372622968ce066", "type": "unknown", "size": 6}, {"detection_ratio": [0, 72], "datetime": "2021-06-22 10:50:08", "filename": "META-INF/androidx.core_core.version", "sha256": "64d23f858ef51b0f996e4966d4e27c0371b437e2d2787890b1f7ad22d4ec5663", "type": "unknown", "size": 6}], "uncompressed_size": 42431813}}, "size": 30711904, "authentihash": null, "times_submitted": 1, "harmless_votes": 0, "malicious_votes": 0, "sha256": "406a4a24afa795c0f8bb5fb7ac714d228529a941110992acbc8fc9ce24839a26", "type": "Android", "scans": {"Bkav": {"detected": false, "version": "1.3.0.9899", "result": null, "update": "20211102"}, "Lionic": {"detected": false, "version": "4.2", "result": null, "update": "20211103"}, "Elastic": {"detected": false, "version": "4.0.29", "result": null, "update": "20211005"}, "MicroWorld-eScan": {"detected": false, "version": "14.0.409.0", "result": null, "update": "20211103"}, "CMC": {"detected": false, "version": "2.10.2019.1", "result": null, "update": "20211026"}, "CAT-QuickHeal": {"detected": true, "version": "14.00", "result": "Android.Kyview.A7be (AdWare)", "update": "20211103"}, "McAfee": {"detected": true, "version": "6.0.6.653", "result": "Artemis!4300F16BEE72", "update": "20211103"}, "Malwarebytes": {"detected": false, "version": "4.2.2.27", "result": null, "update": "20211103"}, "VIPRE": {"detected": false, "version": "96678", "result": null, "update": "20211103"}, "Sangfor": {"detected": false, "version": "2.9.0.0", "result": null, "update": "20210930"}, "K7AntiVirus": {"detected": false, "version": "11.225.39131", "result": null, "update": "20211103"}, "Alibaba": {"detected": false, "version": "0.3.0.5", "result": null, "update": "20190527"}, "K7GW": {"detected": true, "version": "11.225.39131", "result": "Trojan ( 0052d2661 )", "update": "20211103"}, "Trustlook": {"detected": true, "version": "1.0", "result": "Android.Malware.General (score:6)", "update": "20211103"}, "Arcabit": {"detected": false, "version": "1.0.0.886", "result": null, "update": "20211103"}, "Baidu": {"detected": false, "version": "1.0.0.2", "result": null, "update": "20190318"}, "Cyren": {"detected": false, "version": "6.3.0.2", "result": null, "update": "20211103"}, "SymantecMobileInsight": {"detected": true, "version": "2.0", "result": "AppRisk:Generisk", "update": "20210126"}, "Symantec": {"detected": false, "version": "1.16.0.0", "result": null, "update": "20211103"}, "ESET-NOD32": {"detected": true, "version": "24229", "result": "multiple detections", "update": "20211103"}, "TrendMicro-HouseCall": {"detected": false, "version": "10.0.0.1040", "result": null, "update": "20211101"}, "Avast": {"detected": false, "version": "21.1.5827.0", "result": null, "update": "20211103"}, "ClamAV": {"detected": false, "version": "0.104.0.0", "result": null, "update": "20211102"}, "Kaspersky": {"detected": false, "version": "21.0.1.45", "result": null, "update": "20211103"}, "BitDefender": {"detected": false, "version": "7.2", "result": null, "update": "20211103"}, "NANO-Antivirus": {"detected": false, "version": "1.0.146.25370", "result": null, "update": "20211103"}, "SUPERAntiSpyware": {"detected": false, "version": "5.6.0.1032", "result": null, "update": "20211030"}, "Rising": {"detected": false, "version": "25.0.0.26", "result": null, "update": "20211103"}, "Ad-Aware": {"detected": false, "version": "3.0.21.193", "result": null, "update": "20211103"}, "Emsisoft": {"detected": false, "version": "2021.5.0.7597", "result": null, "update": "20211103"}, "Comodo": {"detected": false, "version": "34044", "result": null, "update": "20211102"}, "F-Secure": {"detected": false, "version": "12.0.86.52", "result": null, "update": "20211103"}, "DrWeb": {"detected": true, "version": "7.0.52.8270", "result": "Android.RemoteCode.300.origin", "update": "20211103"}, "Zillya": {"detected": true, "version": "2.0.0.4487", "result": "Downloader.Agent.Android.40574", "update": "20211102"}, "TrendMicro": {"detected": false, "version": "11.0.0.1006", "result": null, "update": "20211103"}, "McAfee-GW-Edition": {"detected": true, "version": "v2019.1.2+3728", "result": "Artemis", "update": "20211102"}, "FireEye": {"detected": false, "version": "32.44.1.0", "result": null, "update": "20211103"}, "Sophos": {"detected": false, "version": "1.4.1.0", "result": null, "update": "20211103"}, "Ikarus": {"detected": true, "version": "0.1.5.2", "result": "PUA.AndroidOS.Jiagu", "update": "20211102"}, "Avast-Mobile": {"detected": true, "version": "211102-00", "result": "APK:CRepMalware [Trj]", "update": "20211102"}, "Jiangmin": {"detected": false, "version": "16.0.100", "result": null, "update": "20211102"}, "Avira": {"detected": false, "version": "8.3.3.12", "result": null, "update": "20211103"}, "Antiy-AVL": {"detected": false, "version": "3.0.0.1", "result": null, "update": "20211103"}, "Kingsoft": {"detected": false, "version": "2017.9.26.565", "result": null, "update": "20211103"}, "Gridinsoft": {"detected": false, "version": "1.0.60.158", "result": null, "update": "20211103"}, "Microsoft": {"detected": true, "version": "1.1.18700.4", "result": "PUA:Win32/Puamson.A!ml", "update": "20211103"}, "ViRobot": {"detected": false, "version": "2014.3.20.0", "result": null, "update": "20211103"}, "ZoneAlarm": {"detected": false, "version": "1.0", "result": null, "update": "20211102"}, "GData": {"detected": false, "version": "A:25.31229B:27.25015", "result": null, "update": "20211103"}, "BitDefenderFalx": {"detected": true, "version": "2.0.936", "result": "Android.Riskware.Agent.DRP", "update": "20210610"}, "AhnLab-V3": {"detected": true, "version": "3.21.1.10219", "result": "PUP/Android.Resharer.1050145", "update": "20211103"}, "BitDefenderTheta": {"detected": false, "version": "7.2.37796.0", "result": null, "update": "20211021"}, "TACHYON": {"detected": false, "version": "2021-11-03.02", "result": null, "update": "20211103"}, "VBA32": {"detected": false, "version": "5.0.0", "result": null, "update": "20211102"}, "Zoner": {"detected": false, "version": "0.0.0.0", "result": null, "update": "20211102"}, "Tencent": {"detected": true, "version": "1.0.0.1", "result": "a.gray.plugingame.d", "update": "20211103"}, "Yandex": {"detected": true, "version": "5.5.2.24", "result": "Trojan.Etecer.bVqfhY.8", "update": "20211103"}, "MAX": {"detected": false, "version": "2019.9.16.1", "result": null, "update": "20211103"}, "MaxSecure": {"detected": true, "version": "1.0.0.1", "result": "Android.WIN32.Robtes.dc", "update": "20211102"}, "Fortinet": {"detected": true, "version": "6.2.142.0", "result": "Android/Dloader.WU!tr", "update": "20211103"}, "Panda": {"detected": false, "version": "4.6.4.2", "result": null, "update": "20211102"}}, "tags": ["apk", "android", "contains-elf"], "scan_id": "406a4a24afa795c0f8bb5fb7ac714d228529a941110992acbc8fc9ce24839a26-1635927378", "unique_sources": 1, "positives": 18, "ssdeep": "786432:LaZT7MBYUJ8RKIlyOZbDhZ5+S3f2Csr2RRc/pOgAF:LaZT4SxlyqfhSEf2C3LPgi", "md5": "144a3caa7b31dd3ce04c1228ca6e6157", "permalink": "https://www.virustotal.com/gui/file/406a4a24afa795c0f8bb5fb7ac714d228529a941110992acbc8fc9ce24839a26/detection/f-406a4a24afa795c0f8bb5fb7ac714d228529a941110992acbc8fc9ce24839a26-1635927378", "sha1": "eea505795615960fa68377bb6193d6f409aa9494", "submission": {"submitter_region": "on", "date": "2021-11-03 08:16:18", "submitter_country": "CA", "filename": "144a3caa7b31dd3ce04c1228ca6e6157.virus"}, "response_code": 1, "community_reputation": 0, "verbose_msg": "Scan finished, information embedded", "ITW_urls": [], "last_seen": "2021-11-03 08:16:18"}