{"vhash": "8153049a65e5b4109b42b657587bc48a", "submission_names": ["4dc3d31060d4542f937b27040230d85d.virus"], "scan_date": "2021-11-03 08:28:49", "first_seen": "2021-11-03 08:28:49", "total": 60, "additional_info": {"exiftool": {"MIMEType": "application/zip", "ZipRequiredVersion": "20", "ZipCRC": "0x48eb0eec", "FileType": "ZIP", "ZipCompression": "Deflated", "ZipUncompressedSize": "15768", "ZipCompressedSize": "2835", "FileTypeExtension": "zip", "ZipFileName": "AndroidManifest.xml", "ZipBitFlag": "0x0808", "ZipModifyDate": "2008:02:29 10:33:46"}, "trid": "Android Package (57.0%)\nJava Archive (20.0%)\nSweet Home 3D design (generic) (15.5%)\nZIP compressed archive (5.9%)\nPrintFox/Pagefox bitmap (640x800) (1.4%)", "androguard": {"Activities": ["com.androlua.Main", "com.tencent.connect.common.AssistActivity", "com.tencent.tauth.AuthActivity", "com.androlua.LuaActivity", "com.androlua.LuaActivityX", "com.androlua.Welcome", "com.branch.www.screencapture.ScreenCaptureActivity"], "AndroidVersionCode": "9", "certificate": {"validto": "2035-07-17 01:33:46", "serialnumber": "936eacbe07f201df", "Issuer": {"DN": "C:US, CN:Android, L:Mountain View, O:Android, ST:California, OU:Android, email:android@android.com", "C": "US", "CN": "Android", "L": "Mountain View", "O": "Android", "ST": "California", "OU": "Android", "email": "android@android.com"}, "thumbprint": "61ed377e85d386a8dfee6b864bd85b0bfaa5af81", "validfrom": "2008-02-29 01:33:46", "Subject": {"DN": "C:US, CN:Android, L:Mountain View, O:Android, ST:California, OU:Android, email:android@android.com", "C": "US", "CN": "Android", "L": "Mountain View", "O": "Android", "ST": "California", "OU": "Android", "email": "android@android.com"}}, "VTAndroidInfo": 2, "AndroidApplication": 1, "Package": "com.ta.cnn", "AndroidApplicationError": false, "intent-filters": {"Services": {"com.androlua.LuaAccessibilityService": {"action": ["android.accessibilityservice.AccessibilityService"], "category": ["android.accessibilityservice.category.FEEDBACK_AUDIBLE", "android.accessibilityservice.category.FEEDBACK_HAPTIC", "android.accessibilityservice.category.FEEDBACK_SPOKEN"]}}, "Activities": {"com.androlua.LuaActivity": {"action": ["android.intent.action.VIEW", "android.intent.action.EDIT"], "category": ["android.intent.category.DEFAULT", "android.intent.category.BROWSABLE"]}, "com.androlua.Main": {"action": ["android.intent.action.VIEW", "android.intent.action.EDIT"], "category": ["android.intent.category.DEFAULT", "android.intent.category.BROWSABLE"]}, "com.tencent.tauth.AuthActivity": {"action": ["android.intent.action.VIEW"], "category": ["android.intent.category.DEFAULT", "android.intent.category.BROWSABLE"]}, "com.androlua.Welcome": {"action": ["android.intent.action.MAIN"], "category": ["android.intent.category.LAUNCHER"]}}}, "Main Activity": "com.androlua.Welcome", "StringsInformation": ["http://appsupport.qq.com/cgi-bin/qzapps/mapp_addapp.cgi", "http://cgi.connect.qq.com/qqconnectopen/openapi/policy_conf", "http://datax.baidu.com/xs.gif", "http://dxp.baidu.com/upgrade", "http://fusion.qq.com/cgi-bin/qzapps/unified_jump?appid=%1$s&from=%2$s&isOpenAppID=1", "http://hmma.baidu.com/app.gif", "http://openmobile.qq.com/oauth2.0/m_jump_by_version?", "http://openrcv.baidu.com/1010/bplus.gif", "http://qzs.qq.com", "http://qzs.qq.com/open/mobile/invite/sdk_invite.html?", "http://qzs.qq.com/open/mobile/login/qzsjump.html?", "http://qzs.qq.com/open/mobile/request/sdk_request.html?", "http://qzs.qq.com/open/mobile/sendstory/sdk_sendstory_v1.3.html?", "http://schemas.android.com/apk/res/android", "https://appsupport.qq.com/cgi-bin/appstage/mstats_batch_report", "https://datax.baidu.com/xs.gif", "https://dxp.baidu.com/upgrade", "https://graph.qq.com/oauth2.0/me", "https://hmma.baidu.com/app.gif", "https://huatuocode.huatuo.qq.com", "https://openmobile.qq.com/", "https://openmobile.qq.com/oauth2.0/m_authorize?", "https://openmobile.qq.com/user/user_login_statis", "https://openmobile.qq.com/v3/user/get_info", "https://openrcv.baidu.com/1010/bplus.gif", "https://wspeed.qq.com/w.cgi"], "Providers": ["android.content.FileProvider"], "AndroidVersionName": "v2.0\u3000", "RiskIndicator": {"APK": {"DEX": 1, "SHARED LIBRARIES": 1}, "PERM": {"DANGEROUS": 1}}, "Services": ["com.androlua.LuaService", "com.androlua.LuaAccessibilityService"], "MinSdkVersion": "21", "AndroidApplicationInfo": "APK", "TargetSdkVersion": "21", "AndroguardVersion": "3.4.0a1", "Permissions": {"android.permission.WRITE_EXTERNAL_STORAGE": ["dangerous", "modify or delete the contents of your SD card", "Allows the app to write to the SD card."]}}, "magic": "Zip archive data, at least v2.0 to extract", "compressedview": {"highest_datetime": "2008-02-29 10:33:46", "lowest_datetime": "2008-02-29 10:33:46", "num_children": 485, "extensions": {"dex": 1, "xml": 214, "MF": 1, "RSA": 1, "jpg": 1, "lua": 7, "so": 1, "mp3": 1, "SF": 1, "png": 256}, "file_types": {"DEX": 1, "XML": 214, "unknown": 12, "ELF": 1, "JPG": 1, "PNG": 256}, "type": "APK", "children": [{"datetime": "2008-02-29 10:33:46", "sha256": "e48fb1880ac4efff7e8f3de774a817f9ed12cc47d5be7b4e4526599cb8915024", "type": "XML", "filename": "AndroidManifest.xml", "size": 15768}, {"datetime": "2008-02-29 10:33:46", "sha256": "329cc51c1a495e12c804ced607d650e8a64844e90b60c2100123c7295b2c88f8", "type": "PNG", "filename": "assets/catch_.me_.if_.you_.can_.png", "size": 14517}, {"datetime": "2008-02-29 10:33:46", "sha256": "78dce9728c632406bce4526518171fc3615ddaabc9f15d029dd0dfae1be6242e", "type": "unknown", "filename": "assets/init.lua", "size": 289}, {"datetime": "2008-02-29 10:33:46", "sha256": "4dec5bd53bd63cb22c2476365d6703a9374ff034a142f721bf39a10819eccb60", "type": "unknown", "filename": "assets/layout.lua", "size": 283}, {"datetime": "2008-02-29 10:33:46", "sha256": "bede7fc718a03115437cfd118339b33c5da69256116815c3a479d440eb20e46f", "type": "unknown", "filename": "assets/main.lua", "size": 1643}, {"datetime": "2008-02-29 10:33:46", "sha256": "1853606b7ab0cd266b2ac8528552ee1e907b4199a80b0182affff953d7e49926", "type": "unknown", "filename": "assets/mc.mp3", "size": 620678}, {"detection_ratio": [12, 73], "datetime": "2008-02-29 10:33:46", "filename": "classes.dex", "sha256": "28f798d59a79cff618d8405df4943dcc0e46a46ec6f0f310d6382af3eb10996a", "type": "DEX", "size": 3584024}, {"detection_ratio": [0, 74], "datetime": "2008-02-29 10:33:46", "filename": "lib/armeabi-v7a/libluajava.so", "sha256": "3d4d842fdd4950eec48683e81911473df5b507c000d42019bd0d9141dca63e7a", "type": "ELF", "size": 240768}, {"detection_ratio": [0, 73], "datetime": "2008-02-29 10:33:46", "filename": "lua/import.lua", "sha256": "5d284bd5ffb3fe303a82dcfe5fe68a9032cde3080794d6d67aa49dba41b8875c", "type": "unknown", "size": 8787}, {"detection_ratio": [0, 76], "datetime": "2008-02-29 10:33:46", "filename": "lua/loadbitmap.lua", "sha256": "f52a639bb91d53d20ed96b6565bdf4886975b7e2712e1fb102257c8ed265a093", "type": "unknown", "size": 530}, {"detection_ratio": [0, 76], "datetime": "2008-02-29 10:33:46", "filename": "lua/loadlayout.lua", "sha256": "33f4bc2ea31951b39ce2cc0d3edeac87db1337624f3e2a99e350d14edf563bca", "type": "unknown", "size": 13509}, {"detection_ratio": [0, 75], "datetime": "2008-02-29 10:33:46", "filename": "lua/loadmenu.lua", "sha256": "d085cb44ce5905320db972ce490a56df468723d3736a5582d6a984ae137c23a1", "type": "unknown", "size": 937}, {"detection_ratio": [0, 75], "datetime": "2008-02-29 10:33:46", "filename": "res/anim-v21/design_bottom_sheet_slide_in.xml", "sha256": "b36351da94668dd44825a933147b5a83943cb9bc92132ed956f99c7d5908051c", "type": "XML", "size": 620}, {"detection_ratio": [0, 74], "datetime": "2008-02-29 10:33:46", "filename": "res/anim-v21/design_bottom_sheet_slide_out.xml", "sha256": "0942b8440f98f6f234979e1324aec495f6ad87637006efa5745952e8a44fff87", "type": "XML", "size": 620}, {"detection_ratio": [0, 73], "datetime": "2008-02-29 10:33:46", "filename": "res/anim/abc_fade_in.xml", "sha256": "aac9596dcef2ac796b74f2c2b4c149e9a66b004e864b37e82270752c66b1234d", "type": "XML", "size": 396}, {"detection_ratio": [0, 73], "datetime": "2008-02-29 10:33:46", "filename": "res/anim/abc_fade_out.xml", "sha256": "b13a8275d8ff8077b29b8413c6809ca3ff05fc16698ac2564ffc3b3325cf8302", "type": "XML", "size": 396}, {"detection_ratio": [0, 75], "datetime": "2008-02-29 10:33:46", "filename": "res/anim/abc_grow_fade_in_from_bottom.xml", "sha256": "587c69c197b7c83b09bfe5d81cbd275c70f8e224be01b8ddc2cc1b5c0e01d3aa", "type": "XML", "size": 860}, {"detection_ratio": [0, 72], "datetime": "2008-02-29 10:33:46", "filename": "res/anim/abc_popup_enter.xml", "sha256": "2a257c055aa717c6a91c495b709ce4003f6b5c30cb84e89b0b9aa7e27920b3cc", "type": "XML", "size": 512}, {"detection_ratio": [0, 75], "datetime": "2008-02-29 10:33:46", "filename": "res/anim/abc_popup_exit.xml", "sha256": "f6e85c15e118a85a263f44d8f10aee896558893f7ff93f25ddd81489c3047144", "type": "XML", "size": 512}, {"detection_ratio": [0, 75], "datetime": "2008-02-29 10:33:46", "filename": "res/anim/abc_shrink_fade_out_from_bottom.xml", "sha256": "7e7792b39e6b815f2504a29ec7cb0141ebf1ddd3b8dfe8b8f39caade8f3ca753", "type": "XML", "size": 860}, {"detection_ratio": [0, 71], "datetime": "2008-02-29 10:33:46", "filename": "res/anim/abc_slide_in_bottom.xml", "sha256": "18a752f91c63b61542bd743fab11657ccb0e11df795410c9cbb7b23b94651335", "type": "XML", "size": 400}, {"detection_ratio": [0, 73], "datetime": "2008-02-29 10:33:46", "filename": "res/anim/abc_slide_in_top.xml", "sha256": "05cc140039277e0a2299e4d1650ee39f7d12ff5e09cecf84067c9f2f340ecd06", "type": "XML", "size": 400}, {"detection_ratio": [0, 72], "datetime": "2008-02-29 10:33:46", "filename": "res/anim/abc_slide_out_bottom.xml", "sha256": "e33c8ff0e038ba561eac7101963096094d58b5f1a748c1067bad5290328148df", "type": "XML", "size": 400}, {"detection_ratio": [0, 71], "datetime": "2008-02-29 10:33:46", "filename": "res/anim/abc_slide_out_top.xml", "sha256": "2f5ba7fce4651ca8fcf598e8bb6df46b4d32912606c5d20a39de9b0554971105", "type": "XML", "size": 400}, {"detection_ratio": [0, 75], "datetime": "2008-02-29 10:33:46", "filename": "res/anim/design_bottom_sheet_slide_in.xml", "sha256": "650c5f701e89d1ff1fb285834d11988030dad14acb6a20719e42dd049418234a", "type": "XML", "size": 620}, {"detection_ratio": [0, 75], "datetime": "2008-02-29 10:33:46", "filename": "res/anim/design_bottom_sheet_slide_out.xml", "sha256": "e6dba2a506c806bb64f3da067dc03d26fcefaec958d77d7ac90886a4b89a15c2", "type": "XML", "size": 620}, {"detection_ratio": [0, 75], "datetime": "2008-02-29 10:33:46", "filename": "res/anim/design_fab_in.xml", "sha256": "ff13005af7509671c85c02769a9bfb16a0b9b84d4e7b24319517e73972e14340", "type": "XML", "size": 688}, {"detection_ratio": [0, 74], "datetime": "2008-02-29 10:33:46", "filename": "res/anim/design_fab_out.xml", "sha256": "8d6c62ac13faad6c48ffdd65554b6400f1d8eda7cd7f6359d4b30315c2a1535c", "type": "XML", "size": 688}, {"detection_ratio": [0, 73], "datetime": "2008-02-29 10:33:46", "filename": "res/anim/design_snackbar_in.xml", "sha256": "15b19973d58230704e843abf57e38f1ba4a144b46941a12146bfef1790db4cfc", "type": "XML", "size": 320}, {"detection_ratio": [0, 75], "datetime": "2008-02-29 10:33:46", "filename": "res/anim/design_snackbar_out.xml", "sha256": "7e0a1ff66d2b4742edaa05591a4946d7b252ad4be3f119d4a8ac610a744d8b1a", "type": "XML", "size": 320}, {"detection_ratio": [0, 71], "datetime": "2008-02-29 10:33:46", "filename": "res/animator-v21/design_appbar_state_list_animator.xml", "sha256": "7f9a131692d20e2c06cfc74468d00bf613d7620a6a6c15c5c61c99a7b8217a74", "type": "XML", "size": 1228}, {"detection_ratio": [0, 75], "datetime": "2008-02-29 10:33:46", "filename": "res/color-v11/abc_background_cache_hint_selector_material_dark.xml", "sha256": "006cca832c33ac9d186743e21bac0e4a3858377f0aba8aca71377b1a9e0ce804", "type": "XML", "size": 472}, {"detection_ratio": [0, 75], "datetime": "2008-02-29 10:33:46", "filename": "res/color-v11/abc_background_cache_hint_selector_material_light.xml", "sha256": "9bb3504f8dab72ddae926f8be0cb19042dbec89e71734ebe5de65031d1bcb41b", "type": "XML", "size": 472}, {"detection_ratio": [0, 75], "datetime": "2008-02-29 10:33:46", "filename": "res/color-v23/abc_btn_colored_borderless_text_material.xml", "sha256": "2678422d5ecc736a57304e808ac3b7294ccfad96e0701976b762d33e1f77a57d", "type": "XML", "size": 504}, {"detection_ratio": [0, 74], "datetime": "2008-02-29 10:33:46", "filename": "res/color-v23/abc_btn_colored_text_material.xml", "sha256": "4154d8d0b2cb4bcf157e16f1015ed8da0a1a9282aa986699d5cac5b530483f5f", "type": "XML", "size": 504}, {"detection_ratio": [0, 65], "datetime": "2008-02-29 10:33:46", "filename": "res/color-v23/abc_color_highlight_material.xml", "sha256": "a63086bf8f8d74989f5b26082a27fd3516f6cc09624acfb3ae2fd87591d73a72", "type": "XML", "size": 548}, {"detection_ratio": [0, 74], "datetime": "2008-02-29 10:33:46", "filename": "res/color-v23/abc_tint_btn_checkable.xml", "sha256": "9551e125ad6fff543731af570ed288f9348e526cb7ed913d38a163929cb91d19", "type": "XML", "size": 628}, {"detection_ratio": [0, 75], "datetime": "2008-02-29 10:33:46", "filename": "res/color-v23/abc_tint_default.xml", "sha256": "889f42311dfc00c8a96a789fa1d8344266bf4c9bf9ee20b7134939ceaefa4041", "type": "XML", "size": 1128}, {"detection_ratio": [0, 75], "datetime": "2008-02-29 10:33:46", "filename": "res/color-v23/abc_tint_edittext.xml", "sha256": "7c60745a440e73c89f559be3c117bedd054956a8708c555361f9ce1b7be99ac1", "type": "XML", "size": 672}, {"detection_ratio": [0, 75], "datetime": "2008-02-29 10:33:46", "filename": "res/color-v23/abc_tint_seek_thumb.xml", "sha256": "d58d58a866eaff7425dfdcaec993dec7caf1bf281e4e99652f0811a90ea94b6b", "type": "XML", "size": 504}, {"detection_ratio": [0, 75], "datetime": "2008-02-29 10:33:46", "filename": "res/color-v23/abc_tint_spinner.xml", "sha256": "7c60745a440e73c89f559be3c117bedd054956a8708c555361f9ce1b7be99ac1", "type": "XML", "size": 672}, {"detection_ratio": [0, 75], "datetime": "2008-02-29 10:33:46", "filename": "res/color-v23/abc_tint_switch_thumb.xml", "sha256": "79e3b036f9ab01a242925cefb4cff345509ab80d68b2d563d8ad038560e8452c", "type": "XML", "size": 628}, {"detection_ratio": [0, 74], "datetime": "2008-02-29 10:33:46", "filename": "res/color-v23/abc_tint_switch_track.xml", "sha256": "8e87e31dfa784d1e7fbf80e5a0a7caf73df0d432d2d242d3e5e80658934d1d7e", "type": "XML", "size": 668}, {"detection_ratio": [0, 75], "datetime": "2008-02-29 10:33:46", "filename": "res/color-v23/design_tint_password_toggle.xml", "sha256": "efb23d0b879d338bd81344c0ebc66c9baa06bde03295e52db1626d4d1415777f", "type": "XML", "size": 380}, {"detection_ratio": [0, 75], "datetime": "2008-02-29 10:33:46", "filename": "res/color/abc_background_cache_hint_selector_material_dark.xml", "sha256": "cdaf10a7e1c76aec3c74a36cb39b6d85333f915066bfddefd209fc77fff84529", "type": "XML", "size": 344}, {"detection_ratio": [0, 57], "datetime": "2008-02-29 10:33:46", "filename": "res/color/abc_background_cache_hint_selector_material_light.xml", "sha256": "b557b8e527f3d9d2ec91bbe703db3c71d7f7a8fd9139eae96c0e4f9c58d52c97", "type": "XML", "size": 344}, {"detection_ratio": [0, 75], "datetime": "2008-02-29 10:33:46", "filename": "res/color/abc_btn_colored_borderless_text_material.xml", "sha256": "5d223ab486392e15752e0ac6fee0d294c737f4f846328236fa6e22e274b73bd7", "type": "XML", "size": 608}, {"detection_ratio": [0, 71], "datetime": "2008-02-29 10:33:46", "filename": "res/color/abc_btn_colored_text_material.xml", "sha256": "d25bdd82cf9b2c91dec4e0dc213c99d5babdd3026cea8e5ffa48e5a6c27de86e", "type": "XML", "size": 608}, {"datetime": "2008-02-29 10:33:46", "sha256": "2b95f89836640787e36b5a45c50f5857dae987c7e67d4988e394bbbfc86f6d6a", "type": "XML", "filename": "res/color/abc_hint_foreground_material_dark.xml", "size": 568}, {"detection_ratio": [0, 75], "datetime": "2008-02-29 10:33:46", "filename": "res/color/abc_hint_foreground_material_light.xml", "sha256": "080451c301c3f3b3790dfe1518f257bee748afdb608db44aa9c39a566afb74b1", "type": "XML", "size": 568}, {"detection_ratio": [0, 73], "datetime": "2008-02-29 10:33:46", "filename": "res/color/abc_primary_text_disable_only_material_dark.xml", "sha256": "002a9f38234b5515d26be3dcfac31246dafdb020399975a6672d7c77b54d8124", "type": "XML", "size": 468}, {"detection_ratio": [0, 73], "datetime": "2008-02-29 10:33:46", "filename": "res/color/abc_primary_text_disable_only_material_light.xml", "sha256": "cd1cef730fc573715a6802ba3014352266a65d8f1099a67c6676f4faf40655a7", "type": "XML", "size": 468}, {"detection_ratio": [0, 75], "datetime": "2008-02-29 10:33:46", "filename": "res/color/abc_primary_text_material_dark.xml", "sha256": "911c955176565d17ad382fe752c5f9a7f1650bec0f640cc0a7f5c927b76d29ab", "type": "XML", "size": 468}, {"detection_ratio": [0, 51], "datetime": "2008-02-29 10:33:46", "filename": "res/color/abc_primary_text_material_light.xml", "sha256": "07f288bd16ebdf1d7373fdc8d1c94ea97caa9ce04115020ce205a75fa319c8c4", "type": "XML", "size": 468}, {"detection_ratio": [0, 71], "datetime": "2008-02-29 10:33:46", "filename": "res/color/abc_search_url_text.xml", "sha256": "6803267e398af9219df70a6aee967f642cda5e73e8ba5bb9384091815a9aab75", "type": "XML", "size": 596}, {"detection_ratio": [0, 74], "datetime": "2008-02-29 10:33:46", "filename": "res/color/abc_secondary_text_material_dark.xml", "sha256": "ba4a467011be2237af1b6cd20fa5d067b71efcf05b9806c23ca858ac7d1b036c", "type": "XML", "size": 468}, {"detection_ratio": [0, 54], "datetime": "2008-02-29 10:33:46", "filename": "res/color/abc_secondary_text_material_light.xml", "sha256": "664ed364b2bfcb822ab299fe9056da00316734d1433fe793ea4b18be7aec8119", "type": "XML", "size": 468}, {"detection_ratio": [0, 72], "datetime": "2008-02-29 10:33:46", "filename": "res/color/abc_tint_btn_checkable.xml", "sha256": "42b6c86aba2dc30a635ad2018bc81ea899cd255af95d59a06a54b6603f1dd0ad", "type": "XML", "size": 732}, {"detection_ratio": [0, 73], "datetime": "2008-02-29 10:33:46", "filename": "res/color/abc_tint_default.xml", "sha256": "ae7ef67ed8659f6e457a970c863354b295dc4de5bb980889cd50356c78e24894", "type": "XML", "size": 1232}, {"detection_ratio": [0, 72], "datetime": "2008-02-29 10:33:46", "filename": "res/color/abc_tint_edittext.xml", "sha256": "cb7efdfcdf31f3c5d1104193f425a5ca3d0d753178eaccfc931d780c5e4cafe4", "type": "XML", "size": 776}, {"detection_ratio": [0, 70], "datetime": "2008-02-29 10:33:46", "filename": "res/color/abc_tint_seek_thumb.xml", "sha256": "c2cd53b3c7022f9a22a2e55f2b3f60612f1e201d0b369edaeabf97907edd7351", "type": "XML", "size": 608}, {"detection_ratio": [0, 74], "datetime": "2008-02-29 10:33:46", "filename": "res/color/abc_tint_spinner.xml", "sha256": "460cf29ff6bad0480e106bf2af0455bbae3dbbfbf3b89e35de805bf1db2ab0be", "type": "XML", "size": 776}, {"detection_ratio": [0, 75], "datetime": "2008-02-29 10:33:46", "filename": "res/color/abc_tint_switch_thumb.xml", "sha256": "8ce5928a5a5d358ace4fc0ccbe3c640e699174b9d815e0665e8009dad9735a2e", "type": "XML", "size": 732}, {"detection_ratio": [0, 71], "datetime": "2008-02-29 10:33:46", "filename": "res/color/abc_tint_switch_track.xml", "sha256": "7ac01c2a3270067c6a0d8a83321abe9861aa8be5f5616ad85940a7fc1f5406ac", "type": "XML", "size": 772}, {"detection_ratio": [0, 71], "datetime": "2008-02-29 10:33:46", "filename": "res/color/design_error.xml", "sha256": "9c9c588942bb1bc6776d1f672baef6263545ba0aefeed0fb0ebd27a92c1c6698", "type": "XML", "size": 468}, {"detection_ratio": [0, 71], "datetime": "2008-02-29 10:33:46", "filename": "res/color/design_tint_password_toggle.xml", "sha256": "9c04dbf72b78b0509a3f837a924306460d08afe48663aeefcea0db9c669bb5cb", "type": "XML", "size": 484}, {"detection_ratio": [0, 74], "datetime": "2008-02-29 10:33:46", "filename": "res/color/switch_thumb_material_dark.xml", "sha256": "928f2ce0ab0157775cb8f17de12be0fa99725813b65994ec71be4401826d71b5", "type": "XML", "size": 468}, {"detection_ratio": [0, 69], "datetime": "2008-02-29 10:33:46", "filename": "res/color/switch_thumb_material_light.xml", "sha256": "22e5eca8fd93d71c099f359c081586e8c8a183bc26fb1daba7ede06dc613a4b4", "type": "XML", "size": 468}, {"detection_ratio": [0, 71], "datetime": "2008-02-29 10:33:46", "filename": "res/drawable-anydpi-v21/design_ic_visibility.xml", "sha256": "8fe1ae04175e0ea771eb459bdddb273534a1f0c1fbbe0abb8c551fefbac16b01", "type": "XML", "size": 672}, {"detection_ratio": [0, 75], "datetime": "2008-02-29 10:33:46", "filename": "res/drawable-anydpi-v21/design_ic_visibility_off.xml", "sha256": "99011cef9aab5251b268ed2dee40f4e8c5c14002542905928851f917c308dbbe", "type": "XML", "size": 1864}, {"detection_ratio": [0, 75], "datetime": "2008-02-29 10:33:46", "filename": "res/drawable-hdpi-v4/abc_ab_share_pack_mtrl_alpha.9.png", "sha256": "81fbbbc931441a4f6d64680a9d2f6c645c79209010a572f2ea0b732143039e73", "type": "PNG", "size": 287}, {"detection_ratio": [0, 75], "datetime": "2008-02-29 10:33:46", "filename": "res/drawable-hdpi-v4/abc_btn_check_to_on_mtrl_000.png", "sha256": "ddc61305597383be60a8e1ec1841932942c92f3c1720c6f9490da63a084c1a5f", "type": "PNG", "size": 305}, {"detection_ratio": [0, 75], "datetime": "2008-02-29 10:33:46", "filename": "res/drawable-hdpi-v4/abc_btn_check_to_on_mtrl_015.png", "sha256": "ad617187537c1bc753b1d20ae4747a11cd5aa13d02c9da874321dc09361fdbb0", "type": "PNG", "size": 548}, {"detection_ratio": [0, 75], "datetime": "2008-02-29 10:33:46", "filename": "res/drawable-hdpi-v4/abc_btn_radio_to_on_mtrl_000.png", "sha256": "442d02638b8fad7863d38c43b701793d9cb1755280dbf44be3920fc19a389001", "type": "PNG", "size": 621}, {"detection_ratio": [0, 75], "datetime": "2008-02-29 10:33:46", "filename": "res/drawable-hdpi-v4/abc_btn_radio_to_on_mtrl_015.png", "sha256": "cf62578a2d4b857425800cc9cffad1cbb724b965d237776d99f56a7b472f0c95", "type": "PNG", "size": 752}, {"detection_ratio": [0, 75], "datetime": "2008-02-29 10:33:46", "filename": "res/drawable-hdpi-v4/abc_btn_switch_to_on_mtrl_00001.9.png", "sha256": "0d1f5a3e36d02311640190fd768ee8d2607beba7a90b411be77a48a36427cb77", "type": "PNG", "size": 1548}, {"detection_ratio": [0, 74], "datetime": "2008-02-29 10:33:46", "filename": "res/drawable-hdpi-v4/abc_btn_switch_to_on_mtrl_00012.9.png", "sha256": "8dd453207afc153e8f1712fb630568e05cf2697fa22ca1789e53c247de2cb960", "type": "PNG", "size": 1748}, {"detection_ratio": [0, 75], "datetime": "2008-02-29 10:33:46", "filename": "res/drawable-hdpi-v4/abc_cab_background_top_mtrl_alpha.9.png", "sha256": "c7a19902a30c635c4708adc2e0c2911fbdb30fa8baf8878e96f44a8c9c012f65", "type": "PNG", "size": 229}, {"detection_ratio": [0, 74], "datetime": "2008-02-29 10:33:46", "filename": "res/drawable-hdpi-v4/abc_ic_commit_search_api_mtrl_alpha.png", "sha256": "5fdffb3fa44d5ad6365994e41d2904217a825e95007ec3dd3fc0569cb7c505a5", "type": "PNG", "size": 225}, {"detection_ratio": [0, 74], "datetime": "2008-02-29 10:33:46", "filename": "res/drawable-hdpi-v4/abc_ic_menu_copy_mtrl_am_alpha.png", "sha256": "e1930bb2fc547323cd56b0825a10d9d236502e48eac14297ecf82df6c40a2926", "type": "PNG", "size": 280}, {"detection_ratio": [0, 74], "datetime": "2008-02-29 10:33:46", "filename": "res/drawable-hdpi-v4/abc_ic_menu_cut_mtrl_alpha.png", "sha256": "fe9951faab1cc5e224bb62a81df6550322704340b77ca97f379ce63006d24557", "type": "PNG", "size": 583}, {"detection_ratio": [0, 75], "datetime": "2008-02-29 10:33:46", "filename": "res/drawable-hdpi-v4/abc_ic_menu_paste_mtrl_am_alpha.png", "sha256": "5d718e9ca71197c5c3b7d1efb53e65903f72989ccfa424fb7fa838ae550cf41a", "type": "PNG", "size": 359}, {"detection_ratio": [0, 74], "datetime": "2008-02-29 10:33:46", "filename": "res/drawable-hdpi-v4/abc_ic_menu_selectall_mtrl_alpha.png", "sha256": "1b229f011fa942b53d955567083d2c3e0331146efb5f767f4eb92ddf1f5e9531", "type": "PNG", "size": 269}, {"detection_ratio": [0, 75], "datetime": "2008-02-29 10:33:46", "filename": "res/drawable-hdpi-v4/abc_ic_menu_share_mtrl_alpha.png", "sha256": "31b1e219ba4ba5db77c87235010c299896f9b393f67d7bc599bed22b657d5d90", "type": "PNG", "size": 791}, {"detection_ratio": [0, 75], "datetime": "2008-02-29 10:33:46", "filename": "res/drawable-hdpi-v4/abc_ic_star_black_16dp.png", "sha256": "e7c9d0588af165b7aa92098685b85f41c6852bff2435c9e8937704302da8f34b", "type": "PNG", "size": 493}, {"detection_ratio": [0, 75], "datetime": "2008-02-29 10:33:46", "filename": "res/drawable-hdpi-v4/abc_ic_star_black_36dp.png", "sha256": "108bd44ff1c509da8ab966c201c28efff5a9104dbd1d284b3e27943891476ed8", "type": "PNG", "size": 974}, {"detection_ratio": [0, 75], "datetime": "2008-02-29 10:33:46", "filename": "res/drawable-hdpi-v4/abc_ic_star_black_48dp.png", "sha256": "3be35c7d843879bd75b4628f64238efb6c1f79defaac1a97dce0427846766a96", "type": "PNG", "size": 1234}, {"detection_ratio": [0, 75], "datetime": "2008-02-29 10:33:46", "filename": "res/drawable-hdpi-v4/abc_ic_star_half_black_16dp.png", "sha256": "15210093d688cb5f52c5ca791bf0b091be806ca480d844a91ffc9e349fde6b79", "type": "PNG", "size": 349}, {"detection_ratio": [0, 75], "datetime": "2008-02-29 10:33:46", "filename": "res/drawable-hdpi-v4/abc_ic_star_half_black_36dp.png", "sha256": "e8206107e523d9b8b1f84d9c1047c0cf2c9de7423ccb34dc445a93f89cae9545", "type": "PNG", "size": 621}, {"detection_ratio": [0, 75], "datetime": "2008-02-29 10:33:46", "filename": "res/drawable-hdpi-v4/abc_ic_star_half_black_48dp.png", "sha256": "e803dce240b2a403701a45be483cc2dc3e198a7d3e7cf724b3005aeb871d1918", "type": "PNG", "size": 783}, {"detection_ratio": [0, 74], "datetime": "2008-02-29 10:33:46", "filename": "res/drawable-hdpi-v4/abc_list_divider_mtrl_alpha.9.png", "sha256": "0ef7b3d9f9d890a48e4fccc0db07315bd6fcca7049452e20a27a69bd22080415", "type": "PNG", "size": 167}, {"detection_ratio": [0, 75], "datetime": "2008-02-29 10:33:46", "filename": "res/drawable-hdpi-v4/abc_list_focused_holo.9.png", "sha256": "a2f1a37af8e699320a2fadbe54eeaa6112d5a3522d57d682edf04fe97be3b47e", "type": "PNG", "size": 244}, {"detection_ratio": [0, 73], "datetime": "2008-02-29 10:33:46", "filename": "res/drawable-hdpi-v4/abc_list_longpressed_holo.9.png", "sha256": "d5c644b00ee79bd4f1fcb789ebbf89e79c0c6fea878dfbc4a8c64c3be34b5b03", "type": "PNG", "size": 212}, {"detection_ratio": [0, 75], "datetime": "2008-02-29 10:33:46", "filename": "res/drawable-hdpi-v4/abc_list_pressed_holo_dark.9.png", "sha256": "24e31720f77bc442bfd450d80747a99db2df3675a53447a291622006df52815a", "type": "PNG", "size": 212}, {"detection_ratio": [0, 74], "datetime": "2008-02-29 10:33:46", "filename": "res/drawable-hdpi-v4/abc_list_pressed_holo_light.9.png", "sha256": "7e12fcbd0c61e037cd1cafe510c307b4074d156adac0022d91f3dcdcae692818", "type": "PNG", "size": 212}, {"detection_ratio": [0, 75], "datetime": "2008-02-29 10:33:46", "filename": "res/drawable-hdpi-v4/abc_list_selector_disabled_holo_dark.9.png", "sha256": "c0e4c8fdbf4fef50f8a7033e529c3ef8da2c994b3567d4e9d89cfa099e7ac15b", "type": "PNG", "size": 239}, {"detection_ratio": [0, 75], "datetime": "2008-02-29 10:33:46", "filename": "res/drawable-hdpi-v4/abc_list_selector_disabled_holo_light.9.png", "sha256": "e71502ac4d35951d0e063ef8b76885e27846a2dc0cdc616959d2a513f4852a2d", "type": "PNG", "size": 240}, {"detection_ratio": [0, 75], "datetime": "2008-02-29 10:33:46", "filename": "res/drawable-hdpi-v4/abc_menu_hardkey_panel_mtrl_mult.9.png", "sha256": "e81784cdc8ac38373621e586d28d488d585ccf2d695759ed611d848d2bf04ca7", "type": "PNG", "size": 817}, {"detection_ratio": [0, 75], "datetime": "2008-02-29 10:33:46", "filename": "res/drawable-hdpi-v4/abc_popup_background_mtrl_mult.9.png", "sha256": "ad4d6c2d1a343d36781e16e81479c4a4cf75829d1ba2dce23443ed22f909540c", "type": "PNG", "size": 1256}, {"detection_ratio": [0, 75], "datetime": "2008-02-29 10:33:46", "filename": "res/drawable-hdpi-v4/abc_scrubber_control_off_mtrl_alpha.png", "sha256": "3e93c22fa1cd88063d71f1be8de7b58d89baf33458b02017dab6e4d9f3636a49", "type": "PNG", "size": 257}], "uncompressed_size": 5289625}}, "size": 2947134, "authentihash": null, "times_submitted": 1, "harmless_votes": 0, "malicious_votes": 0, "sha256": "436b344afed31d651c76992dbb027d089d02c0db3c420e243da207205f4d999a", "type": "Android", "scans": {"Bkav": {"detected": false, "version": "1.3.0.9899", "result": null, "update": "20211102"}, "Lionic": {"detected": true, "version": "4.2", "result": "Riskware.AndroidOS.Dnotua.z!c", "update": "20211103"}, "Elastic": {"detected": false, "version": "4.0.29", "result": null, "update": "20211005"}, "Cynet": {"detected": true, "version": "4.0.0.27", "result": "Malicious (score: 99)", "update": "20211103"}, "CMC": {"detected": false, "version": "2.10.2019.1", "result": null, "update": "20211026"}, "CAT-QuickHeal": {"detected": true, "version": "14.00", "result": "Android.Dnotua.Ab5d (PUP)", "update": "20211103"}, "McAfee": {"detected": true, "version": "6.0.6.653", "result": "Artemis!4DC3D31060D4", "update": "20211103"}, "Malwarebytes": {"detected": false, "version": "4.2.2.27", "result": null, "update": "20211103"}, "VIPRE": {"detected": false, "version": "96678", "result": null, "update": "20211103"}, "Sangfor": {"detected": false, "version": "2.9.0.0", "result": null, "update": "20210930"}, "K7AntiVirus": {"detected": false, "version": "11.225.39131", "result": null, "update": "20211103"}, "Alibaba": {"detected": false, "version": "0.3.0.5", "result": null, "update": "20190527"}, "K7GW": {"detected": true, "version": "11.225.39131", "result": "Trojan ( 0057ead01 )", "update": "20211103"}, "Trustlook": {"detected": true, "version": "1.0", "result": "Android.PUA.DebugKey", "update": "20211103"}, "Arcabit": {"detected": false, "version": "1.0.0.886", "result": null, "update": "20211103"}, "Baidu": {"detected": false, "version": "1.0.0.2", "result": null, "update": "20190318"}, "Cyren": {"detected": false, "version": "6.3.0.2", "result": null, "update": "20211103"}, "SymantecMobileInsight": {"detected": true, "version": "2.0", "result": "AppRisk:Generisk", "update": "20210126"}, "Symantec": {"detected": true, "version": "1.16.0.0", "result": "Trojan.Gen.MBT", "update": "20211103"}, "ESET-NOD32": {"detected": true, "version": "24229", "result": "Android/ScamApp.CQ potentially unwanted", "update": "20211103"}, "TrendMicro-HouseCall": {"detected": false, "version": "10.0.0.1040", "result": null, "update": "20211101"}, "Avast": {"detected": false, "version": "21.1.5827.0", "result": null, "update": "20211103"}, "ClamAV": {"detected": false, "version": "0.104.0.0", "result": null, "update": "20211102"}, "Kaspersky": {"detected": true, "version": "21.0.1.45", "result": "not-a-virus:HEUR:RiskTool.AndroidOS.Dnotua.bbqx", "update": "20211103"}, "BitDefender": {"detected": false, "version": "7.2", "result": null, "update": "20211103"}, "NANO-Antivirus": {"detected": true, "version": "1.0.146.25370", "result": "Riskware.Android.Locker.irhqdj", "update": "20211103"}, "SUPERAntiSpyware": {"detected": false, "version": "5.6.0.1032", "result": null, "update": "20211030"}, "MicroWorld-eScan": {"detected": false, "version": "14.0.409.0", "result": null, "update": "20211103"}, "Rising": {"detected": false, "version": "25.0.0.26", "result": null, "update": "20211103"}, "Emsisoft": {"detected": false, "version": "2021.5.0.7597", "result": null, "update": "20211103"}, "Comodo": {"detected": false, "version": "34044", "result": null, "update": "20211102"}, "F-Secure": {"detected": false, "version": "12.0.86.52", "result": null, "update": "20211103"}, "DrWeb": {"detected": true, "version": "7.0.52.8270", "result": "Joke.Gift.1", "update": "20211103"}, "Zillya": {"detected": false, "version": "2.0.0.4487", "result": null, "update": "20211102"}, "TrendMicro": {"detected": false, "version": "11.0.0.1006", "result": null, "update": "20211103"}, "McAfee-GW-Edition": {"detected": true, "version": "v2019.1.2+3728", "result": "Artemis", "update": "20211102"}, "FireEye": {"detected": false, "version": "32.44.1.0", "result": null, "update": "20211103"}, "Sophos": {"detected": false, "version": "1.4.1.0", "result": null, "update": "20211103"}, "Avast-Mobile": {"detected": true, "version": "211102-00", "result": "Android:Evo-gen [Trj]", "update": "20211102"}, "Jiangmin": {"detected": false, "version": "16.0.100", "result": null, "update": "20211102"}, "Avira": {"detected": true, "version": "8.3.3.12", "result": "PUA/ANDR.ScamApp.FJTS.Gen", "update": "20211103"}, "Antiy-AVL": {"detected": false, "version": "3.0.0.1", "result": null, "update": "20211103"}, "Kingsoft": {"detected": false, "version": "2017.9.26.565", "result": null, "update": "20211103"}, "Gridinsoft": {"detected": false, "version": "1.0.60.158", "result": null, "update": "20211103"}, "Microsoft": {"detected": true, "version": "1.1.18700.4", "result": "PUA:AndroidOS/Dnotua.A!MTB", "update": "20211103"}, "ViRobot": {"detected": false, "version": "2014.3.20.0", "result": null, "update": "20211103"}, "ZoneAlarm": {"detected": true, "version": "1.0", "result": "not-a-virus:HEUR:RiskTool.AndroidOS.Dnotua.bbqx", "update": "20211102"}, "GData": {"detected": false, "version": "A:25.31229B:27.25015", "result": null, "update": "20211103"}, "BitDefenderFalx": {"detected": true, "version": "2.0.936", "result": "Android.Riskware.Agent.HHW", "update": "20210610"}, "AhnLab-V3": {"detected": false, "version": "3.21.1.10219", "result": null, "update": "20211103"}, "BitDefenderTheta": {"detected": false, "version": "7.2.37796.0", "result": null, "update": "20211021"}, "MAX": {"detected": false, "version": "2019.9.16.1", "result": null, "update": "20211103"}, "VBA32": {"detected": false, "version": "5.0.0", "result": null, "update": "20211102"}, "Zoner": {"detected": false, "version": "0.0.0.0", "result": null, "update": "20211102"}, "Tencent": {"detected": true, "version": "1.0.0.1", "result": "a.rogue.funnyjoke", "update": "20211103"}, "Yandex": {"detected": false, "version": "5.5.2.24", "result": null, "update": "20211103"}, "TACHYON": {"detected": false, "version": "2021-11-03.02", "result": null, "update": "20211103"}, "MaxSecure": {"detected": false, "version": "1.0.0.1", "result": null, "update": "20211102"}, "Fortinet": {"detected": true, "version": "6.2.142.0", "result": "Adware/Dnotua.D034", "update": "20211103"}, "Panda": {"detected": false, "version": "4.6.4.2", "result": null, "update": "20211102"}}, "tags": ["reflection", "apk", "runtime-modules", "crypto", "contains-elf", "telephony", "android"], "scan_id": "436b344afed31d651c76992dbb027d089d02c0db3c420e243da207205f4d999a-1635928129", "unique_sources": 1, "positives": 20, "ssdeep": "49152:Bu0BKAEw5l8F2l8ZSNOrzW/xG7qfkUE5gCd/gMgAxwtowEHUGoNrL0dXLnGiD0:Bu0BKAEwX8I6A4rzh7qfkUKd/gMgAxwb", "md5": "4dc3d31060d4542f937b27040230d85d", "permalink": "https://www.virustotal.com/gui/file/436b344afed31d651c76992dbb027d089d02c0db3c420e243da207205f4d999a/detection/f-436b344afed31d651c76992dbb027d089d02c0db3c420e243da207205f4d999a-1635928129", "sha1": "3692ee4588770b9f62b785e7c1474ca8539e9248", "submission": {"submitter_region": "on", "date": "2021-11-03 08:28:49", "submitter_country": "CA", "filename": "4dc3d31060d4542f937b27040230d85d.virus"}, "response_code": 1, "community_reputation": 0, "verbose_msg": "Scan finished, information embedded", "ITW_urls": [], "last_seen": "2021-11-03 08:28:49"}