{"vhash": "aa95e7a434c0fefc7a9c33042b47245c", "submission_names": ["43a6f2b86a2d0b295e2e06dc0e84c8274e3256d4ef8440b775cec460db9f67d3.bin", "AU.apk"], "scan_date": "2021-11-03 07:54:48", "first_seen": "2021-10-18 02:40:12", "total": 62, "additional_info": {"magic": "Zip archive data, at least v1.0 to extract", "exiftool": {"MIMEType": "application/zip", "ZipRequiredVersion": "10", "ZipCRC": "0xf54b464a", "FileType": "ZIP", "ZipCompression": "Deflated", "ZipUncompressedSize": "17960", "ZipCompressedSize": "3958", "FileTypeExtension": "zip", "ZipFileName": "AndroidManifest.xml", "ZipBitFlag": "0x0800", "ZipModifyDate": "2021:10:17 14:54:52"}, "trid": "Sweet Home 3D design (generic) (67.7%)\nZIP compressed archive (25.8%)\nPrintFox/Pagefox bitmap (640x800) (6.4%)", "positives_delta": 5, "compressedview": {"highest_datetime": "2021-10-17 14:55:12", "lowest_datetime": "2021-10-17 14:54:52", "num_children": 731, "extensions": {"dex": 2, "md": 1, "xml": 411, "gz": 1, "so": 8, "wav": 1, "txt": 6, "png": 268}, "file_types": {"DEX": 1, "XML": 411, "ELF": 8, "PNG": 268, "unknown": 43}, "type": "APK", "children": [{"datetime": "2021-10-17 14:54:52", "sha256": "4600ba365709bd20ac0b688f0653f0d341c42a6f2cbf46de46bcbd1b9b539789", "type": "XML", "filename": "AndroidManifest.xml", "size": 17960}, {"detection_ratio": [3, 73], "datetime": "2021-10-17 14:54:54", "filename": "classes.dex", "sha256": "3d961c85df9b3965b703f3b71b0517466e4714348b873d036317825b20b814e5", "type": "DEX", "size": 6487272}, {"datetime": "2021-10-17 14:55:12", "sha256": "148240fa33cf12b1c8d65072d07024d65276ef3a22fb11e720f94e6611e42673", "type": "unknown", "filename": "resources.arsc", "size": 506044}, {"datetime": "2021-10-17 14:54:52", "sha256": "bd08ff862f6a853fc9cc929e1d584a1e11f6069cb0d28f7424e315703d617606", "type": "unknown", "filename": "assets/classes.dex", "size": 5207412}, {"detection_ratio": [0, 75], "datetime": "2021-10-17 14:54:54", "filename": "com/j256/ormlite/android/LICENSE.txt", "sha256": "2c5f36007f9181d1bf9b70e6127915295198940c93476ceb7dc3aec70cc1ff2f", "type": "unknown", "size": 844}, {"detection_ratio": [0, 73], "datetime": "2021-10-17 14:54:54", "filename": "com/j256/ormlite/android/README.txt", "sha256": "6d02974ef5f68fd12fb330f313f119021e9a10d9e8c0e65c0f3c0abae155dfea", "type": "unknown", "size": 822}, {"detection_ratio": [0, 44], "datetime": "2021-10-17 14:54:54", "filename": "com/j256/ormlite/android/VERSION.txt", "sha256": "5eb51c39bd0ae5fbf12540a7ab398a63b20527877c69eb0ecdb92eb68ec109eb", "type": "unknown", "size": 14}, {"detection_ratio": [0, 75], "datetime": "2021-10-17 14:54:54", "filename": "com/j256/ormlite/core/LICENSE.txt", "sha256": "2c5f36007f9181d1bf9b70e6127915295198940c93476ceb7dc3aec70cc1ff2f", "type": "unknown", "size": 844}, {"detection_ratio": [0, 46], "datetime": "2021-10-17 14:54:54", "filename": "com/j256/ormlite/core/README.txt", "sha256": "9755170191a4e641f2f8e5597145a80efd51ddc8f10379b6c73284e5e4e26ebc", "type": "unknown", "size": 1617}, {"detection_ratio": [0, 44], "datetime": "2021-10-17 14:54:54", "filename": "com/j256/ormlite/core/VERSION.txt", "sha256": "5eb51c39bd0ae5fbf12540a7ab398a63b20527877c69eb0ecdb92eb68ec109eb", "type": "unknown", "size": 14}, {"detection_ratio": [0, 75], "datetime": "2021-10-17 14:54:54", "filename": "lib/arm64-v8a/libarm_protect.so", "sha256": "8a1e16a1626e2917f8ed4bb419f138e59e432d05046e46c9622d33699067ce82", "type": "ELF", "size": 239880}, {"detection_ratio": [0, 73], "datetime": "2021-10-17 14:54:54", "filename": "lib/arm64-v8a/librska.so", "sha256": "7663bcaca2e5925507fdccb8ef23c1300d2170006d364a6fcfd209911a76ded4", "type": "ELF", "size": 9992}, {"detection_ratio": [0, 74], "datetime": "2021-10-17 14:54:54", "filename": "lib/armeabi-v7a/libarm_protect.so", "sha256": "77abccf584866cacedbbe06065364f6bc38fa7b84ca8c85c56e1b014d82f17fb", "type": "ELF", "size": 128736}, {"detection_ratio": [0, 76], "datetime": "2021-10-17 14:54:54", "filename": "lib/armeabi-v7a/librska.so", "sha256": "3b125c525ed85488e034a639a74c6c175f2c91530940e7067a7d2bc9d5aea362", "type": "ELF", "size": 18000}, {"detection_ratio": [0, 75], "datetime": "2021-10-17 14:54:54", "filename": "lib/x86/libarm_protect.so", "sha256": "718ce0430cdc66834f6898f5f399b163add751e28f41759fc6e851b0a31d0156", "type": "ELF", "size": 231176}, {"detection_ratio": [0, 74], "datetime": "2021-10-17 14:54:54", "filename": "lib/x86/librska.so", "sha256": "3ceecfa55ff8ab8eeb0d99d8a84a7cace26e4bb5f20b3ec8f710bdb4647d97ef", "type": "ELF", "size": 9660}, {"detection_ratio": [0, 75], "datetime": "2021-10-17 14:54:54", "filename": "lib/x86_64/libarm_protect.so", "sha256": "6d15dd2619259d1b3a8557183ee6fb43378ec2d0b9c34dfc62b0184d30af148e", "type": "ELF", "size": 264728}, {"detection_ratio": [0, 74], "datetime": "2021-10-17 14:54:54", "filename": "lib/x86_64/librska.so", "sha256": "b4e943ff9fff3a51cb6b26d9d47aaff3679170e9b66e6c1aec183d1bb72e97d8", "type": "ELF", "size": 10264}, {"detection_ratio": [0, 73], "datetime": "2021-10-17 14:54:54", "filename": "META-INF/androidx.activity_activity.version", "sha256": "59854984853104df5c353e2f681a15fc7924742f9a2e468c29af248dce45ce03", "type": "unknown", "size": 6}, {"detection_ratio": [0, 73], "datetime": "2021-10-17 14:54:54", "filename": "META-INF/androidx.annotation_annotation-experimental.version", "sha256": "59854984853104df5c353e2f681a15fc7924742f9a2e468c29af248dce45ce03", "type": "unknown", "size": 6}, {"detection_ratio": [0, 72], "datetime": "2021-10-17 14:54:54", "filename": "META-INF/androidx.appcompat_appcompat-resources.version", "sha256": "1e5b51cde515396a9fa762909cf8ca6584ccc564b325d2eebeea76175fe95c4d", "type": "unknown", "size": 6}, {"detection_ratio": [0, 72], "datetime": "2021-10-17 14:54:54", "filename": "META-INF/androidx.appcompat_appcompat.version", "sha256": "1e5b51cde515396a9fa762909cf8ca6584ccc564b325d2eebeea76175fe95c4d", "type": "unknown", "size": 6}, {"detection_ratio": [0, 73], "datetime": "2021-10-17 14:54:54", "filename": "META-INF/androidx.arch.core_core-runtime.version", "sha256": "c28fcca53637bc88e124af1725df13cb98c69dedefd62fb3cdbe1cdb6b760624", "type": "unknown", "size": 6}, {"detection_ratio": [0, 73], "datetime": "2021-10-17 14:54:54", "filename": "META-INF/androidx.cardview_cardview.version", "sha256": "59854984853104df5c353e2f681a15fc7924742f9a2e468c29af248dce45ce03", "type": "unknown", "size": 6}, {"detection_ratio": [0, 73], "datetime": "2021-10-17 14:54:54", "filename": "META-INF/androidx.coordinatorlayout_coordinatorlayout.version", "sha256": "1575e1af4a95f12f70b4ee6a6adce8160953d93ea17dc2611b90883ccc3ad3b8", "type": "unknown", "size": 6}, {"detection_ratio": [0, 74], "datetime": "2021-10-17 14:54:54", "filename": "META-INF/androidx.core_core.version", "sha256": "10e2e117b01523891ca271a615ae36e9d5e52348fd7d642f66727602c1b8dcbe", "type": "unknown", "size": 6}, {"detection_ratio": [0, 73], "datetime": "2021-10-17 14:54:54", "filename": "META-INF/androidx.cursoradapter_cursoradapter.version", "sha256": "59854984853104df5c353e2f681a15fc7924742f9a2e468c29af248dce45ce03", "type": "unknown", "size": 6}, {"detection_ratio": [0, 73], "datetime": "2021-10-17 14:54:54", "filename": "META-INF/androidx.customview_customview.version", "sha256": "59854984853104df5c353e2f681a15fc7924742f9a2e468c29af248dce45ce03", "type": "unknown", "size": 6}, {"detection_ratio": [0, 73], "datetime": "2021-10-17 14:54:54", "filename": "META-INF/androidx.drawerlayout_drawerlayout.version", "sha256": "59854984853104df5c353e2f681a15fc7924742f9a2e468c29af248dce45ce03", "type": "unknown", "size": 6}, {"detection_ratio": [0, 73], "datetime": "2021-10-17 14:54:54", "filename": "META-INF/androidx.fragment_fragment.version", "sha256": "1575e1af4a95f12f70b4ee6a6adce8160953d93ea17dc2611b90883ccc3ad3b8", "type": "unknown", "size": 6}, {"detection_ratio": [0, 73], "datetime": "2021-10-17 14:54:54", "filename": "META-INF/androidx.interpolator_interpolator.version", "sha256": "59854984853104df5c353e2f681a15fc7924742f9a2e468c29af248dce45ce03", "type": "unknown", "size": 6}, {"detection_ratio": [0, 73], "datetime": "2021-10-17 14:54:54", "filename": "META-INF/androidx.lifecycle_lifecycle-livedata-core.version", "sha256": "c28fcca53637bc88e124af1725df13cb98c69dedefd62fb3cdbe1cdb6b760624", "type": "unknown", "size": 6}, {"detection_ratio": [0, 73], "datetime": "2021-10-17 14:54:54", "filename": "META-INF/androidx.lifecycle_lifecycle-livedata.version", "sha256": "c28fcca53637bc88e124af1725df13cb98c69dedefd62fb3cdbe1cdb6b760624", "type": "unknown", "size": 6}, {"detection_ratio": [0, 74], "datetime": "2021-10-17 14:54:54", "filename": "META-INF/androidx.lifecycle_lifecycle-runtime.version", "sha256": "c89b87c262e9d5ffd20e73aac74a1772adcc9f5a21682cc33adcf5086e5fef5c", "type": "unknown", "size": 6}, {"detection_ratio": [0, 74], "datetime": "2021-10-17 14:54:54", "filename": "META-INF/androidx.lifecycle_lifecycle-viewmodel.version", "sha256": "c89b87c262e9d5ffd20e73aac74a1772adcc9f5a21682cc33adcf5086e5fef5c", "type": "unknown", "size": 6}, {"detection_ratio": [0, 73], "datetime": "2021-10-17 14:54:54", "filename": "META-INF/androidx.loader_loader.version", "sha256": "59854984853104df5c353e2f681a15fc7924742f9a2e468c29af248dce45ce03", "type": "unknown", "size": 6}, {"detection_ratio": [0, 74], "datetime": "2021-10-17 14:54:54", "filename": "META-INF/androidx.navigation_navigation-common.version", "sha256": "c89b87c262e9d5ffd20e73aac74a1772adcc9f5a21682cc33adcf5086e5fef5c", "type": "unknown", "size": 6}, {"detection_ratio": [0, 74], "datetime": "2021-10-17 14:54:54", "filename": "META-INF/androidx.navigation_navigation-fragment.version", "sha256": "c89b87c262e9d5ffd20e73aac74a1772adcc9f5a21682cc33adcf5086e5fef5c", "type": "unknown", "size": 6}, {"detection_ratio": [0, 74], "datetime": "2021-10-17 14:54:54", "filename": "META-INF/androidx.navigation_navigation-runtime.version", "sha256": "c89b87c262e9d5ffd20e73aac74a1772adcc9f5a21682cc33adcf5086e5fef5c", "type": "unknown", "size": 6}, {"detection_ratio": [0, 74], "datetime": "2021-10-17 14:54:54", "filename": "META-INF/androidx.navigation_navigation-ui.version", "sha256": "c89b87c262e9d5ffd20e73aac74a1772adcc9f5a21682cc33adcf5086e5fef5c", "type": "unknown", "size": 6}, {"detection_ratio": [0, 73], "datetime": "2021-10-17 14:54:54", "filename": "META-INF/androidx.recyclerview_recyclerview.version", "sha256": "1575e1af4a95f12f70b4ee6a6adce8160953d93ea17dc2611b90883ccc3ad3b8", "type": "unknown", "size": 6}, {"detection_ratio": [0, 73], "datetime": "2021-10-17 14:54:54", "filename": "META-INF/androidx.savedstate_savedstate.version", "sha256": "59854984853104df5c353e2f681a15fc7924742f9a2e468c29af248dce45ce03", "type": "unknown", "size": 6}, {"detection_ratio": [0, 72], "datetime": "2021-10-17 14:54:54", "filename": "META-INF/androidx.transition_transition.version", "sha256": "1e5b51cde515396a9fa762909cf8ca6584ccc564b325d2eebeea76175fe95c4d", "type": "unknown", "size": 6}, {"detection_ratio": [0, 73], "datetime": "2021-10-17 14:54:54", "filename": "META-INF/androidx.vectordrawable_vectordrawable-animated.version", "sha256": "1575e1af4a95f12f70b4ee6a6adce8160953d93ea17dc2611b90883ccc3ad3b8", "type": "unknown", "size": 6}, {"detection_ratio": [0, 73], "datetime": "2021-10-17 14:54:54", "filename": "META-INF/androidx.vectordrawable_vectordrawable.version", "sha256": "1575e1af4a95f12f70b4ee6a6adce8160953d93ea17dc2611b90883ccc3ad3b8", "type": "unknown", "size": 6}, {"detection_ratio": [0, 73], "datetime": "2021-10-17 14:54:54", "filename": "META-INF/androidx.versionedparcelable_versionedparcelable.version", "sha256": "1575e1af4a95f12f70b4ee6a6adce8160953d93ea17dc2611b90883ccc3ad3b8", "type": "unknown", "size": 6}, {"detection_ratio": [0, 73], "datetime": "2021-10-17 14:54:54", "filename": "META-INF/androidx.viewpager2_viewpager2.version", "sha256": "59854984853104df5c353e2f681a15fc7924742f9a2e468c29af248dce45ce03", "type": "unknown", "size": 6}, {"detection_ratio": [0, 73], "datetime": "2021-10-17 14:54:54", "filename": "META-INF/androidx.viewpager_viewpager.version", "sha256": "59854984853104df5c353e2f681a15fc7924742f9a2e468c29af248dce45ce03", "type": "unknown", "size": 6}, {"detection_ratio": [0, 74], "datetime": "2021-10-17 14:54:54", "filename": "META-INF/CHANGES", "sha256": "cd8ee37541cb868e86a1e637bd88d116580ba4574c25e16e6521bb0a62b33e23", "type": "unknown", "size": 60973}, {"detection_ratio": [0, 74], "datetime": "2021-10-17 14:54:54", "filename": "META-INF/com.google.android.material_material.version", "sha256": "6cf4e084b47f33c9b02ef79279d157833868f8f70514169a768be353ee328fea", "type": "unknown", "size": 6}, {"detection_ratio": [0, 74], "datetime": "2021-10-17 14:54:54", "filename": "META-INF/README.md", "sha256": "bf7b781d99352aea10114bdc6bd9c8d48441420249f471749897b966e1fd9a01", "type": "unknown", "size": 2893}, {"detection_ratio": [0, 72], "datetime": "2021-10-17 14:54:54", "filename": "okhttp3/internal/publicsuffix/publicsuffixes.gz", "sha256": "be8da686d208b34e4b3f0bf90aa2e0b7638295641132c3f0caa81b03499032ff", "type": "unknown", "size": 34000}, {"detection_ratio": [0, 73], "datetime": "2021-10-17 14:54:56", "filename": "res/anim/abc_fade_in.xml", "sha256": "1ca9afbfad5bfdd0aef8179a31ada006ad6d32274ad6c1bd3c76e06a424069af", "type": "XML", "size": 388}, {"detection_ratio": [0, 73], "datetime": "2021-10-17 14:54:56", "filename": "res/anim/abc_fade_out.xml", "sha256": "7722a3c50c11219dadc25702683dcdf97b421dc29df34e813ba7315a8dfaaa1d", "type": "XML", "size": 388}, {"detection_ratio": [0, 73], "datetime": "2021-10-17 14:54:56", "filename": "res/anim/abc_grow_fade_in_from_bottom.xml", "sha256": "53fda89f9290d56836fa072c2c558cd55429365f4e6a971d692bb60233c45720", "type": "XML", "size": 852}, {"detection_ratio": [0, 73], "datetime": "2021-10-17 14:54:56", "filename": "res/anim/abc_popup_enter.xml", "sha256": "b7214a13f566e887088a8e3dc59d0529662c1925a7d368143b9c9ed14a609bf6", "type": "XML", "size": 508}, {"detection_ratio": [0, 73], "datetime": "2021-10-17 14:54:56", "filename": "res/anim/abc_popup_exit.xml", "sha256": "bd4cd6ede1af3106b6061ae46a06294d26f10951413d7541ae585627a07596c7", "type": "XML", "size": 508}, {"detection_ratio": [0, 73], "datetime": "2021-10-17 14:54:56", "filename": "res/anim/abc_shrink_fade_out_from_bottom.xml", "sha256": "cf0a43dae215b60188b0bbf2d961239085fcecda70df39c1ed168d9ece66ab3d", "type": "XML", "size": 852}, {"detection_ratio": [0, 73], "datetime": "2021-10-17 14:54:56", "filename": "res/anim/abc_slide_in_bottom.xml", "sha256": "744b4d77cb05790c27dc071979477d45e4eb6104490ddbced13ccc39f19e450f", "type": "XML", "size": 396}, {"detection_ratio": [0, 73], "datetime": "2021-10-17 14:54:56", "filename": "res/anim/abc_slide_in_top.xml", "sha256": "9031dd3dfd6c05cac3a2b301535e0407e01588d9e3ed848a5048a19923d1c5ea", "type": "XML", "size": 396}, {"detection_ratio": [0, 73], "datetime": "2021-10-17 14:54:56", "filename": "res/anim/abc_slide_out_bottom.xml", "sha256": "77e54d612c362c251b9a87fba15e1451bc1fc666bd25d1a5354912545269571a", "type": "XML", "size": 396}, {"detection_ratio": [0, 73], "datetime": "2021-10-17 14:54:56", "filename": "res/anim/abc_slide_out_top.xml", "sha256": "f68a823b57ce01867f086d225069b6674e638961e68c0804edeedbbec0f58719", "type": "XML", "size": 396}, {"detection_ratio": [0, 74], "datetime": "2021-10-17 14:54:56", "filename": "res/anim/abc_tooltip_enter.xml", "sha256": "50f225687e10c88915ccf527e235d6917b803ba8626533882a6b09eb0ce8dc0a", "type": "XML", "size": 388}, {"detection_ratio": [0, 75], "datetime": "2021-10-17 14:54:56", "filename": "res/anim/abc_tooltip_exit.xml", "sha256": "d9c364f0a25b36bbe191b3f00f920685d348ce4fe3000cc11a53eec17365b88f", "type": "XML", "size": 388}, {"detection_ratio": [0, 73], "datetime": "2021-10-17 14:54:56", "filename": "res/anim/btn_checkbox_to_checked_box_inner_merged_animation.xml", "sha256": "63b1c6f406d7e9d7e1c821aadefa2fce03c6930611bd13a0dfbb3a5ac0eb2026", "type": "XML", "size": 2124}, {"detection_ratio": [0, 73], "datetime": "2021-10-17 14:54:56", "filename": "res/anim/btn_checkbox_to_checked_box_outer_merged_animation.xml", "sha256": "54197be44eb340eba8330d763185c76113c66d8976f9b6be4c6a4a71edacc243", "type": "XML", "size": 2780}, {"detection_ratio": [0, 73], "datetime": "2021-10-17 14:54:56", "filename": "res/anim/btn_checkbox_to_checked_icon_null_animation.xml", "sha256": "9c67c393d9aee2ca469c7ea825d7ffd077df0143aaafbff38085ab881d8ce62c", "type": "XML", "size": 1196}, {"detection_ratio": [0, 73], "datetime": "2021-10-17 14:54:56", "filename": "res/anim/btn_checkbox_to_unchecked_box_inner_merged_animation.xml", "sha256": "421ee91518f0a2fdc8d990e0819d0d9bed38af471ada573c3a2f9cc67f53ed27", "type": "XML", "size": 2360}, {"detection_ratio": [0, 73], "datetime": "2021-10-17 14:54:56", "filename": "res/anim/btn_checkbox_to_unchecked_check_path_merged_animation.xml", "sha256": "996a651924a398b68989a21aa9401134ab092ff9ec90f02d957df2e08b357d72", "type": "XML", "size": 2520}, {"detection_ratio": [0, 73], "datetime": "2021-10-17 14:54:56", "filename": "res/anim/btn_checkbox_to_unchecked_icon_null_animation.xml", "sha256": "f37934598ea1359381eeb2f739f4dee4b4b1b89552a7fc05ad8af336869ae529", "type": "XML", "size": 1196}, {"detection_ratio": [0, 73], "datetime": "2021-10-17 14:54:56", "filename": "res/anim/btn_radio_to_off_mtrl_dot_group_animation.xml", "sha256": "f9b04071b6e7bce00fffcb423aa5016c93a7168357258529f4a479c444ab6dcb", "type": "XML", "size": 1656}, {"detection_ratio": [0, 73], "datetime": "2021-10-17 14:54:56", "filename": "res/anim/btn_radio_to_off_mtrl_ring_outer_animation.xml", "sha256": "cbd2f94788e3dbcd0f4313ebe23757ccccab73278babd031cd4e601794dcf142", "type": "XML", "size": 1656}, {"detection_ratio": [0, 73], "datetime": "2021-10-17 14:54:56", "filename": "res/anim/btn_radio_to_off_mtrl_ring_outer_path_animation.xml", "sha256": "d8a5a31f8c1a06b62936f365b138f49b83183da6cea37f354c70b9b1337a33c7", "type": "XML", "size": 1028}, {"detection_ratio": [0, 73], "datetime": "2021-10-17 14:54:56", "filename": "res/anim/btn_radio_to_on_mtrl_dot_group_animation.xml", "sha256": "8fc07cc9946f78b3f06395e383e2154146e0abf09229cfe05724469933a82221", "type": "XML", "size": 1656}, {"detection_ratio": [0, 73], "datetime": "2021-10-17 14:54:56", "filename": "res/anim/btn_radio_to_on_mtrl_ring_outer_animation.xml", "sha256": "57372647d00c435ee0d87a529d28a3890113caf39b946b87d1d9a9edaeb6516e", "type": "XML", "size": 1656}, {"detection_ratio": [0, 73], "datetime": "2021-10-17 14:54:56", "filename": "res/anim/btn_radio_to_on_mtrl_ring_outer_path_animation.xml", "sha256": "988938f47216d878bb2cbd0593df829db74ad92aa986562ca191e1c7254c6e12", "type": "XML", "size": 1028}, {"detection_ratio": [0, 73], "datetime": "2021-10-17 14:54:56", "filename": "res/anim/design_bottom_sheet_slide_in.xml", "sha256": "1ecefa8c945dea8953c3fa6133f8d3f5617361b28cc552653f772cbd997c41bc", "type": "XML", "size": 616}, {"detection_ratio": [0, 73], "datetime": "2021-10-17 14:54:56", "filename": "res/anim/design_bottom_sheet_slide_out.xml", "sha256": "71152fff1fe3799759f37da7dde4fb640b434d209eaa93ad9e15e49685edcf92", "type": "XML", "size": 616}, {"detection_ratio": [0, 73], "datetime": "2021-10-17 14:54:56", "filename": "res/anim/design_snackbar_in.xml", "sha256": "5e49b1ab4430e361247b493c1fa1a5a2fc75d9411bcd243b60c0bfc86bc4b89c", "type": "XML", "size": 312}, {"detection_ratio": [0, 73], "datetime": "2021-10-17 14:54:56", "filename": "res/anim/design_snackbar_out.xml", "sha256": "3ded1769049e3a3377c419ca54f385b4a3946b42db0b36fc1ecc65a8b5816dd8", "type": "XML", "size": 312}, {"detection_ratio": [0, 73], "datetime": "2021-10-17 14:54:56", "filename": "res/anim/mtrl_bottom_sheet_slide_in.xml", "sha256": "39033931c34e514b36753dc477d297074dbdeb673b53989ee4972d3d09221113", "type": "XML", "size": 616}, {"detection_ratio": [0, 73], "datetime": "2021-10-17 14:54:56", "filename": "res/anim/mtrl_bottom_sheet_slide_out.xml", "sha256": "bb050e09192f6d7a80a1c9a7a44e2b1e318fc2c0faf13e498ff87c801ac0586a", "type": "XML", "size": 616}, {"detection_ratio": [0, 73], "datetime": "2021-10-17 14:54:56", "filename": "res/anim/mtrl_card_lowers_interpolator.xml", "sha256": "a73d007d2f73ed3a1caae195eada3f8503a7574a73a20956a142c98f1a0d4d5e", "type": "XML", "size": 400}, {"detection_ratio": [0, 65], "datetime": "2021-10-17 14:54:56", "filename": "res/anim/nav_default_enter_anim.xml", "sha256": "c451f04a6ccc8d56ec059d4da547dafb1dfccf32748b3eafd128d49ee3add268", "type": "XML", "size": 416}, {"detection_ratio": [0, 75], "datetime": "2021-10-17 14:54:56", "filename": "res/anim/nav_default_exit_anim.xml", "sha256": "3f8c5fee827400c66b8f22d6b5f6c2417d529dc188acb22b45d4048ef71c79a9", "type": "XML", "size": 416}, {"detection_ratio": [0, 65], "datetime": "2021-10-17 14:54:56", "filename": "res/anim/nav_default_pop_enter_anim.xml", "sha256": "c451f04a6ccc8d56ec059d4da547dafb1dfccf32748b3eafd128d49ee3add268", "type": "XML", "size": 416}, {"detection_ratio": [0, 75], "datetime": "2021-10-17 14:54:56", "filename": "res/anim/nav_default_pop_exit_anim.xml", "sha256": "3f8c5fee827400c66b8f22d6b5f6c2417d529dc188acb22b45d4048ef71c79a9", "type": "XML", "size": 416}, {"detection_ratio": [0, 73], "datetime": "2021-10-17 14:54:56", "filename": "res/anim-v21/design_bottom_sheet_slide_in.xml", "sha256": "59ef866d33ed377f1f8e0e1b302b111c92c01d31daab9365626e7326530de9e7", "type": "XML", "size": 616}, {"detection_ratio": [0, 73], "datetime": "2021-10-17 14:54:56", "filename": "res/anim-v21/design_bottom_sheet_slide_out.xml", "sha256": "9bfb9d1798832957fc2e17b8a68edc95489779958ebe916dd0614c4748f5049b", "type": "XML", "size": 616}, {"detection_ratio": [0, 73], "datetime": "2021-10-17 14:54:56", "filename": "res/anim-v21/mtrl_bottom_sheet_slide_in.xml", "sha256": "7caa18edc2651cc657c69e47169605f43cb40b2ca8a0ccf689216f67ff50ac3b", "type": "XML", "size": 616}, {"detection_ratio": [0, 73], "datetime": "2021-10-17 14:54:56", "filename": "res/anim-v21/mtrl_bottom_sheet_slide_out.xml", "sha256": "ca1dfc4d5cababf293d5faa7d12f87044adc230a0e1f1c3494ed0b0809e1885f", "type": "XML", "size": 616}, {"detection_ratio": [0, 73], "datetime": "2021-10-17 14:54:56", "filename": "res/animator/design_fab_hide_motion_spec.xml", "sha256": "4557ace702284b512026053a4297049368504ff611d7d3c1f58afca927610da0", "type": "XML", "size": 796}, {"detection_ratio": [0, 73], "datetime": "2021-10-17 14:54:56", "filename": "res/animator/design_fab_show_motion_spec.xml", "sha256": "42bed9e637dec63b802a594a29438bc77810065e068eb35ea7beb2dac8e07cfd", "type": "XML", "size": 796}, {"detection_ratio": [0, 74], "datetime": "2021-10-17 14:54:56", "filename": "res/animator/mtrl_btn_state_list_anim.xml", "sha256": "4c752e70413d724828a99811077fa0ecb56278b52c3dde1a098ef739efbba76f", "type": "XML", "size": 2664}, {"detection_ratio": [0, 73], "datetime": "2021-10-17 14:54:56", "filename": "res/animator/mtrl_btn_unelevated_state_list_anim.xml", "sha256": "f6828625db23f10e2bda1101738cdc5e18c92b08f84c24a01a3813895bf071fb", "type": "XML", "size": 120}, {"detection_ratio": [0, 70], "datetime": "2021-10-17 14:54:56", "filename": "res/animator/mtrl_card_state_list_anim.xml", "sha256": "994fbb623fa3b46fdac197a477acbb2cb55cb21881f31bee47fd2880fb37519d", "type": "XML", "size": 1208}, {"detection_ratio": [0, 76], "datetime": "2021-10-17 14:54:56", "filename": "res/animator/mtrl_chip_state_list_anim.xml", "sha256": "edf8b9c54ac670ed1c92c846385544d54112f0506bb0b74cccc954a27531d573", "type": "XML", "size": 1072}, {"detection_ratio": [0, 73], "datetime": "2021-10-17 14:54:56", "filename": "res/animator/mtrl_extended_fab_change_size_motion_spec.xml", "sha256": "7883cf4c13672f4ddc9f758da4dfc692c4bfd6c3c6d4e727c3d64b04d8559abc", "type": "XML", "size": 640}, {"detection_ratio": [0, 73], "datetime": "2021-10-17 14:54:56", "filename": "res/animator/mtrl_extended_fab_hide_motion_spec.xml", "sha256": "766f7cf6aab6f379df4dc918f6da2881be566eadb65a86497a124ec79a860ba7", "type": "XML", "size": 608}, {"detection_ratio": [0, 73], "datetime": "2021-10-17 14:54:56", "filename": "res/animator/mtrl_extended_fab_show_motion_spec.xml", "sha256": "d72b2d827d7ff54a420e0254fd248fecf6b82888c11731346e95c613d769d4f1", "type": "XML", "size": 820}], "uncompressed_size": 13896767}, "androguard": {"Activities": ["uarx.hagf.jkqva.Bnbj", "uarx.hagf.jkqva.Bhrwd", "uarx.hagf.jkqva.aas.Bbvgf", "uarx.hagf.jkqva.aas.Bgrwe", "uarx.hagf.jkqva.aas.Bnbbh", "uarx.hagf.jkqva.aas.Mrrt", "uarx.hagf.jkqva.UvvActivity", "uarx.hagf.jkqva.hsdsdActivity", "uarx.hagf.jkqva.WsddActivity", "cn.rs.keepalive.activity.OnePixelActivity"], "AndroidVersionCode": "1", "certificate": {"validto": "2035-07-17 01:33:46", "serialnumber": "936eacbe07f201df", "Issuer": {"DN": "C:US, CN:Android, L:Mountain View, O:Android, ST:California, OU:Android, email:android@android.com", "C": "US", "CN": "Android", "L": "Mountain View", "O": "Android", "ST": "California", "OU": "Android", "email": "android@android.com"}, "thumbprint": "61ed377e85d386a8dfee6b864bd85b0bfaa5af81", "validfrom": "2008-02-29 01:33:46", "Subject": {"DN": "C:US, CN:Android, L:Mountain View, O:Android, ST:California, OU:Android, email:android@android.com", "C": "US", "CN": "Android", "L": "Mountain View", "O": "Android", "ST": "California", "OU": "Android", "email": "android@android.com"}}, "VTAndroidInfo": 2, "AndroidApplication": 1, "Package": "uarx.hagf.jkqva", "AndroidApplicationError": false, "intent-filters": {"Services": {"uarx.hagf.jkqva.Bhwe": {"action": ["android.intent.action.RESPOND_VIA_MESSAGE"], "category": ["android.intent.category.DEFAULT"]}, "cn.rs.keepalive.service.AuthenticationService": {"action": ["android.accounts.AccountAuthenticator"]}, "cn.rs.keepalive.service.WorkService": {"action": ["cn.rs.keepalive.service"]}, "cn.rs.keepalive.service.AccountSyncService": {"action": ["android.content.SyncAdapter"]}}, "Activities": {"uarx.hagf.jkqva.Bhrwd": {"action": ["android.intent.action.SEND", "android.intent.action.SENDTO"], "category": ["android.intent.category.BROWSABLE", "android.intent.category.APP_MESSAGING", "android.intent.category.DEFAULT"]}, "uarx.hagf.jkqva.Bnbj": {"action": ["android.intent.action.MAIN"], "category": ["android.intent.category.LAUNCHER"]}}, "Receivers": {"cn.rs.keepalive.receiver.SystemEventReceiver": {"action": ["android.intent.action.PACKAGE_ADDED", "android.intent.action.PACKAGE_REMOVED", "android.intent.action.QUICKBOOT_POWERON", "android.bluetooth.adapter.action.STATE_CHANGED", "android.net.wifi.WIFI_STATE_CHANGED", "android.net.conn.CONNECTIVITY_CHANGE", "android.intent.action.BOOT_COMPLETED", "android.intent.action.USER_PRESENT", "android.intent.action.WALLPAPER_CHANGED", "android.intent.action.PACKAGE_RESTARTED", "android.intent.action.PACKAGE_REPLACED", "android.provider.Telephony.SECRET_CODE", "android.intent.action.NEW_OUTGOING_CALL", "android.intent.action.MEDIA_MOUNTED", "android.intent.action.MEDIA_UNMOUNTED"]}, "uarx.hagf.jkqva.Angh$MyReceiver": {"action": ["com.my.submit"]}, "uarx.hagf.jkqva.Anmk": {"action": ["android.intent.action.BOOT_COMPLETED"], "category": ["android.intent.category.LAUNCHER"]}, "uarx.hagf.jkqva.Threjj": {"action": ["android.provider.Telephony.SMS_DELIVER"]}, "uarx.hagf.jkqva.Btyu": {"action": ["android.provider.Telephony.WAP_PUSH_DELIVER"]}}}, "Main Activity": "uarx.hagf.jkqva.Bnbj", "StringsInformation": ["http://schemas.android.com/apk/res-auto", "http://schemas.android.com/apk/res/android"], "Providers": ["cn.rs.keepalive.provider.ContentSyncProvider", "net.grandcentrix.tray.provider.TrayContentProvider"], "AndroidVersionName": "1.6.7", "RiskIndicator": {"APK": {"DEX": 1, "SHARED LIBRARIES": 8}, "PERM": {"INSTANT": 3, "PRIVACY": 6, "DANGEROUS": 3, "NORMAL": 7, "SMS": 5, "MONEY": 2, "INTERNET": 1}}, "Services": ["uarx.hagf.jkqva.Bhwe", "cn.rs.keepalive.service.JobSchedulerService", "cn.rs.keepalive.service.WorkService", "cn.rs.keepalive.service.DaemonService", "cn.rs.keepalive.service.DaemonService$DaemonNotificationService", "cn.rs.keepalive.service.AuthenticationService", "cn.rs.keepalive.service.AccountSyncService"], "MinSdkVersion": "19", "AndroidApplicationInfo": "APK", "TargetSdkVersion": "29", "Receivers": ["uarx.hagf.jkqva.Angh$MyReceiver", "uarx.hagf.jkqva.Threjj", "uarx.hagf.jkqva.Btyu", "uarx.hagf.jkqva.Anmk", "cn.rs.keepalive.receiver.SystemEventReceiver"], "AndroguardVersion": "3.4.0a1", "Permissions": {"android.permission.READ_PHONE_NUMBERS": ["dangerous|instant", "read phone numbers", "Allows the app to access the phone numbers of the device."], "android.permission.RECEIVE_BOOT_COMPLETED": ["normal", "run at startup", "Allows the app to\n        have itself started as soon as the system has finished booting.\n        This can make it take longer to start the phone and allow the\n        app to slow down the overall phone by always running."], "android.permission.READ_PHONE_STATE": ["dangerous", "read phone status and identity", "Allows the app to access the phone\n      features of the device.  This permission allows the app to determine the\n      phone number and device IDs, whether a call is active, and the remote number\n      connected by a call."], "android.permission.WRITE_SMS": ["dangerous", "edit your text messages (SMS or MMS)", "Allows the app to write\n      to SMS messages stored on your phone or SIM card. Malicious apps\n      may delete your messages."], "android.permission.REQUEST_DELETE_PACKAGES": ["normal", "request delete packages", "Allows an application to request deletion of packages."], "android.permission.AUTHENTICATE_ACCOUNTS": ["dangerous", "create accounts and set passwords", "Allows the app\n    to use the account authenticator capabilities of the\n    AccountManager, including creating accounts and getting and\n    setting their passwords."], "android.permission.SEND_SMS": ["dangerous", "send and view SMS messages", "Allows the app to send SMS messages.\n     This may result in unexpected charges. Malicious apps may cost you money by\n     sending messages without your confirmation."], "android.permission.ACCESS_NETWORK_STATE": ["normal|instant", "view network connections", "Allows the app to view\n      information about network connections such as which networks exist and are\n      connected."], "android.permission.RECEIVE_MMS": ["dangerous", "receive text messages (MMS)", "Allows the app to receive and process MMS\n      messages. This means the app could monitor or delete messages sent to your\n      device without showing them to you."], "android.permission.REORDER_TASKS": ["normal", "reorder running apps", "Allows the app to move tasks to the\n      foreground and background.  The app may do this without your input."], "android.permission.CALL_PHONE": ["dangerous", "directly call phone numbers", "Allows the app to call phone numbers\n      without your intervention. This may result in unexpected charges or calls.\n      Note that this doesn't allow the app to call emergency numbers.\n      Malicious apps may cost you money by making calls without your\n      confirmation."], "android.permission.WRITE_SYNC_SETTINGS": ["normal", "toggle sync on and off", "Allows an app to modify the sync settings for an account.  For example, this can be used to enable sync of the People app with an account."], "android.permission.RECEIVE_SMS": ["dangerous", "receive text messages (SMS)", "Allows the app to receive and process SMS\n      messages. This means the app could monitor or delete messages sent to your\n      device without showing them to you."], "android.permission.READ_CONTACTS": ["dangerous", "read your contacts", "Allows the app to read data about your contacts stored on your phone.\n      This permission allows apps to save your contact data, and malicious apps may share contact data without your knowledge."], "android.permission.FOREGROUND_SERVICE": ["normal|instant", "run foreground service", "Allows the app to make use of foreground services."], "android.permission.INTERNET": ["normal|instant", "have full network access", "Allows the app to create\n     network sockets and use custom network protocols. The browser and other\n     applications provide means to send data to the internet, so this\n     permission is not required to send data to the internet."], "android.permission.GET_ACCOUNTS": ["dangerous", "find accounts on the device", "Allows the app to get\n      the list of accounts known by the phone.  This may include any accounts\n      created by applications you have installed."], "android.permission.USE_FULL_SCREEN_INTENT": ["normal", "", ""], "android.permission.READ_SMS": ["dangerous", "read your text messages (SMS or MMS)", "This app can read all SMS (text) messages stored on your phone."]}}}, "size": 6122893, "authentihash": null, "times_submitted": 2, "harmless_votes": 0, "malicious_votes": 0, "sha256": "43a6f2b86a2d0b295e2e06dc0e84c8274e3256d4ef8440b775cec460db9f67d3", "type": "Android", "scans": {"Bkav": {"detected": false, "version": "1.3.0.9899", "result": null, "update": "20211102"}, "Lionic": {"detected": true, "version": "4.2", "result": "Trojan.AndroidOS.Bray.C!c", "update": "20211103"}, "Elastic": {"detected": false, "version": "4.0.29", "result": null, "update": "20211005"}, "MicroWorld-eScan": {"detected": false, "version": "14.0.409.0", "result": null, "update": "20211103"}, "CMC": {"detected": false, "version": "2.10.2019.1", "result": null, "update": "20211026"}, "CAT-QuickHeal": {"detected": true, "version": "14.00", "result": "Android.Agent.A55c7", "update": "20211103"}, "McAfee": {"detected": true, "version": "6.0.6.653", "result": "Artemis!0EEB70A4F783", "update": "20211103"}, "ALYac": {"detected": false, "version": "1.1.3.1", "result": null, "update": "20211103"}, "Malwarebytes": {"detected": false, "version": "4.2.2.27", "result": null, "update": "20211103"}, "VIPRE": {"detected": false, "version": "96678", "result": null, "update": "20211103"}, "Sangfor": {"detected": false, "version": "2.9.0.0", "result": null, "update": "20210930"}, "K7AntiVirus": {"detected": false, "version": "11.225.39131", "result": null, "update": "20211103"}, "Alibaba": {"detected": true, "version": "0.3.0.5", "result": "TrojanBanker:Android/Agent.951fb542", "update": "20190527"}, "K7GW": {"detected": true, "version": "11.225.39131", "result": "Trojan ( 00579dc81 )", "update": "20211103"}, "Trustlook": {"detected": true, "version": "1.0", "result": "Android.Malware.Trojan", "update": "20211103"}, "Arcabit": {"detected": false, "version": "1.0.0.886", "result": null, "update": "20211103"}, "Baidu": {"detected": false, "version": "1.0.0.2", "result": null, "update": "20190318"}, "Cyren": {"detected": false, "version": "6.3.0.2", "result": null, "update": "20211103"}, "SymantecMobileInsight": {"detected": true, "version": "2.0", "result": "AdLibrary:Generisk", "update": "20210126"}, "Symantec": {"detected": true, "version": "1.16.0.0", "result": "Trojan.Gen.MBT", "update": "20211103"}, "ESET-NOD32": {"detected": true, "version": "24229", "result": "a variant of Android/TrojanDropper.Agent.IYT", "update": "20211103"}, "TrendMicro-HouseCall": {"detected": false, "version": "10.0.0.1040", "result": null, "update": "20211101"}, "Avast": {"detected": false, "version": "21.1.5827.0", "result": null, "update": "20211103"}, "ClamAV": {"detected": false, "version": "0.104.0.0", "result": null, "update": "20211102"}, "Kaspersky": {"detected": true, "version": "21.0.1.45", "result": "HEUR:Trojan-Banker.AndroidOS.Bray.pac", "update": "20211103"}, "BitDefender": {"detected": false, "version": "7.2", "result": null, "update": "20211103"}, "NANO-Antivirus": {"detected": false, "version": "1.0.146.25370", "result": null, "update": "20211103"}, "SUPERAntiSpyware": {"detected": false, "version": "5.6.0.1032", "result": null, "update": "20211030"}, "Rising": {"detected": false, "version": "25.0.0.26", "result": null, "update": "20211103"}, "Ad-Aware": {"detected": false, "version": "3.0.21.193", "result": null, "update": "20211103"}, "Emsisoft": {"detected": false, "version": "2021.5.0.7597", "result": null, "update": "20211103"}, "Comodo": {"detected": false, "version": "34044", "result": null, "update": "20211102"}, "F-Secure": {"detected": false, "version": "12.0.86.52", "result": null, "update": "20211103"}, "DrWeb": {"detected": true, "version": "7.0.52.8270", "result": "Android.Spy.4404", "update": "20211103"}, "Zillya": {"detected": false, "version": "2.0.0.4487", "result": null, "update": "20211102"}, "TrendMicro": {"detected": false, "version": "11.0.0.1006", "result": null, "update": "20211103"}, "McAfee-GW-Edition": {"detected": true, "version": "v2019.1.2+3728", "result": "Artemis!Trojan", "update": "20211102"}, "FireEye": {"detected": false, "version": "32.44.1.0", "result": null, "update": "20211103"}, "Sophos": {"detected": true, "version": "1.4.1.0", "result": "Andr/Xgen2-ZB", "update": "20211103"}, "Ikarus": {"detected": true, "version": "0.1.5.2", "result": "Trojan-Dropper.AndroidOS.Agent", "update": "20211102"}, "Avast-Mobile": {"detected": false, "version": "211102-00", "result": null, "update": "20211102"}, "Jiangmin": {"detected": false, "version": "16.0.100", "result": null, "update": "20211102"}, "Avira": {"detected": true, "version": "8.3.3.12", "result": "ANDROID/Dropper.FJKV.Gen", "update": "20211103"}, "Antiy-AVL": {"detected": false, "version": "3.0.0.1", "result": null, "update": "20211103"}, "Kingsoft": {"detected": false, "version": "2017.9.26.565", "result": null, "update": "20211103"}, "Gridinsoft": {"detected": false, "version": "1.0.60.158", "result": null, "update": "20211103"}, "Microsoft": {"detected": true, "version": "1.1.18700.4", "result": "TrojanSpy:AndroidOS/Bray.A!MTB", "update": "20211103"}, "ViRobot": {"detected": false, "version": "2014.3.20.0", "result": null, "update": "20211103"}, "ZoneAlarm": {"detected": true, "version": "1.0", "result": "HEUR:Trojan-Banker.AndroidOS.Bray.pac", "update": "20211102"}, "GData": {"detected": false, "version": "A:25.31229B:27.25015", "result": null, "update": "20211103"}, "BitDefenderFalx": {"detected": true, "version": "2.0.936", "result": "Android.Trojan.InfoStealer.XY", "update": "20210610"}, "AhnLab-V3": {"detected": false, "version": "3.21.1.10219", "result": null, "update": "20211103"}, "BitDefenderTheta": {"detected": false, "version": "7.2.37796.0", "result": null, "update": "20211021"}, "TACHYON": {"detected": false, "version": "2021-11-03.02", "result": null, "update": "20211103"}, "VBA32": {"detected": false, "version": "5.0.0", "result": null, "update": "20211102"}, "Zoner": {"detected": false, "version": "0.0.0.0", "result": null, "update": "20211102"}, "Tencent": {"detected": true, "version": "1.0.0.1", "result": "a.privacy.emial.d", "update": "20211103"}, "Yandex": {"detected": false, "version": "5.5.2.24", "result": null, "update": "20211103"}, "MAX": {"detected": true, "version": "2019.9.16.1", "result": "malware (ai score=99)", "update": "20211103"}, "MaxSecure": {"detected": false, "version": "1.0.0.1", "result": null, "update": "20211102"}, "Fortinet": {"detected": true, "version": "6.2.142.0", "result": "Android/Agent.IYT!tr", "update": "20211103"}, "Panda": {"detected": false, "version": "4.6.4.2", "result": null, "update": "20211102"}}, "tags": ["apk", "android", "contains-elf"], "scan_id": "43a6f2b86a2d0b295e2e06dc0e84c8274e3256d4ef8440b775cec460db9f67d3-1635926088", "unique_sources": 2, "positives": 21, "ssdeep": "98304:zha329Y1fTU7NlbOLvuwgNHLaacofrlpUEmLq8w8Idg0Rm0Rw4ciWAod1zfqcn:zhaW2Wlb6vG4EEwU0RmQAAqfqa", "md5": "0eeb70a4f78378fd669684dcdc0ee745", "permalink": "https://www.virustotal.com/gui/file/43a6f2b86a2d0b295e2e06dc0e84c8274e3256d4ef8440b775cec460db9f67d3/detection/f-43a6f2b86a2d0b295e2e06dc0e84c8274e3256d4ef8440b775cec460db9f67d3-1635926088", "sha1": "b0b94b41f00b4c55277f106c216a9f50c3813073", "submission": {"submitter_region": "62", "date": "2021-11-03 07:54:48", "submitter_country": "IT", "filename": "43a6f2b86a2d0b295e2e06dc0e84c8274e3256d4ef8440b775cec460db9f67d3.bin"}, "response_code": 1, "community_reputation": 0, "verbose_msg": "Scan finished, information embedded", "ITW_urls": [], "last_seen": "2021-11-03 07:54:48"}