{"vhash": "d40a9485137088694801c3c5714213a4", "submission_names": ["/vdepot/apk/4B/B3/4BB3EF0CF83E8870E423148A9947FF93"], "scan_date": "2021-11-03 09:15:59", "first_seen": "2021-11-03 09:15:59", "total": 62, "additional_info": {"exiftool": {"MIMEType": "application/zip", "ZipRequiredVersion": "20", "ZipCRC": "0xd366dbcb", "FileType": "ZIP", "ZipCompression": "Deflated", "ZipUncompressedSize": "21344", "ZipCompressedSize": "4381", "FileTypeExtension": "zip", "ZipFileName": "AndroidManifest.xml", "ZipBitFlag": "0x0800", "ZipModifyDate": "1980:00:00 00:00:00"}, "trid": "Android Package (67.5%)\nJava Archive (23.6%)\nZIP compressed archive (7.0%)\nPrintFox/Pagefox bitmap (640x800) (1.7%)", "androguard": {"Activities": ["com.intensive.sound.MainActivity", "com.intensive.sound.ma", "com.intensive.sound.sa", "com.apld.av.ma", "com.apld.av.up", "com.apld.av.ls", "com.apld.av.ac1", "com.apld.av.ac2", "com.apld.av.ac3", "com.apld.av.ac4", "com.google.android.gms.common.api.GoogleApiActivity"], "AndroidVersionCode": "60", "certificate": {"validto": "2047-09-07 12:42:53", "serialnumber": "42100b4b", "Issuer": {"DN": "C:US, CN:Curt Beattie, O:West Provider Consulting, OU:IT", "C": "US", "CN": "Curt Beattie", "O": "West Provider Consulting", "OU": "IT"}, "thumbprint": "f115ba5af25d74698180e83ba444919596099f5f", "validfrom": "2020-04-21 12:42:53", "Subject": {"DN": "C:US, CN:Curt Beattie, O:West Provider Consulting, OU:IT", "C": "US", "CN": "Curt Beattie", "O": "West Provider Consulting", "OU": "IT"}}, "VTAndroidInfo": 2, "AndroidApplication": 1, "Package": "com.intensive.sound", "AndroidApplicationError": false, "intent-filters": {"Services": {"com.apld.av.vs": {"action": ["android.net.VpnService"]}, "com.google.firebase.messaging.FirebaseMessagingService": {"action": ["com.google.firebase.MESSAGING_EVENT"]}, "com.intensive.sound.fbs": {"action": ["com.google.firebase.MESSAGING_EVENT"]}}, "Activities": {"com.intensive.sound.sa": {"action": ["android.intent.action.SEARCH"]}, "com.intensive.sound.MainActivity": {"action": ["android.intent.action.MAIN"], "category": ["android.intent.category.LAUNCHER"]}}, "Receivers": {"com.intensive.sound.bur": {"action": ["android.intent.action.BOOT_COMPLETED", "android.intent.action.QUICKBOOT_POWERON", "com.htc.intent.action.QUICKBOOT_POWERON"]}, "com.google.firebase.iid.FirebaseInstanceIdReceiver": {"action": ["com.google.android.c2dm.intent.RECEIVE"]}, "com.intensive.sound.wp": {"action": ["android.appwidget.action.APPWIDGET_UPDATE"]}}}, "Main Activity": "com.intensive.sound.MainActivity", "StringsInformation": ["https://%s/%s/%s", "https://plus.google.com/"], "Providers": ["com.intensive.sound.mp", "androidx.core.content.FileProvider", "com.google.firebase.provider.FirebaseInitProvider"], "AndroidVersionName": "6.9", "RiskIndicator": {"APK": {"DEX": 1}, "PERM": {"DEVELOPMENT": 1, "INSTANT": 4, "PRE23": 1, "APPOP": 2, "NORMAL": 7, "DANGEROUS": 2, "PREINSTALLED": 1, "SIGNATURE": 2, "INTERNET": 1, "PRIVACY": 2, "GPS": 2}}, "Services": ["com.intensive.sound.fbs", "com.intensive.sound.svc", "com.intensive.sound.eh", "com.intensive.sound.ctrl", "com.apld.av.svc", "com.apld.av.vs", "com.apld.av.bb.bs", "com.intensive.sound.ClsLdrProc$media", "org.mozilla.gecko.media.MediaManager", "com.intensive.sound.ClsLdrProc$gmplugin", "org.mozilla.gecko.process.GeckoChildProcessServices$gmplugin", "com.intensive.sound.ClsLdrProc$tab0", "org.mozilla.gecko.process.GeckoChildProcessServices$tab0", "com.intensive.sound.ClsLdrProc$tab1", "org.mozilla.gecko.process.GeckoChildProcessServices$tab1", "com.intensive.sound.ClsLdrProc$tab2", "org.mozilla.gecko.process.GeckoChildProcessServices$tab2", "com.intensive.sound.ClsLdrProc$socket", "org.mozilla.gecko.process.GeckoChildProcessServices$socket", "org.mozilla.gecko.gfx.SurfaceAllocatorService", "com.google.firebase.messaging.FirebaseMessagingService", "com.google.firebase.components.ComponentDiscoveryService", "com.google.android.datatransport.runtime.backends.TransportBackendDiscovery", "com.google.android.datatransport.runtime.scheduling.jobscheduling.JobInfoSchedulerService"], "MinSdkVersion": "21", "AndroidApplicationInfo": "APK", "TargetSdkVersion": "28", "Receivers": ["com.intensive.sound.eh$br", "com.intensive.sound.bur", "com.intensive.sound.wp", "com.apld.av.eh", "com.apld.av.nbr", "com.apld.av.ma$br", "com.google.firebase.iid.FirebaseInstanceIdReceiver", "com.google.android.datatransport.runtime.scheduling.jobscheduling.AlarmManagerSchedulerBroadcastReceiver"], "AndroguardVersion": "3.4.0a1", "Permissions": {"android.permission.ACCESS_FINE_LOCATION": ["dangerous|instant", "access precise location (GPS and\n      network-based)", "This app can get your location based on GPS or network location sources such as cell towers and Wi-Fi networks. These location services must be turned on and available on your phone for the app to be able to use them. This may increase battery consumption."], "android.permission.VIBRATE": ["normal|instant", "control vibration", "Allows the app to control the vibrator."], "android.permission.READ_EXTERNAL_STORAGE": ["dangerous", "read the contents of your SD card", "Allows the app to read the contents of your SD card."], "android.permission.RECEIVE_BOOT_COMPLETED": ["normal", "run at startup", "Allows the app to\n        have itself started as soon as the system has finished booting.\n        This can make it take longer to start the phone and allow the\n        app to slow down the overall phone by always running."], "android.permission.SYSTEM_ALERT_WINDOW": ["signature|preinstalled|appop|pre23|development", "This app can appear on top of other apps", "This app can appear on top of other apps or other parts of the screen. This may interfere with normal app usage and change the way that other apps appear."], "android.permission.USE_FULL_SCREEN_INTENT": ["normal", "Unknown permission from android reference", "Unknown permission from android reference"], "com.google.android.c2dm.permission.RECEIVE": ["normal", "Unknown permission from android reference", "Unknown permission from android reference"], "android.permission.ACCESS_WIFI_STATE": ["normal", "view Wi-Fi connections", "Allows the app to view information\n      about Wi-Fi networking, such as whether Wi-Fi is enabled and name of\n      connected Wi-Fi devices."], "android.permission.ACCESS_COARSE_LOCATION": ["dangerous|instant", "access approximate location\n      (network-based)", "This app can get your location based on network sources such as cell towers and Wi-Fi networks. These location services must be turned on and available on your phone for the app to be able to use them."], "android.permission.REQUEST_INSTALL_PACKAGES": ["signature|appop", "request install packages", "Allows an application to request installation of packages."], "android.permission.WAKE_LOCK": ["normal|instant", "prevent phone from sleeping", "Allows the app to prevent the phone from going to sleep."], "android.permission.ACCESS_NETWORK_STATE": ["normal|instant", "view network connections", "Allows the app to view\n      information about network connections such as which networks exist and are\n      connected."], "android.permission.INTERNET": ["normal|instant", "have full network access", "Allows the app to create\n     network sockets and use custom network protocols. The browser and other\n     applications provide means to send data to the internet, so this\n     permission is not required to send data to the internet."], "android.permission.FOREGROUND_SERVICE": ["normal|instant", "run foreground service", "Allows the app to make use of foreground services."], "android.permission.MODIFY_AUDIO_SETTINGS": ["normal", "change your audio settings", "Allows the app to modify global audio settings such as volume and which speaker is used for output."], "android.permission.WRITE_EXTERNAL_STORAGE": ["dangerous", "modify or delete the contents of your SD card", "Allows the app to write to the SD card."], "com.android.vending.BILLING": ["normal", "Unknown permission from android reference", "Unknown permission from android reference"]}}, "magic": "Zip archive data, at least v2.0 to extract", "compressedview": {"highest_datetime": "2021-01-30 02:53:18", "lowest_datetime": "1980-00-00 00:00:00", "num_children": 161, "extensions": {"dex": 1, "xml": 46, "MF": 1, "RSA": 1, "dat": 1, "SF": 1, "png": 68}, "file_types": {"DEX": 1, "XML": 46, "PNG": 68, "unknown": 46}, "type": "APK", "children": [{"datetime": "1980-00-00 00:00:00", "sha256": "57d7779d6c50c2aaf554bbc3e13f810c025088455247e1194e059356dabfcde4", "type": "XML", "filename": "AndroidManifest.xml", "size": 21344}, {"detection_ratio": [0, 73], "datetime": "1980-00-00 00:00:00", "filename": "META-INF/androidx.arch.core_core-runtime.version", "sha256": "c28fcca53637bc88e124af1725df13cb98c69dedefd62fb3cdbe1cdb6b760624", "type": "unknown", "size": 6}, {"detection_ratio": [0, 73], "datetime": "1980-00-00 00:00:00", "filename": "META-INF/androidx.asynclayoutinflater_asynclayoutinflater.version", "sha256": "59854984853104df5c353e2f681a15fc7924742f9a2e468c29af248dce45ce03", "type": "unknown", "size": 6}, {"detection_ratio": [0, 73], "datetime": "1980-00-00 00:00:00", "filename": "META-INF/androidx.coordinatorlayout_coordinatorlayout.version", "sha256": "59854984853104df5c353e2f681a15fc7924742f9a2e468c29af248dce45ce03", "type": "unknown", "size": 6}, {"detection_ratio": [0, 73], "datetime": "1980-00-00 00:00:00", "filename": "META-INF/androidx.core_core.version", "sha256": "1575e1af4a95f12f70b4ee6a6adce8160953d93ea17dc2611b90883ccc3ad3b8", "type": "unknown", "size": 6}, {"detection_ratio": [0, 73], "datetime": "1980-00-00 00:00:00", "filename": "META-INF/androidx.cursoradapter_cursoradapter.version", "sha256": "59854984853104df5c353e2f681a15fc7924742f9a2e468c29af248dce45ce03", "type": "unknown", "size": 6}, {"detection_ratio": [0, 73], "datetime": "1980-00-00 00:00:00", "filename": "META-INF/androidx.customview_customview.version", "sha256": "59854984853104df5c353e2f681a15fc7924742f9a2e468c29af248dce45ce03", "type": "unknown", "size": 6}, {"detection_ratio": [0, 73], "datetime": "1980-00-00 00:00:00", "filename": "META-INF/androidx.documentfile_documentfile.version", "sha256": "59854984853104df5c353e2f681a15fc7924742f9a2e468c29af248dce45ce03", "type": "unknown", "size": 6}, {"detection_ratio": [0, 73], "datetime": "1980-00-00 00:00:00", "filename": "META-INF/androidx.drawerlayout_drawerlayout.version", "sha256": "59854984853104df5c353e2f681a15fc7924742f9a2e468c29af248dce45ce03", "type": "unknown", "size": 6}, {"detection_ratio": [0, 73], "datetime": "1980-00-00 00:00:00", "filename": "META-INF/androidx.fragment_fragment.version", "sha256": "59854984853104df5c353e2f681a15fc7924742f9a2e468c29af248dce45ce03", "type": "unknown", "size": 6}, {"detection_ratio": [0, 73], "datetime": "1980-00-00 00:00:00", "filename": "META-INF/androidx.interpolator_interpolator.version", "sha256": "59854984853104df5c353e2f681a15fc7924742f9a2e468c29af248dce45ce03", "type": "unknown", "size": 6}, {"detection_ratio": [0, 73], "datetime": "1980-00-00 00:00:00", "filename": "META-INF/androidx.legacy_legacy-support-core-ui.version", "sha256": "59854984853104df5c353e2f681a15fc7924742f9a2e468c29af248dce45ce03", "type": "unknown", "size": 6}, {"detection_ratio": [0, 73], "datetime": "1980-00-00 00:00:00", "filename": "META-INF/androidx.legacy_legacy-support-core-utils.version", "sha256": "59854984853104df5c353e2f681a15fc7924742f9a2e468c29af248dce45ce03", "type": "unknown", "size": 6}, {"detection_ratio": [0, 73], "datetime": "1980-00-00 00:00:00", "filename": "META-INF/androidx.lifecycle_lifecycle-livedata-core.version", "sha256": "c28fcca53637bc88e124af1725df13cb98c69dedefd62fb3cdbe1cdb6b760624", "type": "unknown", "size": 6}, {"detection_ratio": [0, 73], "datetime": "1980-00-00 00:00:00", "filename": "META-INF/androidx.lifecycle_lifecycle-livedata.version", "sha256": "c28fcca53637bc88e124af1725df13cb98c69dedefd62fb3cdbe1cdb6b760624", "type": "unknown", "size": 6}, {"detection_ratio": [0, 73], "datetime": "1980-00-00 00:00:00", "filename": "META-INF/androidx.lifecycle_lifecycle-runtime.version", "sha256": "c28fcca53637bc88e124af1725df13cb98c69dedefd62fb3cdbe1cdb6b760624", "type": "unknown", "size": 6}, {"detection_ratio": [0, 73], "datetime": "1980-00-00 00:00:00", "filename": "META-INF/androidx.lifecycle_lifecycle-viewmodel.version", "sha256": "c28fcca53637bc88e124af1725df13cb98c69dedefd62fb3cdbe1cdb6b760624", "type": "unknown", "size": 6}, {"detection_ratio": [0, 73], "datetime": "1980-00-00 00:00:00", "filename": "META-INF/androidx.loader_loader.version", "sha256": "59854984853104df5c353e2f681a15fc7924742f9a2e468c29af248dce45ce03", "type": "unknown", "size": 6}, {"detection_ratio": [0, 73], "datetime": "1980-00-00 00:00:00", "filename": "META-INF/androidx.localbroadcastmanager_localbroadcastmanager.version", "sha256": "59854984853104df5c353e2f681a15fc7924742f9a2e468c29af248dce45ce03", "type": "unknown", "size": 6}, {"detection_ratio": [0, 73], "datetime": "1980-00-00 00:00:00", "filename": "META-INF/androidx.print_print.version", "sha256": "59854984853104df5c353e2f681a15fc7924742f9a2e468c29af248dce45ce03", "type": "unknown", "size": 6}, {"detection_ratio": [0, 73], "datetime": "1980-00-00 00:00:00", "filename": "META-INF/androidx.slidingpanelayout_slidingpanelayout.version", "sha256": "59854984853104df5c353e2f681a15fc7924742f9a2e468c29af248dce45ce03", "type": "unknown", "size": 6}, {"detection_ratio": [0, 73], "datetime": "1980-00-00 00:00:00", "filename": "META-INF/androidx.swiperefreshlayout_swiperefreshlayout.version", "sha256": "59854984853104df5c353e2f681a15fc7924742f9a2e468c29af248dce45ce03", "type": "unknown", "size": 6}, {"detection_ratio": [0, 73], "datetime": "1980-00-00 00:00:00", "filename": "META-INF/androidx.versionedparcelable_versionedparcelable.version", "sha256": "1575e1af4a95f12f70b4ee6a6adce8160953d93ea17dc2611b90883ccc3ad3b8", "type": "unknown", "size": 6}, {"detection_ratio": [0, 73], "datetime": "1980-00-00 00:00:00", "filename": "META-INF/androidx.viewpager_viewpager.version", "sha256": "59854984853104df5c353e2f681a15fc7924742f9a2e468c29af248dce45ce03", "type": "unknown", "size": 6}, {"detection_ratio": [20, 73], "datetime": "1980-00-00 00:00:00", "filename": "classes.dex", "sha256": "dbc62ced947d380c06815d359f24d71038364f1caeaf4bd4fb4ba273003bf3bc", "type": "DEX", "size": 564524}, {"datetime": "1980-00-00 00:00:00", "sha256": "1470a010bf9a04a0b75ade7f314ef5057da79e70ff210d7c0615d32799538352", "type": "unknown", "filename": "firebase-common.properties", "size": 68}, {"detection_ratio": [0, 72], "datetime": "1980-00-00 00:00:00", "filename": "firebase-components.properties", "sha256": "8dd04879964e53e053c4df604d137c0aae129cb36b8900fd4eb8b565fed0a74d", "type": "unknown", "size": 76}, {"detection_ratio": [0, 75], "datetime": "1980-00-00 00:00:00", "filename": "firebase-datatransport.properties", "sha256": "37a5032596f63dc1f8af6c825344d3790daf13374ed8dd561252df6fb3e8ef91", "type": "unknown", "size": 82}, {"detection_ratio": [0, 75], "datetime": "1980-00-00 00:00:00", "filename": "firebase-encoders-json.properties", "sha256": "fc6b68610d48f4c463ae5db34cf4b81911ff14b896caca2ab84afe17beee24b6", "type": "unknown", "size": 82}, {"detection_ratio": [0, 75], "datetime": "1980-00-00 00:00:00", "filename": "firebase-iid-interop.properties", "sha256": "ea5ae5d8e921adc7af9b1eeb14512b6bcc7d2874dd5d302c9fd8d749649d4602", "type": "unknown", "size": 78}, {"detection_ratio": [0, 74], "datetime": "1980-00-00 00:00:00", "filename": "firebase-iid.properties", "sha256": "7c16d798d01332d6fc504c7d9859b3b1e93fc96b357863521b8f7c70103c14ad", "type": "unknown", "size": 62}, {"detection_ratio": [0, 75], "datetime": "1980-00-00 00:00:00", "filename": "firebase-installations-interop.properties", "sha256": "d221c56877384d3421bb37aa003700a45a8d5ac502f8b2e1206f7d2c0c3e2338", "type": "unknown", "size": 98}, {"datetime": "1980-00-00 00:00:00", "sha256": "8513f07116c38f396bddf097d3de13729998d0b747c4828c5ac58d42bb3dc32a", "type": "unknown", "filename": "firebase-installations.properties", "size": 82}, {"detection_ratio": [0, 73], "datetime": "1980-00-00 00:00:00", "filename": "firebase-measurement-connector.properties", "sha256": "27931416d6505d598e8cf380aa0ff8cf444fc0f206467f45b45bd1d863d29e8b", "type": "unknown", "size": 98}, {"detection_ratio": [0, 74], "datetime": "1980-00-00 00:00:00", "filename": "firebase-messaging.properties", "sha256": "00dc544cbe47d29240adb18e0aa551aef1416b0f290adb222e8e4320fcebed2b", "type": "unknown", "size": 74}, {"detection_ratio": [0, 73], "datetime": "1980-00-00 00:00:00", "filename": "play-services-base.properties", "sha256": "b4400be71afac1ac9dd46375f349bbe327ce634e86556964e9af8019a4da982c", "type": "unknown", "size": 74}, {"detection_ratio": [0, 73], "datetime": "1980-00-00 00:00:00", "filename": "play-services-basement.properties", "sha256": "464d029425423dc290e08d95e58f654bf60102f9da769aa9f89dac0f2482d48f", "type": "unknown", "size": 82}, {"detection_ratio": [0, 73], "datetime": "1980-00-00 00:00:00", "filename": "play-services-cloud-messaging.properties", "sha256": "e56cc14b420d5f3078e1fbe9c5e47d1d73272eda8b68ca97dd2e17491f00b517", "type": "unknown", "size": 96}, {"detection_ratio": [0, 75], "datetime": "1980-00-00 00:00:00", "filename": "play-services-stats.properties", "sha256": "e83ac7d729c237c1dd562b858a9f9c5c72401cc8c5df12a1bfb565c7438af5d7", "type": "unknown", "size": 76}, {"detection_ratio": [0, 73], "datetime": "1980-00-00 00:00:00", "filename": "play-services-tasks.properties", "sha256": "f275d6959ed5ff75f87a794f54269afb4fbb23cd93466cdda8d4ce2195393829", "type": "unknown", "size": 76}, {"detection_ratio": [0, 72], "datetime": "1980-00-00 00:00:00", "filename": "res/animator/btha.xml", "sha256": "13ff73f37f50a2491ca0f4949af977159f590dacbb2af81bacb6a67b7e5a5756", "type": "XML", "size": 816}, {"detection_ratio": [0, 75], "datetime": "1980-00-00 00:00:00", "filename": "res/animator/bthma.xml", "sha256": "c7df2bbe7333a6c0dc1fb11a9cbf0ca861192b4c5ff1aa065190b4b86eee7d03", "type": "XML", "size": 816}, {"detection_ratio": [0, 74], "datetime": "1980-00-00 00:00:00", "filename": "res/animator/btsa.xml", "sha256": "58b10fbcb42e44f2632726e031283f7425f3b45e36ad7c3aa4fcd8808fa023b4", "type": "XML", "size": 816}, {"detection_ratio": [0, 75], "datetime": "1980-00-00 00:00:00", "filename": "res/animator/btsma.xml", "sha256": "3902d51c483ec2dcaa68b5bd1f809eef41b34e8c1e12e0bf676baa1155e4eb4a", "type": "XML", "size": 816}, {"detection_ratio": [0, 72], "datetime": "1980-00-00 00:00:00", "filename": "res/color/common_google_signin_btn_text_dark.xml", "sha256": "1ced2e2209c1a3b5a178f318c1e15a734254deff39d17b3f321beaba86670fa4", "type": "XML", "size": 104}, {"detection_ratio": [0, 72], "datetime": "1980-00-00 00:00:00", "filename": "res/color/common_google_signin_btn_text_light.xml", "sha256": "1ced2e2209c1a3b5a178f318c1e15a734254deff39d17b3f321beaba86670fa4", "type": "XML", "size": 104}, {"detection_ratio": [0, 72], "datetime": "1980-00-00 00:00:00", "filename": "res/color/common_google_signin_btn_tint.xml", "sha256": "1ced2e2209c1a3b5a178f318c1e15a734254deff39d17b3f321beaba86670fa4", "type": "XML", "size": 104}, {"detection_ratio": [0, 74], "datetime": "1980-00-00 00:00:00", "filename": "res/drawable-hdpi-v4/common_full_open_on_phone.png", "sha256": "e8e2fecfbf111cc5ef65dbb6c7395a5ae16a68f7e0922738d0c802b26e866e49", "type": "PNG", "size": 681}, {"detection_ratio": [0, 73], "datetime": "1980-00-00 00:00:00", "filename": "res/drawable-hdpi-v4/common_google_signin_btn_icon_dark_normal_background.9.png", "sha256": "fde815fa5c3267d58ce96698035dd6867c6daa573ec498dfc755c60f9445a677", "type": "PNG", "size": 77}, {"detection_ratio": [0, 73], "datetime": "1980-00-00 00:00:00", "filename": "res/drawable-hdpi-v4/common_google_signin_btn_icon_light_normal_background.9.png", "sha256": "fde815fa5c3267d58ce96698035dd6867c6daa573ec498dfc755c60f9445a677", "type": "PNG", "size": 77}, {"detection_ratio": [0, 73], "datetime": "1980-00-00 00:00:00", "filename": "res/drawable-hdpi-v4/common_google_signin_btn_text_dark_normal_background.9.png", "sha256": "fde815fa5c3267d58ce96698035dd6867c6daa573ec498dfc755c60f9445a677", "type": "PNG", "size": 77}, {"detection_ratio": [0, 73], "datetime": "1980-00-00 00:00:00", "filename": "res/drawable-hdpi-v4/common_google_signin_btn_text_light_normal_background.9.png", "sha256": "fde815fa5c3267d58ce96698035dd6867c6daa573ec498dfc755c60f9445a677", "type": "PNG", "size": 77}, {"detection_ratio": [0, 73], "datetime": "1980-00-00 00:00:00", "filename": "res/drawable-hdpi-v4/googleg_disabled_color_18.png", "sha256": "a4d4c009619311d9b83904acfd62fe3b7f918c312522bbcc6ad51cdec4fd1edf", "type": "PNG", "size": 67}, {"detection_ratio": [0, 73], "datetime": "1980-00-00 00:00:00", "filename": "res/drawable-hdpi-v4/googleg_standard_color_18.png", "sha256": "a4d4c009619311d9b83904acfd62fe3b7f918c312522bbcc6ad51cdec4fd1edf", "type": "PNG", "size": 67}, {"detection_ratio": [0, 73], "datetime": "1980-00-00 00:00:00", "filename": "res/drawable-hdpi-v4/icon.png", "sha256": "88ccbe55504dfb58d8c8617dcaa1b56b671af3e5a338e42e5de117f7fba6ac8c", "type": "PNG", "size": 819}, {"detection_ratio": [0, 72], "datetime": "1980-00-00 00:00:00", "filename": "res/drawable-hdpi-v4/nc.png", "sha256": "3034f1f9d8fb2151041244c156a926f79da156455a6e212043611f8a1f951cda", "type": "PNG", "size": 758}, {"detection_ratio": [0, 74], "datetime": "1980-00-00 00:00:00", "filename": "res/drawable-hdpi-v4/notification_bg_low_normal.9.png", "sha256": "21f0b55280be10b187ceff8edef4a5a7047683e6e9fcf47de410aa3839f41094", "type": "PNG", "size": 212}, {"detection_ratio": [0, 74], "datetime": "1980-00-00 00:00:00", "filename": "res/drawable-hdpi-v4/notification_bg_low_pressed.9.png", "sha256": "42aee0b03883e94df5e543348a397d1302c1b8221895871a83b81899f5a9647b", "type": "PNG", "size": 225}, {"detection_ratio": [0, 74], "datetime": "1980-00-00 00:00:00", "filename": "res/drawable-hdpi-v4/notification_bg_normal.9.png", "sha256": "0c6328c7b2420570a7ec38b3beb3bac9a29d895ac1ab7239315aba7266418593", "type": "PNG", "size": 212}, {"detection_ratio": [0, 74], "datetime": "1980-00-00 00:00:00", "filename": "res/drawable-hdpi-v4/notification_bg_normal_pressed.9.png", "sha256": "18b328d8017e677d5aad3dbd66bae356b5cac978c6f0670938ea648e51d0eb66", "type": "PNG", "size": 225}, {"detection_ratio": [0, 74], "datetime": "1980-00-00 00:00:00", "filename": "res/drawable-hdpi-v4/notify_panel_notification_icon_bg.png", "sha256": "8430ec003e003f3f2ba2f78d48fd150e25407667e530e82e87a7d4841c0fd676", "type": "PNG", "size": 107}, {"detection_ratio": [0, 73], "datetime": "1980-00-00 00:00:00", "filename": "res/drawable-hdpi-v4/swp.png", "sha256": "8a13c971267d754749c78e632858f60d4664e2a9bc783a5c2253dd1ce1fd0805", "type": "PNG", "size": 2455}, {"detection_ratio": [0, 73], "datetime": "1980-00-00 00:00:00", "filename": "res/drawable-hdpi-v4/sws24dp.png", "sha256": "d60a2589c25a2432ba695fc4940ce4255ad91f13fb6203174bb047a4d52df587", "type": "PNG", "size": 1333}, {"detection_ratio": [0, 73], "datetime": "1980-00-00 00:00:00", "filename": "res/drawable-hdpi-v4/wi.png", "sha256": "e5ebbe006d597e7474e4f2df481aec6a7cda7d558a589e169e44e17c7626ca35", "type": "PNG", "size": 1850}, {"detection_ratio": [0, 73], "datetime": "1980-00-00 00:00:00", "filename": "res/drawable-ldpi-v4/icon.png", "sha256": "f038bd1f171a45fd305db5d6d462cd2beaa0cfe6a6d71054124b9dc20ee77dd0", "type": "PNG", "size": 383}, {"datetime": "1980-00-00 00:00:00", "sha256": "a6c6381f425fa44f0881c628ac7503bcd40f26a7008e4ef227c5f183729151fd", "type": "PNG", "filename": "res/drawable-ldpi-v4/wi.png", "size": 1881}, {"detection_ratio": [0, 73], "datetime": "1980-00-00 00:00:00", "filename": "res/drawable-mdpi-v4/common_google_signin_btn_icon_dark_normal_background.9.png", "sha256": "fde815fa5c3267d58ce96698035dd6867c6daa573ec498dfc755c60f9445a677", "type": "PNG", "size": 77}, {"detection_ratio": [0, 73], "datetime": "1980-00-00 00:00:00", "filename": "res/drawable-mdpi-v4/common_google_signin_btn_icon_light_normal_background.9.png", "sha256": "fde815fa5c3267d58ce96698035dd6867c6daa573ec498dfc755c60f9445a677", "type": "PNG", "size": 77}, {"detection_ratio": [0, 73], "datetime": "1980-00-00 00:00:00", "filename": "res/drawable-mdpi-v4/common_google_signin_btn_text_dark_normal_background.9.png", "sha256": "fde815fa5c3267d58ce96698035dd6867c6daa573ec498dfc755c60f9445a677", "type": "PNG", "size": 77}, {"detection_ratio": [0, 73], "datetime": "1980-00-00 00:00:00", "filename": "res/drawable-mdpi-v4/common_google_signin_btn_text_light_normal_background.9.png", "sha256": "fde815fa5c3267d58ce96698035dd6867c6daa573ec498dfc755c60f9445a677", "type": "PNG", "size": 77}, {"detection_ratio": [0, 73], "datetime": "1980-00-00 00:00:00", "filename": "res/drawable-mdpi-v4/googleg_disabled_color_18.png", "sha256": "a4d4c009619311d9b83904acfd62fe3b7f918c312522bbcc6ad51cdec4fd1edf", "type": "PNG", "size": 67}, {"detection_ratio": [0, 73], "datetime": "1980-00-00 00:00:00", "filename": "res/drawable-mdpi-v4/googleg_standard_color_18.png", "sha256": "a4d4c009619311d9b83904acfd62fe3b7f918c312522bbcc6ad51cdec4fd1edf", "type": "PNG", "size": 67}, {"detection_ratio": [0, 73], "datetime": "1980-00-00 00:00:00", "filename": "res/drawable-mdpi-v4/icon.png", "sha256": "84562bbaa7520608dbcb7c94838b269772c2ef7b34385be8785c1515929cff28", "type": "PNG", "size": 578}, {"detection_ratio": [0, 72], "datetime": "1980-00-00 00:00:00", "filename": "res/drawable-mdpi-v4/nc.png", "sha256": "962f961db894292d8d4e858f32dd6036e5d34c335f07e4b983f5b47ea4f26267", "type": "PNG", "size": 509}, {"detection_ratio": [0, 74], "datetime": "1980-00-00 00:00:00", "filename": "res/drawable-mdpi-v4/notification_bg_low_normal.9.png", "sha256": "2f7fbda0ba6e53e9a47e2fc0e24e32c447c613a5808c2d6285dc651e83a07ad7", "type": "PNG", "size": 215}, {"detection_ratio": [0, 73], "datetime": "1980-00-00 00:00:00", "filename": "res/drawable-mdpi-v4/notification_bg_low_pressed.9.png", "sha256": "e17761ed280edd93d7141bd504b70f9e9e15a8652288d9e6333bf4ce964ef844", "type": "PNG", "size": 223}, {"detection_ratio": [0, 74], "datetime": "1980-00-00 00:00:00", "filename": "res/drawable-mdpi-v4/notification_bg_normal.9.png", "sha256": "a8676a1793ac8310ffb12986232df66df092d29c242aeedc2b73556c010d38dc", "type": "PNG", "size": 215}, {"detection_ratio": [0, 74], "datetime": "1980-00-00 00:00:00", "filename": "res/drawable-mdpi-v4/notification_bg_normal_pressed.9.png", "sha256": "99c14d6855b8be296d58017d3751b8dc849c47b6d1d80ab614ff9075080e461b", "type": "PNG", "size": 223}, {"detection_ratio": [0, 74], "datetime": "1980-00-00 00:00:00", "filename": "res/drawable-mdpi-v4/notify_panel_notification_icon_bg.png", "sha256": "0d773e62c756422313262846c787e58f67e0ee87e45e1ae9942002e816c4cb9e", "type": "PNG", "size": 98}, {"detection_ratio": [0, 73], "datetime": "1980-00-00 00:00:00", "filename": "res/drawable-mdpi-v4/swp.png", "sha256": "fc69836050aaf8c6bc4f3007c36b78bd3fe56148f5684b9e1dc9c2d35ef92393", "type": "PNG", "size": 1766}, {"detection_ratio": [0, 73], "datetime": "1980-00-00 00:00:00", "filename": "res/drawable-mdpi-v4/sws24dp.png", "sha256": "2352bd119a71e1d714ea1da694dfacd348ac39b2fe8f761992fca8db5ec0ae9b", "type": "PNG", "size": 839}, {"detection_ratio": [0, 73], "datetime": "1980-00-00 00:00:00", "filename": "res/drawable-mdpi-v4/wi.png", "sha256": "f4fb67a7f08c3b5d0f11b135e4f49ce8924a59c515b9557b3c0b3aabd5c152af", "type": "PNG", "size": 1177}, {"detection_ratio": [0, 75], "datetime": "1980-00-00 00:00:00", "filename": "res/drawable-v21/notification_action_background.xml", "sha256": "a223342165140111afc0d8951beb4b3dd4fc8ecfc7d582ec3db26f136683c33d", "type": "XML", "size": 1180}, {"detection_ratio": [0, 74], "datetime": "1980-00-00 00:00:00", "filename": "res/drawable-xhdpi-v4/common_full_open_on_phone.png", "sha256": "e816dc0998f4ee90d7b630f17e16fcc2e72d91078c5315adaac4bc2da4c226d7", "type": "PNG", "size": 489}, {"detection_ratio": [0, 73], "datetime": "1980-00-00 00:00:00", "filename": "res/drawable-xhdpi-v4/common_google_signin_btn_icon_dark_normal_background.9.png", "sha256": "fde815fa5c3267d58ce96698035dd6867c6daa573ec498dfc755c60f9445a677", "type": "PNG", "size": 77}, {"detection_ratio": [0, 73], "datetime": "1980-00-00 00:00:00", "filename": "res/drawable-xhdpi-v4/common_google_signin_btn_icon_light_normal_background.9.png", "sha256": "fde815fa5c3267d58ce96698035dd6867c6daa573ec498dfc755c60f9445a677", "type": "PNG", "size": 77}, {"detection_ratio": [0, 73], "datetime": "1980-00-00 00:00:00", "filename": "res/drawable-xhdpi-v4/common_google_signin_btn_text_dark_normal_background.9.png", "sha256": "fde815fa5c3267d58ce96698035dd6867c6daa573ec498dfc755c60f9445a677", "type": "PNG", "size": 77}, {"detection_ratio": [0, 73], "datetime": "1980-00-00 00:00:00", "filename": "res/drawable-xhdpi-v4/common_google_signin_btn_text_light_normal_background.9.png", "sha256": "fde815fa5c3267d58ce96698035dd6867c6daa573ec498dfc755c60f9445a677", "type": "PNG", "size": 77}, {"detection_ratio": [0, 73], "datetime": "1980-00-00 00:00:00", "filename": "res/drawable-xhdpi-v4/googleg_disabled_color_18.png", "sha256": "a4d4c009619311d9b83904acfd62fe3b7f918c312522bbcc6ad51cdec4fd1edf", "type": "PNG", "size": 67}, {"detection_ratio": [0, 73], "datetime": "1980-00-00 00:00:00", "filename": "res/drawable-xhdpi-v4/googleg_standard_color_18.png", "sha256": "a4d4c009619311d9b83904acfd62fe3b7f918c312522bbcc6ad51cdec4fd1edf", "type": "PNG", "size": 67}, {"detection_ratio": [0, 73], "datetime": "1980-00-00 00:00:00", "filename": "res/drawable-xhdpi-v4/icon.png", "sha256": "8fef1fb47fad145c340591fa6a2d5d9463b2d8b54f664082c52b726aeb2804bb", "type": "PNG", "size": 1256}, {"detection_ratio": [0, 72], "datetime": "1980-00-00 00:00:00", "filename": "res/drawable-xhdpi-v4/ict.png", "sha256": "6d3f75ed795a1daf5071768da40082026c4d952e6f50ec8fa25f07bda49cea92", "type": "PNG", "size": 129}, {"detection_ratio": [0, 73], "datetime": "1980-00-00 00:00:00", "filename": "res/drawable-xhdpi-v4/nc.png", "sha256": "806b4e4a99be3f8f0d020d29d425a74d31abf900c4ccdbeef9e15b1700e398b9", "type": "PNG", "size": 1079}, {"detection_ratio": [0, 74], "datetime": "1980-00-00 00:00:00", "filename": "res/drawable-xhdpi-v4/notification_bg_low_normal.9.png", "sha256": "3e09afa21c45372c035598c017c8fb405a6d678e6cb84dc857581cb3b40e482d", "type": "PNG", "size": 221}, {"detection_ratio": [0, 68], "datetime": "1980-00-00 00:00:00", "filename": "res/drawable-xhdpi-v4/notification_bg_low_pressed.9.png", "sha256": "20343222f9f79dd565c3a2248494d452e70820ac1c437173c38badd45f962afd", "type": "PNG", "size": 252}, {"detection_ratio": [0, 74], "datetime": "1980-00-00 00:00:00", "filename": "res/drawable-xhdpi-v4/notification_bg_normal.9.png", "sha256": "559bf783d765c02338e97952bdc9c6689c7ff99090b8c9813369118da8b080f0", "type": "PNG", "size": 221}, {"detection_ratio": [0, 73], "datetime": "1980-00-00 00:00:00", "filename": "res/drawable-xhdpi-v4/notification_bg_normal_pressed.9.png", "sha256": "d27af435101ca4cbec0c840bd30687918cd39eb83aab1487420855623a45998b", "type": "PNG", "size": 247}, {"detection_ratio": [0, 74], "datetime": "1980-00-00 00:00:00", "filename": "res/drawable-xhdpi-v4/notify_panel_notification_icon_bg.png", "sha256": "b44eeda34d7a529c2fe55719eb098fa29707caa91d18de06a7a775d6e6bcf973", "type": "PNG", "size": 138}, {"detection_ratio": [0, 73], "datetime": "1980-00-00 00:00:00", "filename": "res/drawable-xhdpi-v4/swp.png", "sha256": "d732a31f59d716cd15d5fe09f886d84f8e32c18afc8af8d1bb0390dfefe321b6", "type": "PNG", "size": 3631}, {"detection_ratio": [0, 73], "datetime": "1980-00-00 00:00:00", "filename": "res/drawable-xhdpi-v4/sws24dp.png", "sha256": "8ed776d5ec6513b06f066fae9bb5be45f3b36f33ed525e3bd990373b78b14702", "type": "PNG", "size": 1792}], "uncompressed_size": 882945}}, "size": 543672, "authentihash": null, "times_submitted": 1, "harmless_votes": 0, "malicious_votes": 0, "sha256": "49eb533b0909cac45a47a1c47a61207daf26e8b49b64c43d79758a654b98d8b6", "type": "Android", "scans": {"Bkav": {"detected": false, "version": "1.3.0.9899", "result": null, "update": "20211102"}, "Lionic": {"detected": true, "version": "4.2", "result": "Adware.AndroidOS.FakeAdBlocker.A!c", "update": "20211103"}, "ClamAV": {"detected": false, "version": "0.104.0.0", "result": null, "update": "20211102"}, "CMC": {"detected": false, "version": "2.10.2019.1", "result": null, "update": "20211026"}, "CAT-QuickHeal": {"detected": true, "version": "14.00", "result": "Android.FakeAdBlockerCAD.A", "update": "20211103"}, "McAfee": {"detected": true, "version": "6.0.6.653", "result": "Artemis!B389BBEA204E", "update": "20211103"}, "ALYac": {"detected": false, "version": "1.1.3.1", "result": null, "update": "20211103"}, "Malwarebytes": {"detected": false, "version": "4.2.2.27", "result": null, "update": "20211103"}, "VIPRE": {"detected": false, "version": "96678", "result": null, "update": "20211103"}, "Sangfor": {"detected": false, "version": "2.9.0.0", "result": null, "update": "20210930"}, "K7AntiVirus": {"detected": false, "version": "11.225.39131", "result": null, "update": "20211103"}, "Alibaba": {"detected": false, "version": "0.3.0.5", "result": null, "update": "20190527"}, "K7GW": {"detected": true, "version": "11.225.39131", "result": "Trojan ( 0055e0a31 )", "update": "20211103"}, "Trustlook": {"detected": true, "version": "1.0", "result": "Android.Malware.General (score:4)", "update": "20211103"}, "Arcabit": {"detected": false, "version": "1.0.0.886", "result": null, "update": "20211103"}, "Baidu": {"detected": false, "version": "1.0.0.2", "result": null, "update": "20190318"}, "Cyren": {"detected": true, "version": "6.3.0.2", "result": "AndroidOS/Trojan.RXWM-4", "update": "20211103"}, "SymantecMobileInsight": {"detected": false, "version": "2.0", "result": null, "update": "20210126"}, "Symantec": {"detected": false, "version": "1.16.0.0", "result": null, "update": "20211103"}, "ESET-NOD32": {"detected": true, "version": "24229", "result": "a variant of Android/FakeAdBlocker.A", "update": "20211103"}, "TrendMicro-HouseCall": {"detected": false, "version": "10.0.0.1040", "result": null, "update": "20211101"}, "Avast": {"detected": false, "version": "21.1.5827.0", "result": null, "update": "20211103"}, "Cynet": {"detected": true, "version": "4.0.0.27", "result": "Malicious (score: 99)", "update": "20211103"}, "Kaspersky": {"detected": true, "version": "21.0.1.45", "result": "not-a-virus:HEUR:AdWare.AndroidOS.FakeAdBlocker.a", "update": "20211103"}, "BitDefender": {"detected": false, "version": "7.2", "result": null, "update": "20211103"}, "NANO-Antivirus": {"detected": true, "version": "1.0.146.25370", "result": "Riskware.Android.FakeAdBlocker.iiwcns", "update": "20211103"}, "SUPERAntiSpyware": {"detected": false, "version": "5.6.0.1032", "result": null, "update": "20211030"}, "MicroWorld-eScan": {"detected": false, "version": "14.0.409.0", "result": null, "update": "20211103"}, "Rising": {"detected": false, "version": "25.0.0.26", "result": null, "update": "20211103"}, "Ad-Aware": {"detected": false, "version": "3.0.21.193", "result": null, "update": "20211103"}, "Emsisoft": {"detected": false, "version": "2021.5.0.7597", "result": null, "update": "20211103"}, "Comodo": {"detected": false, "version": "34044", "result": null, "update": "20211102"}, "F-Secure": {"detected": false, "version": "12.0.86.52", "result": null, "update": "20211103"}, "DrWeb": {"detected": true, "version": "7.0.52.8270", "result": "Android.RemoteCode.284.origin", "update": "20211103"}, "Zillya": {"detected": true, "version": "2.0.0.4487", "result": "Adware.FakeAdBlocker.Android.11", "update": "20211102"}, "TrendMicro": {"detected": false, "version": "11.0.0.1006", "result": null, "update": "20211103"}, "McAfee-GW-Edition": {"detected": true, "version": "v2019.1.2+3728", "result": "Artemis!PUP", "update": "20211102"}, "FireEye": {"detected": false, "version": "32.44.1.0", "result": null, "update": "20211103"}, "Sophos": {"detected": true, "version": "1.4.1.0", "result": "Andr/Xgen2-VG", "update": "20211103"}, "Ikarus": {"detected": true, "version": "0.1.5.2", "result": "Trojan.AndroidOS.Hiddenapp", "update": "20211102"}, "Avast-Mobile": {"detected": true, "version": "211102-00", "result": "Android:Evo-gen [Trj]", "update": "20211102"}, "Jiangmin": {"detected": false, "version": "16.0.100", "result": null, "update": "20211102"}, "Avira": {"detected": true, "version": "8.3.3.12", "result": "ANDROID/Agent.SRGM.Gen", "update": "20211103"}, "Antiy-AVL": {"detected": true, "version": "3.0.0.1", "result": "Trojan/Generic.ASMalwAD.397", "update": "20211103"}, "Kingsoft": {"detected": false, "version": "2017.9.26.565", "result": null, "update": "20211103"}, "Gridinsoft": {"detected": false, "version": "1.0.60.158", "result": null, "update": "20211103"}, "Microsoft": {"detected": true, "version": "1.1.18700.4", "result": "Trojan:Win32/Phonzy.A!ml", "update": "20211103"}, "ViRobot": {"detected": false, "version": "2014.3.20.0", "result": null, "update": "20211103"}, "ZoneAlarm": {"detected": true, "version": "1.0", "result": "not-a-virus:HEUR:AdWare.AndroidOS.FakeAdBlocker.f", "update": "20211102"}, "GData": {"detected": false, "version": "A:25.31229B:27.25015", "result": null, "update": "20211103"}, "BitDefenderFalx": {"detected": true, "version": "2.0.936", "result": "Android.Trojan.HiddenApp.AID", "update": "20210610"}, "AhnLab-V3": {"detected": true, "version": "3.21.1.10219", "result": "Trojan/Android.HiddenAds.1010502", "update": "20211103"}, "BitDefenderTheta": {"detected": false, "version": "7.2.37796.0", "result": null, "update": "20211021"}, "TACHYON": {"detected": false, "version": "2021-11-03.02", "result": null, "update": "20211103"}, "VBA32": {"detected": false, "version": "5.0.0", "result": null, "update": "20211102"}, "Zoner": {"detected": false, "version": "0.0.0.0", "result": null, "update": "20211102"}, "Tencent": {"detected": false, "version": "1.0.0.1", "result": null, "update": "20211103"}, "Yandex": {"detected": true, "version": "5.5.2.24", "result": "Trojan.Mober.bVtcD6.26", "update": "20211103"}, "MAX": {"detected": false, "version": "2019.9.16.1", "result": null, "update": "20211103"}, "MaxSecure": {"detected": false, "version": "1.0.0.1", "result": null, "update": "20211102"}, "Fortinet": {"detected": true, "version": "6.2.142.0", "result": "Android/Agent.BQX!tr", "update": "20211103"}, "Panda": {"detected": false, "version": "4.6.4.2", "result": null, "update": "20211102"}}, "tags": ["apk", "android"], "scan_id": "49eb533b0909cac45a47a1c47a61207daf26e8b49b64c43d79758a654b98d8b6-1635930959", "unique_sources": 1, "positives": 24, "ssdeep": "12288:vTnQiJGmfoAvi0DEoB8v0HCO5GVlxtRtTl1iZyVsM7iWg:vTnQicioAi0DEGD50iWg", "md5": "4bb3ef0cf83e8870e423148a9947ff93", "permalink": "https://www.virustotal.com/gui/file/49eb533b0909cac45a47a1c47a61207daf26e8b49b64c43d79758a654b98d8b6/detection/f-49eb533b0909cac45a47a1c47a61207daf26e8b49b64c43d79758a654b98d8b6-1635930959", "sha1": "849539ff311b2a4f21c6a57e34557e35859320e7", "submission": {"submitter_region": "ca", "date": "2021-11-03 09:15:59", "submitter_country": "US", "filename": "/vdepot/apk/4B/B3/4BB3EF0CF83E8870E423148A9947FF93"}, "response_code": 1, "community_reputation": 0, "verbose_msg": "Scan finished, information embedded", "ITW_urls": [], "last_seen": "2021-11-03 09:15:59"}