{"vhash": "91d115f95c4f5ee529735e68f7ea114e", "submission_names": ["/var/www/clean-mx/virusesevidence/output.109129878.txt", "/home/kinetic/Desktop/malwareDataset/APK2017/2017-10-8-7-6-5/VirusShare_d12c8b1082cfd562460ae127fbd45110", "/home/kinetic/Desktop/malwareDataset/APK2017/2017-10/VirusShare_d12c8b1082cfd562460ae127fbd45110", "myfile.exe", "VirusShare_d12c8b1082cfd562460ae127fbd45110", "installer24.default.apk", "/home/melli/Malware/confirmed_malware/VirusShare/VirusShare_d12c8b1082cfd562460ae127fbd45110", "c:/aa/aa", "C:\\iirU2q\\Dterj.xls"], "scan_date": "2021-11-03 09:22:12", "first_seen": "2015-08-12 17:10:54", "total": 62, "additional_info": {"email_parents": [], "magic": "Zip archive data, at least v2.0 to extract", "sigcheck": {}, "exiftool": {"MIMEType": "application/zip", "ZipRequiredVersion": "20", "ZipCRC": "0xe9c1f7c3", "FileType": "ZIP", "ZipCompression": "Deflated", "ZipUncompressedSize": "1634", "ZipCompressedSize": "764", "FileTypeExtension": "zip", "ZipFileName": "META-INF/MANIFEST.MF", "ZipBitFlag": "0x0808", "ZipModifyDate": "2015:02:03 20:50:46"}, "trid": "Android Package (67.5%)\nJava Archive (23.6%)\nZIP compressed archive (7.0%)\nPrintFox/Pagefox bitmap (640x800) (1.7%)", "positives_delta": 0, "trendmicro-housecall-heuristic": "Suspicious_GEN.F47V0813", "compressedview": {"highest_datetime": "2015-02-03 20:50:46", "lowest_datetime": "2015-02-03 20:50:40", "num_children": 25, "extensions": {"dex": 1, "xml": 3, "MF": 1, "RSA": 1, "SF": 1, "png": 4}, "file_types": {"DEX": 1, "XML": 3, "PNG": 4, "unknown": 17}, "type": "APK", "children": [{"datetime": "2015-02-03 20:50:46", "sha256": "f1945399a7bdb1a2144c03a5cfcc2a53025f5a4d805f65fdafc629665a4d4d47", "type": "unknown", "filename": "META-INF/MANIFEST.MF", "size": 1634}, {"datetime": "2015-02-03 20:50:46", "sha256": "2df858c547512cf42b2b809fc7e743ac3c8ddb0fd3bb4e8487ff4615f85dc941", "type": "unknown", "filename": "META-INF/SERVICEC.SF", "size": 1755}, {"datetime": "2015-02-03 20:50:46", "sha256": "c5e48042c798d7767f225209e92672d276cd297f5e6d1cc968c6d86f7b0ef4e4", "type": "unknown", "filename": "META-INF/SERVICEC.RSA", "size": 1200}, {"detection_ratio": [0, 58], "datetime": "2015-02-03 20:50:42", "filename": "assets/cb.data", "sha256": "95e2d957271bea5b31cb4d677beab66ae0c002befc459ca47f36bae47ef74f22", "type": "unknown", "size": 1840}, {"datetime": "2015-02-03 20:50:40", "sha256": "99f631cc7a70a50b6cff8a25ec5cbe82aebcd14e47ee555dfa5da1f74842cb58", "type": "unknown", "filename": "assets/db.data", "size": 5296}, {"datetime": "2015-02-03 20:50:40", "sha256": "7ded7019fe3c7f3e4f72a235c3845c11a2934d74b37d409f4fa56edd489b42b0", "type": "unknown", "filename": "assets/gb.data", "size": 188384}, {"datetime": "2015-02-03 20:50:40", "sha256": "becfa91c5b52a2b5a552edfa3b96f538c4e457712b74e2f10af18bba620190ba", "type": "unknown", "filename": "assets/hb.data", "size": 5568}, {"detection_ratio": [0, 58], "datetime": "2015-02-03 20:50:40", "filename": "assets/ib.data", "sha256": "a50d16beea21403d111cbf3d19689a0b4670203f01f2d661a107711fd4cda29e", "type": "unknown", "size": 46528}, {"datetime": "2015-02-03 20:50:40", "sha256": "e2c22107fdb502344a82c69c9808739b091e73f5f87c6bcbf28b7fe0d5de27b5", "type": "unknown", "filename": "assets/jb.data", "size": 60624}, {"detection_ratio": [0, 58], "datetime": "2015-02-03 20:50:40", "filename": "assets/kb.data", "sha256": "ed14f3fac57f92ced42ec549d818239982859e3f7c9e201747ef02d598273d50", "type": "unknown", "size": 256}, {"detection_ratio": [0, 58], "datetime": "2015-02-03 20:50:40", "filename": "assets/lb.data", "sha256": "6412a79030740e4f20698aa2d459241c1727e05983af33e445d1d46acf13c0c1", "type": "unknown", "size": 18224}, {"datetime": "2015-02-03 20:50:40", "sha256": "8b904b2f24a7dfa32e2840e7ef85b045c3bb391c2c7319bfba952f3961e732a5", "type": "unknown", "filename": "assets/mb.data", "size": 57328}, {"datetime": "2015-02-03 20:50:40", "sha256": "69b01c28cea15eea64c73c02e492465a828673d63e8c9f610502eb183d1caa60", "type": "unknown", "filename": "assets/nb.data", "size": 13840}, {"datetime": "2015-02-03 20:50:40", "sha256": "d2783655a6576e556e9a2bfd2adc8063b1b2c2e72f2547b51e8a4ec5f4b5925a", "type": "unknown", "filename": "assets/ob.data", "size": 163712}, {"detection_ratio": [0, 58], "datetime": "2015-02-03 20:50:42", "filename": "assets/rb.data", "sha256": "96914eb59df88d142540b6de9e54828b610407466100567fe522bf6ce734f6e7", "type": "unknown", "size": 198}, {"datetime": "2015-02-03 20:50:40", "sha256": "8b1c16514c8e8c2bb781b8cf18e6735833a2d213573922c25594a2aada07fd56", "type": "unknown", "filename": "assets/sb.data", "size": 13776}, {"detection_ratio": [0, 74], "datetime": "2015-02-03 20:50:44", "filename": "res/drawable-hdpi/ic_launcher.png", "sha256": "b9ddca2569bbdab40a57aa90507c157c904ddaeb69869b7b4474f8d0c9a680c5", "type": "PNG", "size": 6120}, {"detection_ratio": [0, 50], "datetime": "2015-02-03 20:50:44", "filename": "res/drawable-mdpi/ic_launcher.png", "sha256": "b6dcc2d6becdac974219e390e2703b752fdadadf1f160c1ae4ce305c437ec96e", "type": "PNG", "size": 3156}, {"detection_ratio": [0, 49], "datetime": "2015-02-03 20:50:44", "filename": "res/drawable-xhdpi/ic_launcher.png", "sha256": "f671b18fa919d90836416af6a39a19db8732750712835933440b079057fd76d5", "type": "PNG", "size": 9487}, {"detection_ratio": [0, 50], "datetime": "2015-02-03 20:50:44", "filename": "res/drawable-xxhdpi/ic_launcher.png", "sha256": "fef86f1f6e8e09fa8234ba9d1f698f3b3fcb57bd7242abd9e6d928ece904e9e7", "type": "PNG", "size": 18087}, {"datetime": "2015-02-03 20:50:44", "sha256": "e6159b0e606acc9180e60482642c183608f4f2fc526de51fb76cb65279b25f93", "type": "XML", "filename": "res/layout/main.xml", "size": 656}, {"datetime": "2015-02-03 20:50:44", "sha256": "94c3b59678381bfe00ff6dfb88355ff9fc6ee76dae60bcb4cb4ac4d33c81f337", "type": "XML", "filename": "res/xml/device_a.xml", "size": 664}, {"datetime": "2015-02-03 20:50:44", "sha256": "0a992bd4ba02fd83c2255b2334b278ab0619034420df2029e0fee4d4968d7aa2", "type": "XML", "filename": "AndroidManifest.xml", "size": 7104}, {"detection_ratio": [24, 75], "datetime": "2015-02-03 20:50:44", "filename": "classes.dex", "sha256": "e82d8c5e6322d092391ce1d9561b75e01c5791143c58310c7d5f05199f48ee7c", "type": "DEX", "size": 506516}, {"datetime": "2015-02-03 20:50:44", "sha256": "01457a99345489e80fe07e47085c3c1f43df57684e75845542afbfd30e1280c8", "type": "unknown", "filename": "resources.arsc", "size": 1528}], "uncompressed_size": 1133481}, "first_seen_itw": "2014-12-01 01:32:13", "androguard": {"AndroidVersionCode": "1", "certificate": {"validto": "2062-04-25 02:02:54", "serialnumber": "4fa72d4e", "Issuer": {"DN": "C:US, CN:Server, O:Sun, OU:JavaSoft", "C": "US", "CN": "Server", "O": "Sun", "OU": "JavaSoft"}, "thumbprint": "c1f04e3a7405d9cfa238259730f096a17fcf2a4f", "validfrom": "2012-05-07 02:02:54", "Subject": {"DN": "C:US, CN:Server, O:Sun, OU:JavaSoft", "C": "US", "CN": "Server", "O": "Sun", "OU": "JavaSoft"}}, "VTAndroidInfo": 2, "Package": "com.android.dvci", "AndroidApplication": 1, "intent-filters": {"Services": {"com.android.dvci.ServiceMain": {"action": ["com.android.dvci.app"]}}, "Receivers": {"com.android.dvci.listener.AR": {"action": ["android.app.action.DEVICE_ADMIN_ENABLED", "android.app.action.ACTION_DEVICE_ADMIN_DISABLE_REQUESTED", "android.app.action.ACTION_DEVICE_ADMIN_DISABLED"]}, "com.android.dvci.BM": {"action": ["android.intent.action.BOOT_COMPLETED", "android.intent.action.USER_PRESENT"]}}}, "AndroidApplicationError": false, "AndroidVersionName": "1.0", "RiskIndicator": {"APK": {"DEX": 1}, "PERM": {"PRIVACY": 9, "DANGEROUS": 6, "NORMAL": 4, "SMS": 4, "CALL": 1, "MONEY": 3, "INTERNET": 1, "GPS": 2}}, "Services": ["com.android.dvci.ServiceMain"], "MinSdkVersion": "8", "AndroidApplicationInfo": "APK", "TargetSdkVersion": "10", "Receivers": ["com.android.dvci.BM", "com.android.dvci.listener.AR"], "AndroguardVersion": "3.4.0a1", "Permissions": {"android.permission.CHANGE_NETWORK_STATE": ["dangerous", "change network connectivity", "Allows an application to change\n      the state of network connectivity."], "android.permission.READ_CALENDAR": ["dangerous", "read calendar events", "Allows an application to read all\n        of the calendar events stored on your phone. Malicious applications\n        can use this to send your calendar events to other people."], "android.permission.PROCESS_OUTGOING_CALLS": ["dangerous", "intercept outgoing calls", "Allows application to\n        process outgoing calls and change the number to be dialed.  Malicious\n        applications may monitor, redirect, or prevent outgoing calls."], "android.permission.ACCESS_COARSE_LOCATION": ["dangerous", "coarse (network-based) location", "Access coarse location sources such as the cellular\n        network database to determine an approximate phone location, where available. Malicious\n        applications can use this to determine approximately where you are."], "android.permission.ACCESS_WIFI_STATE": ["normal", "view Wi-Fi state", "Allows an application to view\n      the information about the state of Wi-Fi."], "android.permission.INTERNET": ["dangerous", "full Internet access", "Allows an application to\n      create network sockets."], "android.permission.ACCESS_FINE_LOCATION": ["dangerous", "fine (GPS) location", "Access fine location sources such as the\n        Global Positioning System on the phone, where available.\n        Malicious applications can use this to determine where you are, and may\n        consume additional battery power."], "android.permission.SEND_SMS": ["dangerous", "send SMS messages", "Allows application to send SMS\n      messages. Malicious applications may cost you money by sending\n      messages without your confirmation."], "android.permission.WRITE_SMS": ["dangerous", "edit SMS or MMS", "Allows application to write\n      to SMS messages stored on your phone or SIM card. Malicious applications\n      may delete your messages."], "android.permission.ACCESS_NETWORK_STATE": ["normal", "view network state", "Allows an application to view\n      the state of all networks."], "android.permission.GET_TASKS": ["dangerous", "retrieve running applications", "Allows application to retrieve\n        information about currently and recently running tasks. May allow\n        malicious applications to discover private information about other applications."], "android.permission.USER_PRESENT": ["normal", "Unknown permission from android reference", "Unknown permission from android reference"], "android.permission.WRITE_EXTERNAL_STORAGE": ["dangerous", "modify/delete SD card contents", "Allows an application to write to the SD card."], "android.permission.RECEIVE_SMS": ["dangerous", "receive SMS", "Allows application to receive\n      and process SMS messages. Malicious applications may monitor\n      your messages or delete them without showing them to you."], "android.permission.RECEIVE_BOOT_COMPLETED": ["normal", "automatically start at boot", "Allows an application to\n        have itself started as soon as the system has finished booting.\n        This can make it take longer to start the phone and allow the\n        application to slow down the overall phone by always running."], "android.permission.CALL_PHONE": ["dangerous", "directly call phone numbers", "Allows the application to call\n        phone numbers without your intervention. Malicious applications may\n        cause unexpected calls on your phone bill. Note that this does not\n        allow the application to call emergency numbers."], "android.permission.READ_PHONE_STATE": ["dangerous", "read phone state and identity", "Allows the application to access the phone\n        features of the device.  An application with this permission can determine the phone\n        number and serial number of this phone, whether a call is active, the number that call\n        is connected to and the like."], "android.permission.READ_SMS": ["dangerous", "read SMS or MMS", "Allows application to read\n      SMS messages stored on your phone or SIM card. Malicious applications\n      may read your confidential messages."], "android.permission.VIBRATE": ["normal", "control vibrator", "Allows the application to control\n        the vibrator."], "android.permission.CAMERA": ["dangerous", "take pictures and videos", "Allows application to take pictures and videos\n        with the camera. This allows the application at any time to collect\n        images the camera is seeing."], "android.permission.WAKE_LOCK": ["dangerous", "prevent phone from sleeping", "Allows an application to prevent\n        the phone from going to sleep."], "android.permission.CHANGE_WIFI_STATE": ["dangerous", "change Wi-Fi state", "Allows an application to connect\n      to and disconnect from Wi-Fi access points, and to make changes to\n      configured Wi-Fi networks."], "android.permission.RECORD_AUDIO": ["dangerous", "record audio", "Allows application to access\n        the audio record path."], "android.permission.READ_CONTACTS": ["dangerous", "read contact data", "Allows an application to read all\n        of the contact (address) data stored on your phone. Malicious applications\n        can use this to send your data to other people."]}}, "f-prot-unpacker": "appended"}, "size": 860113, "authentihash": null, "times_submitted": 16, "harmless_votes": 0, "malicious_votes": 0, "sha256": "5317c9bb3928b2be88572f6f12e410a77c55559474234a55651aaa740a472862", "type": "Android", "scans": {"Bkav": {"detected": false, "version": "1.3.0.9899", "result": null, "update": "20211102"}, "Lionic": {"detected": true, "version": "4.2", "result": "Trojan.AndroidOS.Agent.C!c", "update": "20211103"}, "ClamAV": {"detected": false, "version": "0.104.0.0", "result": null, "update": "20211102"}, "CMC": {"detected": false, "version": "2.10.2019.1", "result": null, "update": "20211026"}, "CAT-QuickHeal": {"detected": true, "version": "14.00", "result": "Android.Mekir.A", "update": "20211103"}, "ALYac": {"detected": false, "version": "1.1.3.1", "result": null, "update": "20211103"}, "Malwarebytes": {"detected": false, "version": "4.2.2.27", "result": null, "update": "20211103"}, "VIPRE": {"detected": false, "version": "96678", "result": null, "update": "20211103"}, "Sangfor": {"detected": true, "version": "2.9.0.0", "result": "Spyware.Android.Mekir.gen", "update": "20211103"}, "K7AntiVirus": {"detected": false, "version": "11.225.39131", "result": null, "update": "20211103"}, "BitDefender": {"detected": false, "version": "7.2", "result": null, "update": "20211103"}, "K7GW": {"detected": true, "version": "11.225.39131", "result": "Trojan ( 004a08f91 )", "update": "20211103"}, "Trustlook": {"detected": true, "version": "1.0", "result": "Android.Malware.Spyware", "update": "20211103"}, "Arcabit": {"detected": false, "version": "1.0.0.886", "result": null, "update": "20211103"}, "Baidu": {"detected": false, "version": "1.0.0.2", "result": null, "update": "20190318"}, "Cyren": {"detected": true, "version": "6.3.0.2", "result": "AndroidOS/Mekir.A.gen!Eldorado", "update": "20211103"}, "SymantecMobileInsight": {"detected": true, "version": "2.0", "result": "Trojan:Crisis", "update": "20210126"}, "Symantec": {"detected": true, "version": "1.16.0.0", "result": "Trojan.Gen.2", "update": "20211103"}, "ESET-NOD32": {"detected": true, "version": "24229", "result": "a variant of Android/Morcut.C", "update": "20211103"}, "TrendMicro-HouseCall": {"detected": true, "version": "10.0.0.1040", "result": "ANDROIDOS_CRISIS.AXB", "update": "20211101"}, "Avast": {"detected": true, "version": "21.1.5827.0", "result": "Android:Morcut-G [Trj]", "update": "20211103"}, "Cynet": {"detected": true, "version": "4.0.0.27", "result": "Malicious (score: 99)", "update": "20211103"}, "Kaspersky": {"detected": true, "version": "21.0.1.45", "result": "HEUR:Trojan-Spy.AndroidOS.Mekir.gen", "update": "20211103"}, "Alibaba": {"detected": true, "version": "0.3.0.5", "result": "TrojanSpy:Android/Mekir.49ddcd49", "update": "20190527"}, "NANO-Antivirus": {"detected": true, "version": "1.0.146.25370", "result": "Trojan.Android.Agent.ducqhu", "update": "20211103"}, "SUPERAntiSpyware": {"detected": false, "version": "5.6.0.1032", "result": null, "update": "20211030"}, "MicroWorld-eScan": {"detected": false, "version": "14.0.409.0", "result": null, "update": "20211103"}, "Rising": {"detected": false, "version": "25.0.0.26", "result": null, "update": "20211103"}, "Ad-Aware": {"detected": false, "version": "3.0.21.193", "result": null, "update": "20211103"}, "Emsisoft": {"detected": false, "version": "2021.5.0.7597", "result": null, "update": "20211103"}, "Comodo": {"detected": true, "version": "34044", "result": "Malware@#6ulh7ua76ldf", "update": "20211102"}, "F-Secure": {"detected": true, "version": "12.0.86.52", "result": "Malware.ANDROID/Morcut.BTR.Gen", "update": "20211103"}, "DrWeb": {"detected": true, "version": "7.0.52.8270", "result": "Android.Spy.176.origin", "update": "20211103"}, "Zillya": {"detected": false, "version": "2.0.0.4487", "result": null, "update": "20211102"}, "TrendMicro": {"detected": true, "version": "11.0.0.1006", "result": "ANDROIDOS_CRISIS.AXB", "update": "20211103"}, "McAfee-GW-Edition": {"detected": true, "version": "v2019.1.2+3728", "result": "Artemis!Trojan", "update": "20211102"}, "FireEye": {"detected": false, "version": "32.44.1.0", "result": null, "update": "20211103"}, "Sophos": {"detected": true, "version": "1.4.1.0", "result": "Andr/Spy-AEC", "update": "20211103"}, "Ikarus": {"detected": true, "version": "0.1.5.2", "result": "Trojan.AndroidOS.Morcut", "update": "20211102"}, "Avast-Mobile": {"detected": true, "version": "211102-00", "result": "Android:Morcut-G [Trj]", "update": "20211102"}, "Jiangmin": {"detected": true, "version": "16.0.100", "result": "TrojanSpy.AndroidOS.mnj", "update": "20211102"}, "Avira": {"detected": true, "version": "8.3.3.12", "result": "ANDROID/Morcut.BTR.Gen", "update": "20211103"}, "Antiy-AVL": {"detected": true, "version": "3.0.0.1", "result": "Trojan[Spy:HEUR]/Android.Mekir", "update": "20211103"}, "Kingsoft": {"detected": true, "version": "2017.9.26.565", "result": "Android.Troj.ya_RcsMonitor.gf.(kcloud)", "update": "20211103"}, "Gridinsoft": {"detected": false, "version": "1.0.60.158", "result": null, "update": "20211103"}, "Microsoft": {"detected": true, "version": "1.1.18700.4", "result": "Trojan:Win32/Ymacco.AAE8", "update": "20211103"}, "ViRobot": {"detected": false, "version": "2014.3.20.0", "result": null, "update": "20211103"}, "ZoneAlarm": {"detected": true, "version": "1.0", "result": "HEUR:Trojan-Spy.AndroidOS.Mekir.gen", "update": "20211102"}, "GData": {"detected": false, "version": "A:25.31229B:27.25015", "result": null, "update": "20211103"}, "BitDefenderFalx": {"detected": true, "version": "2.0.936", "result": "Android.Trojan.InfoStealer.FX", "update": "20210610"}, "AhnLab-V3": {"detected": true, "version": "3.21.1.10219", "result": "Spyware/Android.Rehai16.54621", "update": "20211103"}, "McAfee": {"detected": true, "version": "6.0.6.653", "result": "Artemis!D12C8B1082CF", "update": "20211103"}, "TACHYON": {"detected": false, "version": "2021-11-03.02", "result": null, "update": "20211103"}, "VBA32": {"detected": false, "version": "5.0.0", "result": null, "update": "20211102"}, "Zoner": {"detected": false, "version": "0.0.0.0", "result": null, "update": "20211102"}, "Tencent": {"detected": true, "version": "1.0.0.1", "result": "Trojan.Android.Spy.adw", "update": "20211103"}, "Yandex": {"detected": false, "version": "5.5.2.24", "result": null, "update": "20211103"}, "MAX": {"detected": false, "version": "2019.9.16.1", "result": null, "update": "20211103"}, "MaxSecure": {"detected": true, "version": "1.0.0.1", "result": "Android.fakeinst.a", "update": "20211102"}, "Fortinet": {"detected": true, "version": "6.2.142.0", "result": "Android/Morcut.BTR!tr", "update": "20211103"}, "AVG": {"detected": true, "version": "21.1.5827.0", "result": "Android:Morcut-G [Trj]", "update": "20211103"}, "Panda": {"detected": false, "version": "4.6.4.2", "result": null, "update": "20211102"}}, "tags": ["apk", "android", "faulty", "runtime-modules", "reflection"], "scan_id": "5317c9bb3928b2be88572f6f12e410a77c55559474234a55651aaa740a472862-1635931332", "unique_sources": 9, "positives": 36, "ssdeep": "12288:HOgmnJXH3dYAgh/i5uhZXVn0A3kJWDLIfzTGEpW+DnU2qvN1PMI31JyRzcSptQG6:wJXEo9AnIfzTpf3qF1PMI3T8oPVb", "md5": "d12c8b1082cfd562460ae127fbd45110", "permalink": "https://www.virustotal.com/gui/file/5317c9bb3928b2be88572f6f12e410a77c55559474234a55651aaa740a472862/detection/f-5317c9bb3928b2be88572f6f12e410a77c55559474234a55651aaa740a472862-1635931332", "sha1": "95616f9209cde4f728e62bf566f5033756fdc45c", "submission": {"submitter_region": "he", "date": "2021-11-03 09:22:12", "submitter_country": "DE", "filename": "/var/www/clean-mx/virusesevidence/output.109129878.txt"}, "response_code": 1, "community_reputation": 0, "verbose_msg": "Scan finished, information embedded", "ITW_urls": ["https://wikileaks.org/hackingteam/emails/fileid/631797/287285"], "last_seen": "2021-11-03 09:22:12"}