{"vhash": "9c26e04d580a7b14bea215dcbddcbe0c", "submission_names": [], "scan_date": "2021-11-03 07:33:53", "first_seen": "2019-09-08 03:35:40", "total": 62, "additional_info": {"email_parents": [], "magic": "Zip archive data, at least v2.0 to extract", "sigcheck": {}, "exiftool": {"MIMEType": "application/zip", "ZipRequiredVersion": "20", "ZipCRC": "0x8c0a4cbf", "FileType": "ZIP", "ZipCompression": "Deflated", "ZipUncompressedSize": "259440", "ZipCompressedSize": "14034", "FileTypeExtension": "zip", "ZipFileName": "assets/bin/Data/0000000000000000f000000000000000", "ZipBitFlag": "0x0808", "ZipModifyDate": "2019:06:21 18:08:32"}, "trid": "Java Archive (72.9%)\nZIP compressed archive (21.6%)\nPrintFox/Pagefox bitmap (640x800) (5.4%)", "positives_delta": 1, "compressedview": {"highest_datetime": "2019-06-21 18:08:42", "lowest_datetime": "1980-01-01 05:00:00", "num_children": 1655, "extensions": {"dll": 16}, "file_types": {"unknown": 984, "Portable Executable": 16}, "type": "APK", "children": [{"datetime": "2019-06-21 18:08:32", "sha256": "6b3196783ea11fb4adf7e27b6708c11ba213d8203e08eeed572a467f615ba278", "type": "unknown", "filename": "assets/bin/Data/0000000000000000f000000000000000", "size": 259440}, {"detection_ratio": [0, 74], "datetime": "2019-06-21 18:08:32", "filename": "assets/bin/Data/00334146fa529be4ebf5252c93b0b4f4", "sha256": "f805c3400f88520ee3cd0619d2a80a1b2067116b85d5762ca3bd3258650ad1f4", "type": "unknown", "size": 23088}, {"datetime": "2019-06-21 18:08:32", "sha256": "0e405eb07baf2070de5c49c15c96ec9e01bc519074b48f0eb8f2b95a5136ea9d", "type": "unknown", "filename": "assets/bin/Data/003913427dccd42cdad8cf7abbe20490", "size": 13036}, {"datetime": "2019-06-21 18:08:32", "sha256": "bb0b50fbd923542bfd3953dceb658015c90d041da8fa56335144f00876900773", "type": "unknown", "filename": "assets/bin/Data/004a40707b675480a82a220b61c797e7", "size": 4216}, {"datetime": "2019-06-21 18:08:32", "sha256": "1d985797ce852a0e63026c2b6ed558581faaa9ca41a81275ba7f3b6a85b0ee42", "type": "unknown", "filename": "assets/bin/Data/007b69db281294612872425b9fa93de7", "size": 13920}, {"datetime": "2019-06-21 18:08:32", "sha256": "e03dda5f01461f61cbb5e10c619d1e491b9967eff12831dd40b9a50e6a0ccc50", "type": "unknown", "filename": "assets/bin/Data/00b5791e31f7b4f58b5198230e2b14a9", "size": 18956}, {"detection_ratio": [0, 74], "datetime": "2019-06-21 18:08:32", "filename": "assets/bin/Data/00be524a082f8084fa524d54007786b2", "sha256": "0a1ae140d4b3078e4d5f7e3753b905fe226fac12af773038daf8801a06e63f26", "type": "unknown", "size": 36944}, {"datetime": "2019-06-21 18:08:32", "sha256": "f97235f66c270f142703e4d48dcad374c198975283dc12e0428451af35bb4b95", "type": "unknown", "filename": "assets/bin/Data/01219070c8de08344b7859587dbc7ff5", "size": 6944}, {"datetime": "2019-06-21 18:08:32", "sha256": "9f6e6b40e1baa081f5b504bbdffafdda059e5e6511831444586d90bcc896bc8d", "type": "unknown", "filename": "assets/bin/Data/013cf6823bfbd41c2b094fd985bae944", "size": 21952}, {"datetime": "2019-06-21 18:08:32", "sha256": "ee6ee5239075abdfad77c64101162fdbed998f81164dd0e4e23e8ae3187780f4", "type": "unknown", "filename": "assets/bin/Data/014ffb369ef43a1489dbcb08ddbeac37", "size": 10352}, {"datetime": "2019-06-21 18:08:32", "sha256": "ddb01b2702cb4dd61c9365628e85b6402d8660e94d9b8c1fdce3f4688e088054", "type": "unknown", "filename": "assets/bin/Data/018a826a29854ad43a05cbd1a1f8f5c0", "size": 81204}, {"detection_ratio": [0, 74], "datetime": "2019-06-21 18:08:32", "filename": "assets/bin/Data/01cc58c405d972343a0571135d669907", "sha256": "da3eb17f8c280f2d258d2957577fdb405e1770293e2e7b50bc5395e6709b6631", "type": "unknown", "size": 27620}, {"datetime": "2019-06-21 18:08:32", "sha256": "15ed9e4c573bf1f96643d67720895831b67988040d12cb8c5356b0918cc8e253", "type": "unknown", "filename": "assets/bin/Data/01e4b04680728494caecc0678ddca260", "size": 7068}, {"datetime": "2019-06-21 18:08:32", "sha256": "ac61e9db5a1d38255e968dc97dcba2f22bca03ddd23da784bf09754bd34c59ba", "type": "unknown", "filename": "assets/bin/Data/027afade0d318465ca753efa33a57218", "size": 6332}, {"detection_ratio": [0, 72], "datetime": "2019-06-21 18:08:32", "filename": "assets/bin/Data/02cc8459f76c33446b498f4e9d3179db", "sha256": "98d0f04bcf9b97e4c286575994abd9b9bbf15110721590dfea28e9c583ec1c11", "type": "unknown", "size": 16464}, {"datetime": "2019-06-21 18:08:32", "sha256": "bd40b5d9fae405411347ecac657c3bedded71543737e2e5deebf24fe4060881f", "type": "unknown", "filename": "assets/bin/Data/0321274f28b7440529bdca21ac70f0f4", "size": 16596}, {"datetime": "2019-06-21 18:08:32", "sha256": "4a821eeb34994226110d47427282fab27011af44758b9162c97ac3e8a5a047d6", "type": "unknown", "filename": "assets/bin/Data/035acd4d6d19c44ae8e7d9a3e20f02c1", "size": 9708}, {"datetime": "2019-06-21 18:08:32", "sha256": "a21449ce3a8bc41688d85bb4d8fd4b19282457edfbd1c7415b278e4d1e5275fd", "type": "unknown", "filename": "assets/bin/Data/036ed920aeac0ff4486b1a8bed3c139d", "size": 12400}, {"detection_ratio": [0, 74], "datetime": "2019-06-21 18:08:32", "filename": "assets/bin/Data/03eaf9e1af672c8409154c76774fb74f", "sha256": "7e7fbec10cca9bc8904bc2f3bb559f9af5300fc90e98de44bcac8f1a1984e4a9", "type": "unknown", "size": 6332}, {"detection_ratio": [0, 75], "datetime": "2019-06-21 18:08:32", "filename": "assets/bin/Data/03ec41fd31bd21443a70d5117831536b", "sha256": "3947e397ad5f5c4b9906ed51b943d37c39afba5feaff8ae36ae8ad3f0504d153", "type": "unknown", "size": 16500}, {"detection_ratio": [0, 73], "datetime": "2019-06-21 18:08:32", "filename": "assets/bin/Data/0400c6dd6dc5647858c91d22444d9435", "sha256": "e33499cd0fe5d922298acbb4f1f649e28eb60c437b31bc234a55556ad578c2c1", "type": "unknown", "size": 4136}, {"datetime": "2019-06-21 18:08:32", "sha256": "0658aba0f43114232397317bbfd2502788b576f2802a55e4bd80585f7f5a558c", "type": "unknown", "filename": "assets/bin/Data/044c2c512160c214fba2dc1ae5a5bf03", "size": 14968}, {"detection_ratio": [0, 70], "datetime": "2019-06-21 18:08:32", "filename": "assets/bin/Data/0477e7e3dfde34e2a9852fb7ee709889", "sha256": "af5528bf15b62a38fe3e52f6df65f51591a48d53c737fcbc1e11de5fd7631dff", "type": "unknown", "size": 14436}, {"detection_ratio": [0, 74], "datetime": "2019-06-21 18:08:32", "filename": "assets/bin/Data/047835abae67f4347a6ed62331882677", "sha256": "e84d6440084ce2da3488868ff080996217799040eabe40917c2267e02a338ddb", "type": "unknown", "size": 47876}, {"detection_ratio": [0, 73], "datetime": "2019-06-21 18:08:32", "filename": "assets/bin/Data/04803c72000080c41ba9f3e1f7c5d2c7", "sha256": "926f775df10e1a610a5de915443fcb6a8ff4cb2475b2d6a5fdca8e45ac8e557f", "type": "unknown", "size": 353708}, {"detection_ratio": [0, 74], "datetime": "2019-06-21 18:08:32", "filename": "assets/bin/Data/0486222c001314c45a30554eb0bc4e88", "sha256": "85ad51439b893615356da965e3beec67b110a5f9f31ace2efb2996f4af875ea9", "type": "unknown", "size": 15096}, {"detection_ratio": [0, 74], "datetime": "2019-06-21 18:08:32", "filename": "assets/bin/Data/049995d78082ea64d874098e62c27425", "sha256": "cc7f4f16254806e721aefbf95a946c70a77a8309e3f98f8cd5ae03b111417868", "type": "unknown", "size": 48716}, {"datetime": "2019-06-21 18:08:32", "sha256": "9f385b0f7685b5c2d77b40003390fa797d17472c38fc4123aacf84d3f1daf59b", "type": "unknown", "filename": "assets/bin/Data/04c58c84d0627694da042c73700082b5", "size": 17456}, {"detection_ratio": [0, 70], "datetime": "2019-06-21 18:08:32", "filename": "assets/bin/Data/0517ebd5ddfb94c8cafdc68b831fb690", "sha256": "7ddda8a889fc6f839f16ae763ed3b036d404e158701df68f6876495bc9556e7e", "type": "unknown", "size": 36464}, {"detection_ratio": [0, 72], "datetime": "2019-06-21 18:08:32", "filename": "assets/bin/Data/054ff51792192c046aed1bb59aec4115", "sha256": "5f34b33335c964a72b4e37be9f96817a731bad2530c6b7c4b8f656044f1027e2", "type": "unknown", "size": 12376}, {"datetime": "2019-06-21 18:08:32", "sha256": "e7a9a7f2282d159e611e433c8f7a873bebc19aadd65070ab73d42f9f815f948f", "type": "unknown", "filename": "assets/bin/Data/05c71e433c82742d791e4f7b0362fe5c", "size": 7612}, {"datetime": "2019-06-21 18:08:32", "sha256": "2d5c4210f576fdef478426169510cdd5ac69d0149079042cfab652cf9af37255", "type": "unknown", "filename": "assets/bin/Data/0608a20523e7f8542928421263fe9729", "size": 47216}, {"datetime": "2019-06-21 18:08:32", "sha256": "1ff226494d1e77dce5503c5f4990188af46ebd18b4ef982a1199295f83c4b1cd", "type": "unknown", "filename": "assets/bin/Data/061c3a7594e274958861c5dfad5ed072", "size": 6676}, {"datetime": "2019-06-21 18:08:32", "sha256": "5ee16461fbecab5ef170fdf567b7c75b57290db6216b652edb84e81665fbffca", "type": "unknown", "filename": "assets/bin/Data/06408fa2e9e9c6d48863e9c1952a7e68", "size": 5336}, {"detection_ratio": [0, 71], "datetime": "2019-06-21 18:08:32", "filename": "assets/bin/Data/065e02ce5c5ec66429de34a0eabdf3f1", "sha256": "0301288404929768859fd2cd7df71bda08e4773eb4198975be621a212bf8613d", "type": "unknown", "size": 7448}, {"detection_ratio": [0, 75], "datetime": "2019-06-21 18:08:32", "filename": "assets/bin/Data/0736297ff686880478035afc8fad9054", "sha256": "652043abceab2d84fc471bbfd732e5fb4f35febe62e0e45251ec600419eb6428", "type": "unknown", "size": 9668}, {"datetime": "2019-06-21 18:08:32", "sha256": "ff6cb9407217429be7ae08f474e90e37fb21a168a29bc83e7255b5a0cb93b880", "type": "unknown", "filename": "assets/bin/Data/0739101fb0a314199a44e9311b9c8a17", "size": 7124}, {"detection_ratio": [0, 71], "datetime": "2019-06-21 18:08:32", "filename": "assets/bin/Data/074074db895f743cb9bd07fdca5e11ae", "sha256": "05466bd47e70d7e3d1a1817e652ff86e95c7a688be5d60fa8c3eb2f0f24b5eff", "type": "unknown", "size": 7048}, {"datetime": "2019-06-21 18:08:32", "sha256": "a4d00080ce51966c3de2518ac6929920f0797a90299af8857e6f8b2087ef5f8f", "type": "unknown", "filename": "assets/bin/Data/07e0f1e6ead7f41c18269cb437fd8a22", "size": 11972}, {"detection_ratio": [0, 75], "datetime": "2019-06-21 18:08:32", "filename": "assets/bin/Data/07e763f312d12c645918892872cb0fd8", "sha256": "4048737c7d58458ea03a001b3d40edcf9d430e4693202fc408f62329775948a2", "type": "unknown", "size": 8468}, {"datetime": "2019-06-21 18:08:32", "sha256": "ac7fca505d3e50aecb24c8fe0c95dde7af3a75ad5aecd078adfdf9de37030cf3", "type": "unknown", "filename": "assets/bin/Data/081da6406d6ba1944990b4e741584638", "size": 4328}, {"datetime": "2019-06-21 18:08:32", "sha256": "2eba71235f878850f16738827971e7f37a31a6ef6ab2fd5a2624c6bbcf021f4e", "type": "unknown", "filename": "assets/bin/Data/0845a54ba035340bf9506425aa1b8398", "size": 11292}, {"detection_ratio": [0, 75], "datetime": "2019-06-21 18:08:32", "filename": "assets/bin/Data/088734b7ac9ed4a4f99dad4b6ac0522f", "sha256": "e9ad41802456b842ad1ee826093404957db4bedc01371b6edba1b15c5dba7cdf", "type": "unknown", "size": 8044}, {"datetime": "2019-06-21 18:08:32", "sha256": "076e2765e1fd3782c82a0de7d4def0b870e3a71def0b0d461b6bc2964ef06b41", "type": "unknown", "filename": "assets/bin/Data/08a40daea29b4fa41a0bb4cc7040282d", "size": 15888}, {"datetime": "2019-06-21 18:08:32", "sha256": "a6b80a8d22c9c7c1939748619d68b9631bf03dcb2bb2e11924c6eea5e9f37056", "type": "unknown", "filename": "assets/bin/Data/08d2e568533f74443ac8888fb4706cbe", "size": 20832}, {"detection_ratio": [0, 74], "datetime": "2019-06-21 18:08:32", "filename": "assets/bin/Data/08d8f8eec72e34547904a1d56765fd34", "sha256": "a6dd707532b28fb6af18659564377a08c5572eeb71487ba42c1963decfbad886", "type": "unknown", "size": 8248}, {"datetime": "2019-06-21 18:08:32", "sha256": "2aa6f0d377afe5b4e06c67ef10028d32ce43576b36f50e3750c237266acc912e", "type": "unknown", "filename": "assets/bin/Data/0901ec2ec5337492bb894baca716dca2", "size": 31252}, {"datetime": "2019-06-21 18:08:32", "sha256": "a136cb02a18e82d2468633f7de8c7a33c70add2adc4f3ab8bdbe580c1e181da6", "type": "unknown", "filename": "assets/bin/Data/0920395428925be4c8facb7eeb27e12f", "size": 6504}, {"detection_ratio": [0, 74], "datetime": "2019-06-21 18:08:32", "filename": "assets/bin/Data/09a05b2f8a728bd4e973e279a195392b", "sha256": "c282f1652a7e9f70e6213b240d0f7a01f5a84e7d67434925ba92661448c3c820", "type": "unknown", "size": 7852}, {"datetime": "2019-06-21 18:08:32", "sha256": "83fc8de3e48a08530e4fed3958fd43b3cd81bb17833c5138f749cd30ca1be64b", "type": "unknown", "filename": "assets/bin/Data/09a515160d84656499d8b17a181e46c5", "size": 28232}, {"detection_ratio": [0, 73], "datetime": "2019-06-21 18:08:32", "filename": "assets/bin/Data/09ec4ca8788d15e41b0a6ecbc56af6b7", "sha256": "17cc697446c7dbe862951549ce750a616b5cfe9042b2404d7ec6101783753cfe", "type": "unknown", "size": 9588}, {"datetime": "2019-06-21 18:08:32", "sha256": "1b5973a6b969a80c337f3952f971b7f807fe749783ff9dcc1b7da43f9c513989", "type": "unknown", "filename": "assets/bin/Data/0a17a61d00ab94e57b5461f2d4867880", "size": 5748}, {"datetime": "2019-06-21 18:08:32", "sha256": "10e4ab2f824f9438db60f5b9f6d4164d8271209bd5b3a3b9186c30bafd1282be", "type": "unknown", "filename": "assets/bin/Data/0a1b21b30ba5847e8b480a6a904e3575", "size": 5276}, {"datetime": "2019-06-21 18:08:32", "sha256": "071c5a5e3ed6adf7c02428d9d5f0060fd371106b8612b803868bd98ed9d8a1a9", "type": "unknown", "filename": "assets/bin/Data/0a3e39373f9e443d0a26ce37b1e4926b", "size": 10456}, {"datetime": "2019-06-21 18:08:32", "sha256": "edb34f71051bc46414c028891d323655480b15a519a9c56875654881f5e9a20f", "type": "unknown", "filename": "assets/bin/Data/0a53a8c1fca7b48c08c051f9dc0eb793", "size": 7716}, {"datetime": "2019-06-21 18:08:32", "sha256": "fb99e7dd5c4d02a8a26188fbc9f74bcea41273f3efb2c980630b1aee31d001b0", "type": "unknown", "filename": "assets/bin/Data/0a59efc7965666140be7184d7f776161", "size": 4324}, {"datetime": "2019-06-21 18:08:32", "sha256": "360161141ec6df083d93252634640919f0b747fe8c5b97298367c8aa14c139bc", "type": "unknown", "filename": "assets/bin/Data/0a97e4dd7814b4122908577863c6b201", "size": 16148}, {"datetime": "2019-06-21 18:08:32", "sha256": "8651ef167dd41fa40088754a7abfeb535240e8e92ad5e17e924fe97ed76608a7", "type": "unknown", "filename": "assets/bin/Data/0adfe2e3303e0ec46915274d2b17f8bf", "size": 22316}, {"datetime": "2019-06-21 18:08:32", "sha256": "02153e15e07cc1136680582a1d3d8a2dff90838bd6894634fc7a158e490b53b7", "type": "unknown", "filename": "assets/bin/Data/0af1679a82a6dc74aac8b7dbb825290f", "size": 703240}, {"datetime": "2019-06-21 18:08:32", "sha256": "b4159344aea5dbf7d0ae3ad657239c8ca97954bf245edd0d0bd3090656b904e2", "type": "unknown", "filename": "assets/bin/Data/0b137d4f975ddcc488725e905ca12f73", "size": 18240}, {"detection_ratio": [0, 72], "datetime": "2019-06-21 18:08:32", "filename": "assets/bin/Data/0b1b618aea4b448aba487bbbf81636e3", "sha256": "64c9f604f8b6fb76f6e3a479b223585a5ca60d9d149df98088362a61a6f11f89", "type": "unknown", "size": 14444}, {"datetime": "2019-06-21 18:08:32", "sha256": "48c7b77a31e528bef93d3470cf00f0517475b418d9ae4b788e4a0bee0e16e183", "type": "unknown", "filename": "assets/bin/Data/0b5cf747b262f43dea44c734d7db7ae8", "size": 7892}, {"detection_ratio": [0, 67], "datetime": "2019-06-21 18:08:32", "filename": "assets/bin/Data/0b65a4fc34bd91b4fb0a5789ddc3a208", "sha256": "7aca2a3dc6d9ff34d7080d2e42b53a5b653a82f3f2bd64befd0a91269c60e881", "type": "unknown", "size": 7576}, {"datetime": "2019-06-21 18:08:32", "sha256": "6f94be0cbc8cc0fe769e911df883cee7441bcdf36bacffeb9910a6f3a309718b", "type": "unknown", "filename": "assets/bin/Data/0b672558c04424f6bbbbd8dafcdaf9fa", "size": 5860}, {"datetime": "2019-06-21 18:08:32", "sha256": "36adeb50f06d469cc2da6c1a21d001225f204fcabd2962b7fa48b4ed17c8c74b", "type": "unknown", "filename": "assets/bin/Data/0b702ff2ed08bdc49b7f98743e38b5e9", "size": 7108}, {"datetime": "2019-06-21 18:08:32", "sha256": "890d69ab3e27f80a4b1047216cf17e8977b89ea7b481fc6200bcf851db4db5eb", "type": "unknown", "filename": "assets/bin/Data/0ba3ede6a7d4f4e43a88564ef36fbc25", "size": 14044}, {"datetime": "2019-06-21 18:08:32", "sha256": "b0950267cf5e02e1d9e6db5842bce7bf2ebcce041abb1ee31d27f2ae1e5ab791", "type": "unknown", "filename": "assets/bin/Data/0bd6e1f24b8af47279d05ae883d83b06", "size": 4552}, {"datetime": "2019-06-21 18:08:32", "sha256": "ee55fe59fd51806c73197396cce77f5dae72702b283ebfd9c274f2ac7142b98f", "type": "unknown", "filename": "assets/bin/Data/0bde6190876048f47ad2949008ea7b41", "size": 4320}, {"detection_ratio": [0, 73], "datetime": "2019-06-21 18:08:32", "filename": "assets/bin/Data/0c3d428740f16b14683ebb3c38f3ca47", "sha256": "5f3007f33392b0f6dfe0bbe253f751375ff4eb8705b08cce7344dfefb3114f52", "type": "unknown", "size": 9668}, {"datetime": "2019-06-21 18:08:32", "sha256": "87866208f781f0bffe2bfd213e1b277395d86d7f88ac661e65d3fc1b3f64f984", "type": "unknown", "filename": "assets/bin/Data/0c4b6ddfd757ff24aba0c486fc153ed3", "size": 6620}, {"detection_ratio": [0, 75], "datetime": "2019-06-21 18:08:32", "filename": "assets/bin/Data/0c4e373e06c554b38a49b317ca371cae", "sha256": "fa25dbfb5cb8d59ee02dd711bcf5f97356f8ccec7016014bb0a168739352ed63", "type": "unknown", "size": 26976}, {"datetime": "2019-06-21 18:08:32", "sha256": "d4e686d0f7908293aeb04c2561bd2ca83de3d880ebed6e44d752a454de31c911", "type": "unknown", "filename": "assets/bin/Data/0c72f11d6a95f424ea6ac8868c29714a", "size": 6580}, {"detection_ratio": [0, 72], "datetime": "2019-06-21 18:08:32", "filename": "assets/bin/Data/0c7a374e336e7429a8f9b8984da65ead", "sha256": "810cb41bb0ec9a9a3c9657c8923e477eef7e4bfac8b02d013b0b9687f48cf448", "type": "unknown", "size": 22884}, {"detection_ratio": [0, 75], "datetime": "2019-06-21 18:08:32", "filename": "assets/bin/Data/0c97f0c2eb894424a954df281293e55b", "sha256": "55b517929fe5af562c5a4dcae40c36756b24f89c72ff2fab4ffdd0a8a1621484", "type": "unknown", "size": 4136}, {"datetime": "2019-06-21 18:08:32", "sha256": "2db1da3e3a146a85bbee46686132ad66a9f906fbee09c18f3325261e019f2601", "type": "unknown", "filename": "assets/bin/Data/0cfc22d675d5fee4a8fa10f5170bfdc0", "size": 6588}, {"detection_ratio": [0, 74], "datetime": "2019-06-21 18:08:32", "filename": "assets/bin/Data/0d08f275426814bdba23a68535dc825e", "sha256": "45a3d14c94b6a8927d57e82d5b337d4e92c108b653f11c9bbf42f9c9f7181ce5", "type": "unknown", "size": 6500}, {"detection_ratio": [0, 75], "datetime": "2019-06-21 18:08:32", "filename": "assets/bin/Data/0d5fb31973bc7bc44aaa0388e53dea8a", "sha256": "69170c6618ec784214cd5b359d707e860d4779912d9e0f4996b58ba11d090ba8", "type": "unknown", "size": 8716}, {"detection_ratio": [0, 74], "datetime": "2019-06-21 18:08:32", "filename": "assets/bin/Data/0d750df40120c4359a44adb65f54313a", "sha256": "68a6f20248dfb24c4b9e87e25bf3371ee6c67b2077db59fe552f91d27c504d88", "type": "unknown", "size": 59752}, {"datetime": "2019-06-21 18:08:32", "sha256": "6958c7accf4e74e184011a89b68b754234d911afa29c49072257e073b354dad7", "type": "unknown", "filename": "assets/bin/Data/0d77e78475c276448b532a0382a52865", "size": 9688}, {"datetime": "2019-06-21 18:08:32", "sha256": "1dc13cf3483e86dc76f8694a61650acca2a54a3e7a8c24b1ec08c85776552c28", "type": "unknown", "filename": "assets/bin/Data/0d9b0988e608249a2ad35dee9bcf2b7a", "size": 9676}, {"datetime": "2019-06-21 18:08:32", "sha256": "ab0a3cf594ba2a8b163f1feb9c0ddf27d241b0fbae3ec07a4f109503f7e53120", "type": "unknown", "filename": "assets/bin/Data/0ddfb90fd05994faeb65fab228c0db9f", "size": 7252}, {"detection_ratio": [0, 75], "datetime": "2019-06-21 18:08:32", "filename": "assets/bin/Data/0df2c7ca1a5b447b89566362afec1571", "sha256": "df227c09dff86c643a68dee2e92e1bb40a3394d20f59218ac0141999ae2ea423", "type": "unknown", "size": 5980}, {"detection_ratio": [0, 73], "datetime": "2019-06-21 18:08:32", "filename": "assets/bin/Data/0e0897cbf65def846bfb467d83937c4c", "sha256": "4a5dd3f875ed3dc539c7a9fb0711b746a96ce436b23b31678afedecf82ad355d", "type": "unknown", "size": 9032}, {"detection_ratio": [0, 74], "datetime": "2019-06-21 18:08:32", "filename": "assets/bin/Data/0e1247c4ed418d74d9f1ce557b3c85ba", "sha256": "a7c4626bd80aa88bbdf6592a8368ea53177682cbd9418e7085dbe8bb58598ce4", "type": "unknown", "size": 55468}, {"datetime": "2019-06-21 18:08:32", "sha256": "0740bef133071e0565fe0f07d5edd94976e1a48db752ff54ae56884457268f56", "type": "unknown", "filename": "assets/bin/Data/0e75b863fd61d4261bd76733dbdeb7d1", "size": 6288}, {"detection_ratio": [0, 75], "datetime": "2019-06-21 18:08:32", "filename": "assets/bin/Data/0e872da91aba44469ab7b8ffefad69fd", "sha256": "02b81d5d5414464c32f72a0104229fe5314c730f6122f9230ac1065c9c76769b", "type": "unknown", "size": 4728}, {"datetime": "2019-06-21 18:08:32", "sha256": "606389d60adf4a630dd66d01b0412ace80620504826eca2525e32d14e95928c7", "type": "unknown", "filename": "assets/bin/Data/0eb39a9e88f7845cb8ea02bb5326c0b4", "size": 15520}, {"datetime": "2019-06-21 18:08:32", "sha256": "55fa028bddcbf7888a1411e6876f8f309f8009fe40cf54cc87d792e0f7c79f46", "type": "unknown", "filename": "assets/bin/Data/0f193dc612c370142a62574dcc0c4cea", "size": 18244}, {"detection_ratio": [0, 73], "datetime": "2019-06-21 18:08:32", "filename": "assets/bin/Data/0f36dfe44d497c941bb9af6b87b4e034", "sha256": "dda875ef576a7bcd25500ac18e7214315f9119f8757b08052943ce9b3bb3ec04", "type": "unknown", "size": 53708}, {"detection_ratio": [0, 75], "datetime": "2019-06-21 18:08:32", "filename": "assets/bin/Data/0f46eff6c955440449a766d0dc207b01", "sha256": "4323630c450f7135a9667e7113598048e88fd87da42b48490bf054db0486ba24", "type": "unknown", "size": 4560}, {"datetime": "2019-06-21 18:08:32", "sha256": "cfca636ff80ad4dad1a801f7de8e7cb1a4c58220e434e3ff49f978943531a052", "type": "unknown", "filename": "assets/bin/Data/0f5966fba650840e896d5bc2acf9a617", "size": 4492}, {"detection_ratio": [0, 76], "datetime": "2019-06-21 18:08:32", "filename": "assets/bin/Data/0fccb41b27f11437a92e39d433f77d8e", "sha256": "af55e8e2c59266e929ab131b04dc430aea3b0de5cdd819aeec44cbd7761a3567", "type": "unknown", "size": 7812}, {"datetime": "2019-06-21 18:08:32", "sha256": "492c15acccd8e38a08b233e065976a0e7a1f3d9fc0f5f0dd8c689b23602f8467", "type": "unknown", "filename": "assets/bin/Data/1002bbc9eda813e4a80b8dc0c591e7a4", "size": 23952}, {"detection_ratio": [0, 75], "datetime": "2019-06-21 18:08:32", "filename": "assets/bin/Data/1003938d5992f03499aeb4a189415508", "sha256": "28a8c50fd460868b63ac43d3d88aa728cc66b85c76f26be7c66dacd6fbd17baf", "type": "unknown", "size": 10488}, {"datetime": "2019-06-21 18:08:32", "sha256": "e9b88d4075f26fedb1fea9445b03ba53c21c1cf8a9dd862a1eee2b2dc8b4eaf6", "type": "unknown", "filename": "assets/bin/Data/1038ceafe17fb41728f982cfa539b6f2", "size": 17796}, {"detection_ratio": [0, 72], "datetime": "2019-06-21 18:08:32", "filename": "assets/bin/Data/1055e94c7c6f3a843806f7461fbc01d4", "sha256": "e0c6ee198186b21257a716e95ad726c172d8fe0ea6a91ffbe48ddbd34c936618", "type": "unknown", "size": 4216}, {"datetime": "2019-06-21 18:08:32", "sha256": "348b6cdcbd8a5b149b97ec20517823829d97f49989886091553fd04e2e821b0e", "type": "unknown", "filename": "assets/bin/Data/10c92654ebfc94fd88b1c40316806242", "size": 4324}, {"detection_ratio": [0, 75], "datetime": "2019-06-21 18:08:32", "filename": "assets/bin/Data/10fbe438f538c408c86ea8679a743bec", "sha256": "51ef6f4a98ea39609155b2d169420ef7fc24ae56ecf57c057e2109d9f41f43d1", "type": "unknown", "size": 19036}, {"datetime": "2019-06-21 18:08:32", "sha256": "f4e02d8201b4211629a1667bd04440d990d9d4ba8314210430c5c3b7f790b559", "type": "unknown", "filename": "assets/bin/Data/111665c68745028429bce5e647de5245", "size": 4324}, {"detection_ratio": [0, 75], "datetime": "2019-06-21 18:08:32", "filename": "assets/bin/Data/11182bbf33664ef4981a5f5c575e19b7", "sha256": "ecc0b1a7f3695961f4410e7c8fa3adf966dd817cb0ae911d7184a4cda4d58c67", "type": "unknown", "size": 37700}], "uncompressed_size": 50209437}, "androguard": {"Activities": ["com.unity3d.player.UnityPlayerNativeActivity", "com.unity3d.player.VideoPlayer", "com.google.android.gms.ads.AdActivity", "com.unity3d.ads.android.view.UnityAdsFullscreenActivity", "com.apptracker.android.module.AppModuleActivity", "com.jirbo.adcolony.AdColonyOverlay", "com.jirbo.adcolony.AdColonyFullscreen", "com.jirbo.adcolony.AdColonyBrowser", "com.inmobi.androidsdk.IMBrowserActivity", "com.applovin.adview.AppLovinInterstitialActivity", "com.applovin.adview.AppLovinConfirmationActivity", "com.google.android.gms.ads.AdActivity", "com.vungle.publisher.FullScreenAdActivity", "com.revmob.FullscreenActivity", "com.chartboost.sdk.CBImpressionActivity"], "AndroidVersionCode": "1", "certificate": {"validto": "2068-11-24 13:45:53", "serialnumber": "73e25fb8", "Issuer": {"DN": "O:gameartstudio", "O": "gameartstudio"}, "thumbprint": "0b7c09e4a13db7f813d758ced9ef66e51d8fd814", "validfrom": "2018-12-07 13:45:53", "Subject": {"DN": "O:gameartstudio", "O": "gameartstudio"}}, "VTAndroidInfo": 2, "AndroidApplication": 1, "Package": "com.gameartsstudio.templelostjungleescapesequel", "AndroidApplicationError": false, "intent-filters": {"Activities": {"com.unity3d.player.UnityPlayerNativeActivity": {"action": ["android.intent.action.MAIN"], "category": ["android.intent.category.LAUNCHER"]}}}, "Main Activity": "com.unity3d.player.UnityPlayerNativeActivity", "StringsInformation": ["http://a.ai.inmobi.com/v2/ad.html", "http://a.applovin.com/", "http://ad.flurry.com/getAndroidApp.do", "http://ad.flurry.com/getCanvas.do", "http://beekn.net/wp-content/uploads/2013/12/estimote-2-beacons.png", "http://d.applovin.com/", "http://data.altbeacon.org/android-distance.json", "http://data.flurry.com/aap.do", "http://dock.inmobi.com/carb/v1/i", "http://dock.inmobi.com/carb/v1/o", "http://hostname/?", "http://i.w.inmobi.com/showad.asm", "http://ip-api.com/json", "http://market.android.com/", "http://plus.google.com/", "http://rt.applovin.com/pix", "http://schema.org/AddAction", "http://schema.org/BookmarkAction", "http://schema.org/LikeAction", "http://schema.org/ListenAction", "http://schema.org/ViewAction", "http://schema.org/WantAction", "http://schema.org/WatchAction", "http://schemas.android.com/apk/lib/com.google.android.gms.plus", "http://schemas.applovin.com/android/1.0", "http://twitter.com/home?status=", "http://www.google-analytics.com/collect", "http://www.google.com", "https://android.revmob.com", "https://androidads23.adcolony.com/configure", "https://api.adtapsy.com/getConfig?", "https://api.adtapsy.com/getNextSource", "https://api.adtapsy.com/trackAdAction", "https://api.adtapsy.com/trackRegister", "https://d.appsdt.com/download/tracker/?", "https://d.appsdt.com/download/tracker/iatsdkconfs?", "https://d.appsdt.com/sdkdwnldbeacon.html", "https://data.flurry.com/aap.do", "https://e-ltvp.inmobi.com/storm/v1/event", "https://googleads.g.doubleclick.net/mads/static/mad/sdk/native/mraid/v2/mraid_app_banner.js", "https://googleads.g.doubleclick.net/mads/static/mad/sdk/native/mraid/v2/mraid_app_expanded_banner.js", "https://googleads.g.doubleclick.net/mads/static/mad/sdk/native/mraid/v2/mraid_app_interstitial.js", "https://googleads.g.doubleclick.net/mads/static/mad/sdk/native/native_ads.html", "https://googleads.g.doubleclick.net/mads/static/mad/sdk/native/sdk-core-v40.html", "https://googleads.g.doubleclick.net/mads/static/sdk/native/sdk-core-v40.html", "https://impact.applifier.com/mobile/campaigns", "https://impact.staging.applifier.com/mobile/campaigns", "https://live.chartboost.com", "https://m.google.com/app/plus/x/?v=compose&content=", "https://market.android.com/details?id=", "https://play.google.com/store/apps/details?id=", "https://rules-ltvp.inmobi.com/v2/rules.json", "https://s3.amazonaws.com/www.revmob.com/Revmob_i_agree_terms.txt", "https://sdkm.w.inmobi.com/metrics/e.asm", "https://sdkm.w.inmobi.com/user/e.asm", "https://ssl.google-analytics.com", "https://ssl.google-analytics.com/collect", "https://userinfo.revmob.com/api/v4/mobile_apps/5525ad9d76e44cd706879023/userInformation.json", "https://vid.applovin.com/,https://pdn.applovin.com/,https://img.applovin.com/,https://d.applovin.com/,https://assets.applovin.com/,https://cdnjs.cloudflare.com/,http://vid.applovin.com/,http://pdn.applovin.com/,http://img.applovin.com/,http://d.applovin.com/,http://assets.applovin.com/,http://cdnjs.cloudflare.com/", "https://www.facebook.com/dialog/feed?app_id=181821551957328&link=", "https://www.googleapis.com/auth/appstate", "https://www.googleapis.com/auth/datastoremobile", "https://www.googleapis.com/auth/drive", "https://www.googleapis.com/auth/drive.appdata", "https://www.googleapis.com/auth/drive.apps", "https://www.googleapis.com/auth/drive.file", "https://www.googleapis.com/auth/fitness.activity.read", "https://www.googleapis.com/auth/fitness.activity.write", "https://www.googleapis.com/auth/fitness.body.read", "https://www.googleapis.com/auth/fitness.body.write", "https://www.googleapis.com/auth/fitness.location.read", "https://www.googleapis.com/auth/fitness.location.write", "https://www.googleapis.com/auth/games", "https://www.googleapis.com/auth/games.firstparty", "https://www.googleapis.com/auth/plus.login", "https://www.googleapis.com/auth/plus.me", "https://www.googletagmanager.com"], "AndroidVersionName": "1.0.0", "RiskIndicator": {"PERM": {"DANGEROUS": 1, "PRIVACY": 1, "EPHEMERAL": 1, "INTERNET": 1, "NORMAL": 1}}, "MinSdkVersion": "19", "AndroidApplicationInfo": "APK", "TargetSdkVersion": "26", "AndroguardVersion": "3.4.0a1", "Permissions": {"android.permission.WRITE_EXTERNAL_STORAGE": ["dangerous", "modify or delete the contents of your SD card", "Allows the app to write to the SD card."], "android.permission.INTERNET": ["normal|ephemeral", "have full network access", "Allows the app to create\n     network sockets and use custom network protocols. The browser and other\n     applications provide means to send data to the internet, so this\n     permission is not required to send data to the internet."], "android.permission.READ_PHONE_STATE": ["dangerous", "read phone status and identity", "Allows the app to access the phone\n      features of the device.  This permission allows the app to determine the\n      phone number and device IDs, whether a call is active, and the remote number\n      connected by a call."], "android.permission.ACCESS_NETWORK_STATE": ["normal|ephemeral", "view network connections", "Allows the app to view\n      information about network connections such as which networks exist and are\n      connected."]}}, "f-prot-unpacker": "appended"}, "size": 63071192, "authentihash": null, "times_submitted": 7, "harmless_votes": 0, "malicious_votes": 0, "sha256": "589b7fddb50253a1191cb64d129317c58fedd2b6ae4d1ed5c2c467252b6886ea", "type": "Android", "scans": {"Bkav": {"detected": false, "version": "1.3.0.9899", "result": null, "update": "20211102"}, "Lionic": {"detected": true, "version": "4.2", "result": "Riskware.AndroidOS.RevMob.z!c", "update": "20211103"}, "Elastic": {"detected": false, "version": "4.0.29", "result": null, "update": "20211005"}, "MicroWorld-eScan": {"detected": false, "version": "14.0.409.0", "result": null, "update": "20211103"}, "CMC": {"detected": false, "version": "2.10.2019.1", "result": null, "update": "20211026"}, "CAT-QuickHeal": {"detected": true, "version": "14.00", "result": "Android.Revmob.A1e9c (AdWare)", "update": "20211103"}, "McAfee": {"detected": true, "version": "6.0.6.653", "result": "Artemis!E4D20EEC9337", "update": "20211103"}, "ALYac": {"detected": false, "version": "1.1.3.1", "result": null, "update": "20211103"}, "Cylance": {"detected": false, "version": "2.3.1.101", "result": null, "update": "20211103"}, "VIPRE": {"detected": false, "version": "96678", "result": null, "update": "20211103"}, "Sangfor": {"detected": true, "version": "2.9.0.0", "result": "Trojan.Win32.Gen.MBT", "update": "20210930"}, "K7AntiVirus": {"detected": false, "version": "11.225.39131", "result": null, "update": "20211103"}, "Alibaba": {"detected": false, "version": "0.3.0.5", "result": null, "update": "20190527"}, "K7GW": {"detected": false, "version": "11.225.39131", "result": null, "update": "20211103"}, "Trustlook": {"detected": true, "version": "1.0", "result": "Android.PUA.Adware", "update": "20211103"}, "Arcabit": {"detected": false, "version": "1.0.0.886", "result": null, "update": "20211103"}, "Baidu": {"detected": false, "version": "1.0.0.2", "result": null, "update": "20190318"}, "Cyren": {"detected": false, "version": "6.3.0.2", "result": null, "update": "20211103"}, "SymantecMobileInsight": {"detected": true, "version": "2.0", "result": "AppRisk:Generisk", "update": "20210126"}, "Symantec": {"detected": true, "version": "1.16.0.0", "result": "Trojan.Gen.MBT", "update": "20211103"}, "ESET-NOD32": {"detected": true, "version": "24229", "result": "a variant of Android/AdDisplay.RevMob.B potentially unwanted", "update": "20211103"}, "TrendMicro-HouseCall": {"detected": false, "version": "10.0.0.1040", "result": null, "update": "20211101"}, "Avast": {"detected": false, "version": "21.1.5827.0", "result": null, "update": "20211103"}, "ClamAV": {"detected": false, "version": "0.104.0.0", "result": null, "update": "20211102"}, "Kaspersky": {"detected": false, "version": "21.0.1.45", "result": null, "update": "20211103"}, "BitDefender": {"detected": false, "version": "7.2", "result": null, "update": "20211103"}, "NANO-Antivirus": {"detected": true, "version": "1.0.146.25370", "result": "Riskware.Android.Revmob.dyzsji", "update": "20211103"}, "SUPERAntiSpyware": {"detected": false, "version": "5.6.0.1032", "result": null, "update": "20211030"}, "Rising": {"detected": false, "version": "25.0.0.26", "result": null, "update": "20211103"}, "Ad-Aware": {"detected": false, "version": "3.0.21.193", "result": null, "update": "20211103"}, "Comodo": {"detected": false, "version": "34044", "result": null, "update": "20211102"}, "F-Secure": {"detected": false, "version": "12.0.86.52", "result": null, "update": "20211103"}, "DrWeb": {"detected": true, "version": "7.0.52.8270", "result": "Adware.Revmob.1.origin", "update": "20211103"}, "Zillya": {"detected": false, "version": "2.0.0.4487", "result": null, "update": "20211102"}, "TrendMicro": {"detected": false, "version": "11.0.0.1006", "result": null, "update": "20211103"}, "McAfee-GW-Edition": {"detected": true, "version": "v2019.1.2+3728", "result": "Artemis", "update": "20211102"}, "FireEye": {"detected": false, "version": "32.44.1.0", "result": null, "update": "20211103"}, "Emsisoft": {"detected": false, "version": "2021.5.0.7597", "result": null, "update": "20211103"}, "Ikarus": {"detected": true, "version": "0.1.5.2", "result": "PUA.AndroidOS.RevMob", "update": "20211102"}, "Avast-Mobile": {"detected": false, "version": "211102-00", "result": null, "update": "20211102"}, "Jiangmin": {"detected": false, "version": "16.0.100", "result": null, "update": "20211102"}, "Avira": {"detected": true, "version": "8.3.3.12", "result": "ADWARE/ANDR.RevMob.C.Gen", "update": "20211103"}, "Antiy-AVL": {"detected": false, "version": "3.0.0.1", "result": null, "update": "20211103"}, "Kingsoft": {"detected": false, "version": "2017.9.26.565", "result": null, "update": "20211103"}, "Gridinsoft": {"detected": false, "version": "1.0.60.158", "result": null, "update": "20211103"}, "Microsoft": {"detected": true, "version": "1.1.18700.4", "result": "PUA:Win32/Bitrepeyp.B", "update": "20211103"}, "ViRobot": {"detected": false, "version": "2014.3.20.0", "result": null, "update": "20211103"}, "ZoneAlarm": {"detected": false, "version": "1.0", "result": null, "update": "20211102"}, "GData": {"detected": false, "version": "A:25.31229B:27.25015", "result": null, "update": "20211103"}, "BitDefenderFalx": {"detected": false, "version": "2.0.936", "result": null, "update": "20210610"}, "AhnLab-V3": {"detected": false, "version": "3.21.1.10219", "result": null, "update": "20211103"}, "BitDefenderTheta": {"detected": false, "version": "7.2.37796.0", "result": null, "update": "20211021"}, "TACHYON": {"detected": false, "version": "2021-11-03.02", "result": null, "update": "20211103"}, "VBA32": {"detected": false, "version": "5.0.0", "result": null, "update": "20211102"}, "Malwarebytes": {"detected": false, "version": "4.2.2.27", "result": null, "update": "20211103"}, "Zoner": {"detected": false, "version": "0.0.0.0", "result": null, "update": "20211102"}, "Tencent": {"detected": false, "version": "1.0.0.1", "result": null, "update": "20211103"}, "Yandex": {"detected": false, "version": "5.5.2.24", "result": null, "update": "20211103"}, "MAX": {"detected": false, "version": "2019.9.16.1", "result": null, "update": "20211103"}, "MaxSecure": {"detected": false, "version": "1.0.0.1", "result": null, "update": "20211102"}, "Fortinet": {"detected": true, "version": "6.2.142.0", "result": "Adware/RevMob!Android", "update": "20211103"}, "Panda": {"detected": false, "version": "4.6.4.2", "result": null, "update": "20211102"}}, "tags": ["telephony", "contains-pe", "android", "reflection", "apk"], "scan_id": "589b7fddb50253a1191cb64d129317c58fedd2b6ae4d1ed5c2c467252b6886ea-1635924833", "unique_sources": 1, "positives": 15, "ssdeep": "1572864:WsZOHII19tS5yQaD5HZGRfLN4Z2+Pq7SczQzmwx9jG19p:WsZeLtIDaloRjN4ZqmczQzmmZc9p", "md5": "b39ec5b050345b98c7091a6a85cb61cf", "permalink": "https://www.virustotal.com/gui/file/589b7fddb50253a1191cb64d129317c58fedd2b6ae4d1ed5c2c467252b6886ea/detection/f-589b7fddb50253a1191cb64d129317c58fedd2b6ae4d1ed5c2c467252b6886ea-1635924833", "sha1": "bdea36fce09a27e1b2022a1f9827973ca8b79725", "submission": {"submitter_region": "eng", "date": "2021-11-03 07:33:53", "submitter_country": "GB", "filename": "bdea36fce09a27e1b2022a1f9827973ca8b79725"}, "response_code": 1, "community_reputation": 0, "verbose_msg": "Scan finished, information embedded", "ITW_urls": [], "last_seen": "2021-11-03 07:33:53"}