{"vhash": "e9f2ff2fc2ab73dcce7e9b614dcae1ea", "submission_names": ["861c383642a72bf59163420578d0f325.virus"], "scan_date": "2021-11-03 00:01:05", "first_seen": "2021-11-03 00:01:05", "total": 63, "additional_info": {"exiftool": {"MIMEType": "application/zip", "ZipRequiredVersion": "20", "ZipCRC": "0xf0d8ff37", "FileType": "ZIP", "ZipCompression": "Deflated", "ZipUncompressedSize": "11160", "ZipCompressedSize": "2633", "FileTypeExtension": "zip", "ZipFileName": "AndroidManifest.xml", "ZipBitFlag": "0x0808", "ZipModifyDate": "2021:10:31 14:55:46"}, "trid": "Android Package (57.0%)\nJava Archive (20.0%)\nSweet Home 3D design (generic) (15.5%)\nZIP compressed archive (5.9%)\nPrintFox/Pagefox bitmap (640x800) (1.4%)", "androguard": {"Activities": ["ch.nth.android.contentabo_l01.activities.SplashActivity", "ch.nth.android.contentabo_l01.activities.MainActivity", "ch.nth.android.contentabo_l01.activities.VideoDetailsActivity", "ch.nth.android.contentabo_l01.activities.PaymentWebViewActivity", "org.ormma.view.Browser", "org.ormma.view.OrmmaActionHandler", "ch.nth.android.contentabo_l01.activities.SpendingLimitActivity", "ch.nth.android.contentabo_l01.activities.UpdateAppWithMobileDialogActivity"], "AndroidVersionCode": "25", "certificate": {"validto": "2035-07-17 01:33:46", "serialnumber": "936eacbe07f201df", "Issuer": {"DN": "C:US, CN:Android, L:Mountain View, O:Android, ST:California, OU:Android, email:android@android.com", "C": "US", "CN": "Android", "L": "Mountain View", "O": "Android", "ST": "California", "OU": "Android", "email": "android@android.com"}, "thumbprint": "61ed377e85d386a8dfee6b864bd85b0bfaa5af81", "validfrom": "2008-02-29 01:33:46", "Subject": {"DN": "C:US, CN:Android, L:Mountain View, O:Android, ST:California, OU:Android, email:android@android.com", "C": "US", "CN": "Android", "L": "Mountain View", "O": "Android", "ST": "California", "OU": "Android", "email": "android@android.com"}}, "VTAndroidInfo": 2, "AndroidApplication": 1, "Package": "ch.nth.android.contentabo_l01_sim_univ", "AndroidApplicationError": false, "intent-filters": {"Activities": {"ch.nth.android.contentabo_l01.activities.MainActivity": {"action": ["android.intent.action.SEARCH"]}, "ch.nth.android.contentabo_l01.activities.SplashActivity": {"action": ["android.intent.action.MAIN"], "category": ["android.intent.category.LAUNCHER"]}, "ch.nth.android.contentabo_l01.activities.UpdateAppWithMobileDialogActivity": {"action": ["ch.nth.contentabo.action.install"], "category": ["android.intent.category.DEFAULT"]}}, "Receivers": {"com.google.android.gcm.GCMBroadcastReceiver": {"action": ["com.google.android.c2dm.intent.RECEIVE", "com.google.android.c2dm.intent.REGISTRATION"], "category": ["ch.nth.android.contentabo_l01_sim_univ"]}, "ch.nth.android.contentabo.common.recivers.SMSBroadcastReceiver": {"action": ["android.provider.Telephony.SMS_RECEIVED"]}, "ch.nth.android.contentabo.common.recivers.SMSSentBroadcastReceiver": {"action": ["ch.nth.android.action.FIRST_SMS_SENT", "ch.nth.android.action.SECOND_SMS_SENT"]}, "ch.nth.android.contentabo_l01.service.AlarmReceiver": {"action": ["ch.nth.android.action.START_APP_UPDATE", "ch.nth.android.action.CHECK_SPENDING_LIMIT", "ch.nth.android.action.ACTION_SHOW_SPENDING_LIMIT_NOTIFICATION", "android.intent.action.BOOT_COMPLETED"]}}}, "Main Activity": "ch.nth.android.contentabo_l01.activities.SplashActivity", "StringsInformation": ["http://193.8.131.223:8500", "http://googleads.g.doubleclick.net", "http://localhost/", "http://media.admob.com/mraid/v1/mraid_app_banner.js", "http://media.admob.com/mraid/v1/mraid_app_expanded_banner.js", "http://media.admob.com/mraid/v1/mraid_app_interstitial.js", "http://plus.google.com/", "http://schemas.android.com/apk/lib/com.google.android.gms.plus", "http://schemas.android.com/apk/lib/com.nth.android.mas", "http://www.google.com", "https://docs.google.com/spreadsheet/formResponse?formkey=%s&ifq", "https://www.googleapis.com/auth/appstate", "https://www.googleapis.com/auth/drive.file", "https://www.googleapis.com/auth/games", "https://www.googleapis.com/auth/games.firstparty", "https://www.googleapis.com/auth/plus.login", "https://www.googleapis.com/auth/plus.me"], "AndroidVersionName": "2.0.5", "RiskIndicator": {"PERM": {"PRIVACY": 3, "DANGEROUS": 1, "INTERNET": 1, "SMS": 4, "MONEY": 2, "NORMAL": 5}}, "Services": ["ch.nth.android.contentabo.service.CheckSpendingLimitService", "ch.nth.android.contentabo_l01_sim_univ.GCMIntentService", "ch.nth.android.contentabo.service.DownloadAppService"], "MinSdkVersion": "10", "AndroidApplicationInfo": "APK", "TargetSdkVersion": "21", "Receivers": ["ch.nth.android.contentabo.common.recivers.SMSBroadcastReceiver", "ch.nth.android.contentabo.common.recivers.SMSSentBroadcastReceiver", "ch.nth.android.contentabo_l01.service.AlarmReceiver", "com.google.android.gcm.GCMBroadcastReceiver"], "AndroguardVersion": "3.4.0a1", "Permissions": {"android.permission.SEND_SMS": ["dangerous", "send SMS messages", "Allows the app to send SMS messages.\n     This may result in unexpected charges. Malicious apps may cost you money by\n     sending messages without your confirmation."], "android.permission.READ_EXTERNAL_STORAGE": ["normal", "read the contents of your SD card", "Allows the app to read the contents of your SD card."], "android.permission.RECEIVE_BOOT_COMPLETED": ["normal", "run at startup", "Allows the app to\n        have itself started as soon as the system has finished booting.\n        This can make it take longer to start the phone and allow the\n        app to slow down the overall phone by always running."], "android.permission.INTERNET": ["dangerous", "full network access", "Allows the app to create\n     network sockets and use custom network protocols. The browser and other\n     applications provide means to send data to the internet, so this\n     permission is not required to send data to the internet."], "android.permission.WRITE_SMS": ["dangerous", "edit your text messages (SMS or MMS)", "Allows the app to write\n      to SMS messages stored on your phone or SIM card. Malicious apps\n      may delete your messages."], "android.permission.ACCESS_WIFI_STATE": ["normal", "view Wi-Fi connections", "Allows the app to view information\n      about Wi-Fi networking, such as whether Wi-Fi is enabled and name of\n      connected Wi-Fi devices."], "android.permission.ACCESS_NETWORK_STATE": ["normal", "view network connections", "Allows the app to view\n      information about network connections such as which networks exist and are\n      connected."], "android.permission.WAKE_LOCK": ["normal", "prevent phone from sleeping", "Allows the app to prevent the phone from going to sleep."], "ch.nth.android.contentabo_l01_sim_univ.permission.C2D_MESSAGE": ["normal", "Unknown permission from android reference", "Unknown permission from android reference"], "android.permission.READ_PHONE_STATE": ["dangerous", "read phone status and identity", "Allows the app to access the phone\n      features of the device.  This permission allows the app to determine the\n      phone number and device IDs, whether a call is active, and the remote number\n      connected by a call."], "com.google.android.c2dm.permission.RECEIVE": ["normal", "Unknown permission from android reference", "Unknown permission from android reference"], "android.permission.READ_SMS": ["dangerous", "read your text messages (SMS or MMS)", "Allows the app to read SMS\n      messages stored on your phone or SIM card. This allows the app to read all\n      SMS messages, regardless of content or confidentiality."], "android.permission.WRITE_EXTERNAL_STORAGE": ["dangerous", "modify or delete the contents of your SD card", "Allows the app to write to the SD card."], "android.permission.RECEIVE_SMS": ["dangerous", "receive text messages (SMS)", "Allows the app to receive and process SMS\n      messages. This means the app could monitor or delete messages sent to your\n      device without showing them to you."]}}, "magic": "Zip archive data, at least v2.0 to extract", "compressedview": {"highest_datetime": "2021-10-31 14:55:50", "lowest_datetime": "2021-10-31 14:55:46", "num_children": 928, "extensions": {"dex": 1, "xml": 137, "MF": 1, "RSA": 1, "js": 3, "SF": 1, "ttf": 3, "png": 774}, "file_types": {"DEX": 1, "XML": 139, "unknown": 12, "JavaScript": 1, "HTML": 1, "PNG": 774}, "type": "APK", "children": [{"detection_ratio": [2, 74], "datetime": "2021-10-31 14:55:46", "filename": "AndroidManifest.xml", "sha256": "8553ac9efe10e05e35f7d8ec30c6d086c4d253319c8067f1ee475c2ea3ca5151", "type": "XML", "size": 11160}, {"detection_ratio": [0, 74], "datetime": "2021-10-31 14:55:46", "filename": "assets/fonts/Roboto-Bold.ttf", "sha256": "24571503140760240924dcd1238f77e7cd0454c0d8b0793990cefa2fad71471f", "type": "unknown", "size": 163448}, {"detection_ratio": [0, 74], "datetime": "2021-10-31 14:55:46", "filename": "assets/fonts/Roboto-Medium.ttf", "sha256": "02868d6a7e80d4e7836b6263dd50d26a63e923a1223c9e027aad6dc2501c27cc", "type": "unknown", "size": 160696}, {"detection_ratio": [0, 74], "datetime": "2021-10-31 14:55:46", "filename": "assets/fonts/Roboto-Regular.ttf", "sha256": "16466ef65064e6f3885a6d2806b8949ac1ac38b524dd0cf8fc96565eb4cc28e8", "type": "unknown", "size": 158604}, {"detection_ratio": [0, 75], "datetime": "2021-10-31 14:55:46", "filename": "assets/plist/application-settings.plist", "sha256": "2a867c9841361909af913282a5979e77ee2814c9686d31ca03c255d91efd853a", "type": "XML", "size": 9475}, {"detection_ratio": [0, 75], "datetime": "2021-10-31 14:55:46", "filename": "assets/translations/disclaimers.json", "sha256": "0eb52f0c9e867826ba1956d68e712eb70d0880f280ef26f20a996b081d604fec", "type": "unknown", "size": 111993}, {"detection_ratio": [0, 75], "datetime": "2021-10-31 14:55:46", "filename": "assets/translations/translations.json", "sha256": "14b7f154a6386220f7bca6159e6397d86bce0f1e561b94c6fa19f4822f7a4818", "type": "unknown", "size": 66839}, {"detection_ratio": [0, 73], "datetime": "2021-10-31 14:55:46", "filename": "res/anim/abc_fade_in.xml", "sha256": "aac9596dcef2ac796b74f2c2b4c149e9a66b004e864b37e82270752c66b1234d", "type": "XML", "size": 396}, {"detection_ratio": [0, 73], "datetime": "2021-10-31 14:55:46", "filename": "res/anim/abc_fade_out.xml", "sha256": "b13a8275d8ff8077b29b8413c6809ca3ff05fc16698ac2564ffc3b3325cf8302", "type": "XML", "size": 396}, {"detection_ratio": [0, 71], "datetime": "2021-10-31 14:55:46", "filename": "res/anim/abc_slide_in_bottom.xml", "sha256": "18a752f91c63b61542bd743fab11657ccb0e11df795410c9cbb7b23b94651335", "type": "XML", "size": 400}, {"detection_ratio": [0, 73], "datetime": "2021-10-31 14:55:46", "filename": "res/anim/abc_slide_in_top.xml", "sha256": "05cc140039277e0a2299e4d1650ee39f7d12ff5e09cecf84067c9f2f340ecd06", "type": "XML", "size": 400}, {"detection_ratio": [0, 72], "datetime": "2021-10-31 14:55:46", "filename": "res/anim/abc_slide_out_bottom.xml", "sha256": "e33c8ff0e038ba561eac7101963096094d58b5f1a748c1067bad5290328148df", "type": "XML", "size": 400}, {"detection_ratio": [0, 71], "datetime": "2021-10-31 14:55:46", "filename": "res/anim/abc_slide_out_top.xml", "sha256": "2f5ba7fce4651ca8fcf598e8bb6df46b4d32912606c5d20a39de9b0554971105", "type": "XML", "size": 400}, {"detection_ratio": [0, 75], "datetime": "2021-10-31 14:55:46", "filename": "res/color/abc_search_url_text_holo.xml", "sha256": "120a67670dc932f748405930b31d0421b74279db927bdbdb09f1ff3ba675a255", "type": "XML", "size": 596}, {"detection_ratio": [0, 54], "datetime": "2021-10-31 14:55:46", "filename": "res/color/common_signin_btn_text_dark.xml", "sha256": "6a021de1f609c551eaa2c09564e5160667f1a869d960abd7b77ea211a5f7e26a", "type": "XML", "size": 836}, {"detection_ratio": [0, 50], "datetime": "2021-10-31 14:55:46", "filename": "res/color/common_signin_btn_text_light.xml", "sha256": "9827decf89515eb29da9a9d00d7fdaed905a8d96299de1e984ff5e4e78d1557b", "type": "XML", "size": 836}, {"datetime": "2021-10-31 14:55:46", "sha256": "1e3c1caa0ba313cee07f008706f0c28c059de4b656f9c111c6c9223c2ce080d5", "type": "XML", "filename": "res/color/text_color_terms_and_conditions_selector.xml", "size": 468}, {"detection_ratio": [0, 47], "datetime": "2021-10-31 14:55:46", "filename": "res/color/vpi__dark_theme.xml", "sha256": "d90748bd8d17dbefbb81f5ce0b823d1adc0b144b7aa14d6d5dca2e4d1ef45719", "type": "XML", "size": 848}, {"detection_ratio": [0, 46], "datetime": "2021-10-31 14:55:46", "filename": "res/color/vpi__light_theme.xml", "sha256": "6b8db40031ed89aa5ca03fb159b64a89d183a61d1c17162cdb68167856545565", "type": "XML", "size": 848}, {"detection_ratio": [0, 57], "datetime": "2021-10-31 14:55:46", "filename": "res/drawable-hdpi-v4/ab_background.9.png", "sha256": "8082edee8c73e92d401bcf64c3cecb5db8cc73fcd4a136ee1f808f44129202d9", "type": "PNG", "size": 255}, {"detection_ratio": [0, 55], "datetime": "2021-10-31 14:55:46", "filename": "res/drawable-hdpi-v4/ab_logo.png", "sha256": "2d5c300e3279da7c1df90583603aad5ba9059fdebfb903ae6b41328e6c1f1041", "type": "PNG", "size": 9818}, {"detection_ratio": [0, 74], "datetime": "2021-10-31 14:55:46", "filename": "res/drawable-hdpi-v4/abc_ab_bottom_solid_dark_holo.9.png", "sha256": "06a2052386280fbababa380673db6f797f32a5ad16b1eb3614220165f32249d9", "type": "PNG", "size": 249}, {"detection_ratio": [0, 62], "datetime": "2021-10-31 14:55:46", "filename": "res/drawable-hdpi-v4/abc_ab_bottom_solid_light_holo.9.png", "sha256": "7edc47c6c6711fa8182aa0d964d9bb17d340b248708a2ae151190498a70ccbae", "type": "PNG", "size": 248}, {"detection_ratio": [0, 71], "datetime": "2021-10-31 14:55:46", "filename": "res/drawable-hdpi-v4/abc_ab_bottom_transparent_dark_holo.9.png", "sha256": "f8f63ffea8687ea1818765c2030471bc4ed1bec63737aad9945d2dc971a849ff", "type": "PNG", "size": 260}, {"detection_ratio": [0, 61], "datetime": "2021-10-31 14:55:46", "filename": "res/drawable-hdpi-v4/abc_ab_bottom_transparent_light_holo.9.png", "sha256": "eb853a051bfb579655e0054092701c377fb4e3300f52a878faf218453aa38399", "type": "PNG", "size": 260}, {"detection_ratio": [0, 73], "datetime": "2021-10-31 14:55:46", "filename": "res/drawable-hdpi-v4/abc_ab_share_pack_holo_dark.9.png", "sha256": "0fa8ba3f690ab556970c0b6dea9b10d52bd87bd4f732f44573501ccba82acb1c", "type": "PNG", "size": 303}, {"detection_ratio": [0, 73], "datetime": "2021-10-31 14:55:46", "filename": "res/drawable-hdpi-v4/abc_ab_share_pack_holo_light.9.png", "sha256": "8c1bdef372f4d72aa471edfa88c391c15474eb0edaad5fae4afa07ee24492248", "type": "PNG", "size": 304}, {"detection_ratio": [0, 73], "datetime": "2021-10-31 14:55:46", "filename": "res/drawable-hdpi-v4/abc_ab_solid_dark_holo.9.png", "sha256": "ddf364e56347d36225bcf6960bb3249cc843d8b5c6cb72bcce6e1f3a7d8a68d1", "type": "PNG", "size": 255}, {"detection_ratio": [0, 73], "datetime": "2021-10-31 14:55:46", "filename": "res/drawable-hdpi-v4/abc_ab_solid_light_holo.9.png", "sha256": "2769fb724a6942f90afcf7f1fbad2178db974f47a9ed7860665aa8b9946a5415", "type": "PNG", "size": 254}, {"detection_ratio": [0, 61], "datetime": "2021-10-31 14:55:46", "filename": "res/drawable-hdpi-v4/abc_ab_stacked_solid_dark_holo.9.png", "sha256": "4a26b6a070ffb25f4c97895a3c8dd0b094ed504eb8dfd4d0d0245a1e74c03f88", "type": "PNG", "size": 255}, {"detection_ratio": [0, 62], "datetime": "2021-10-31 14:55:46", "filename": "res/drawable-hdpi-v4/abc_ab_stacked_solid_light_holo.9.png", "sha256": "486c0da27fc9a7680dac920be7d53f3a8507b5c30631a0fe8953e29ebc4e53fc", "type": "PNG", "size": 255}, {"detection_ratio": [0, 73], "datetime": "2021-10-31 14:55:46", "filename": "res/drawable-hdpi-v4/abc_ab_stacked_transparent_dark_holo.9.png", "sha256": "987abe6134cc763fefb904af1329d4ab96a012c81a18bba0380b027d83355a71", "type": "PNG", "size": 250}, {"detection_ratio": [0, 73], "datetime": "2021-10-31 14:55:46", "filename": "res/drawable-hdpi-v4/abc_ab_stacked_transparent_light_holo.9.png", "sha256": "994555644cdd03aa012e5b496ef37da4748c986e2c0339824e956b02f597ff0c", "type": "PNG", "size": 248}, {"detection_ratio": [0, 62], "datetime": "2021-10-31 14:55:46", "filename": "res/drawable-hdpi-v4/abc_ab_transparent_dark_holo.9.png", "sha256": "967ba3dc3c34aa72b41ceaf06923a477b5670e8fd922272f200493e9999fc07c", "type": "PNG", "size": 278}, {"detection_ratio": [0, 62], "datetime": "2021-10-31 14:55:46", "filename": "res/drawable-hdpi-v4/abc_ab_transparent_light_holo.9.png", "sha256": "8cd3e32c7278144638474d1eea5c273cdbf1880823f602b4d65d59f210183504", "type": "PNG", "size": 277}, {"detection_ratio": [0, 75], "datetime": "2021-10-31 14:55:46", "filename": "res/drawable-hdpi-v4/abc_cab_background_bottom_holo_dark.9.png", "sha256": "933f17d1f48f3633908ad33bb14e789c4c13a21a7f041e09918a505e72f57f6a", "type": "PNG", "size": 252}, {"detection_ratio": [0, 75], "datetime": "2021-10-31 14:55:46", "filename": "res/drawable-hdpi-v4/abc_cab_background_bottom_holo_light.9.png", "sha256": "df62dcde9342b90167ceb76a19f20b336369ad84dfe2c56e3f0bd05b8ebd5417", "type": "PNG", "size": 250}, {"detection_ratio": [0, 75], "datetime": "2021-10-31 14:55:46", "filename": "res/drawable-hdpi-v4/abc_cab_background_top_holo_dark.9.png", "sha256": "fcf55bd209751bb4c48bc8db134967efdf518599337cfd66cb5e3b378c4dee8f", "type": "PNG", "size": 253}, {"detection_ratio": [0, 61], "datetime": "2021-10-31 14:55:46", "filename": "res/drawable-hdpi-v4/abc_cab_background_top_holo_light.9.png", "sha256": "ef3ed81cd5ef444d72bd5889abaa6d77d2035527fa26f5b41f9bcc845bf36ea4", "type": "PNG", "size": 250}, {"detection_ratio": [0, 72], "datetime": "2021-10-31 14:55:46", "filename": "res/drawable-hdpi-v4/abc_ic_ab_back_holo_dark.png", "sha256": "4e65c16eb8ab3185eda41bc56fa09b4a90c5205f5ccb730aa7c3f6e9374b0fba", "type": "PNG", "size": 548}, {"detection_ratio": [0, 73], "datetime": "2021-10-31 14:55:46", "filename": "res/drawable-hdpi-v4/abc_ic_ab_back_holo_light.png", "sha256": "994459af184878cea29576f7b40b8a955507f52cd0fd9c4b93591b53859fee34", "type": "PNG", "size": 438}, {"detection_ratio": [0, 73], "datetime": "2021-10-31 14:55:46", "filename": "res/drawable-hdpi-v4/abc_ic_cab_done_holo_dark.png", "sha256": "73b4058f9fdcbf9f27b6c055cbc8e38ae703380e74cb246cfc62444cbaaaeb56", "type": "PNG", "size": 791}, {"detection_ratio": [0, 73], "datetime": "2021-10-31 14:55:46", "filename": "res/drawable-hdpi-v4/abc_ic_cab_done_holo_light.png", "sha256": "a4f4e3df202a0241b7797dd69c3855c91f57ce6f58597d074de9bdfc9bd8344f", "type": "PNG", "size": 605}, {"detection_ratio": [0, 73], "datetime": "2021-10-31 14:55:46", "filename": "res/drawable-hdpi-v4/abc_ic_clear_disabled.png", "sha256": "393b4b2ccd17592a2404ca0b8579569381cad87f3166b239b8c47d2617eaa74c", "type": "PNG", "size": 996}, {"detection_ratio": [0, 72], "datetime": "2021-10-31 14:55:46", "filename": "res/drawable-hdpi-v4/abc_ic_clear_normal.png", "sha256": "8e8eaf9222d03b4884271375a995a3e2c08013e4d8eeaae437cb3e15327bb239", "type": "PNG", "size": 1498}, {"detection_ratio": [0, 72], "datetime": "2021-10-31 14:55:46", "filename": "res/drawable-hdpi-v4/abc_ic_clear_search_api_disabled_holo_light.png", "sha256": "e45283b53b474dfc8d165fda4634dda4de8db6cfb3f70827140dd02e9f945f5c", "type": "PNG", "size": 409}, {"detection_ratio": [0, 73], "datetime": "2021-10-31 14:55:46", "filename": "res/drawable-hdpi-v4/abc_ic_clear_search_api_holo_light.png", "sha256": "c3bc421a1ee6c3b446ee22534e5f6d573ca28b21a62ad24b468c5469d8e59d98", "type": "PNG", "size": 451}, {"detection_ratio": [0, 73], "datetime": "2021-10-31 14:55:46", "filename": "res/drawable-hdpi-v4/abc_ic_commit_search_api_holo_dark.png", "sha256": "8792edf60a8edae48c82c0ddd3a897d55cdb1ca6d669103c256cfa13e0bd2df6", "type": "PNG", "size": 493}, {"detection_ratio": [0, 73], "datetime": "2021-10-31 14:55:46", "filename": "res/drawable-hdpi-v4/abc_ic_commit_search_api_holo_light.png", "sha256": "c41b2d8701b5730bd3512be81c000abddf3daf97803873e5e3f6e783b6c8ccd5", "type": "PNG", "size": 448}, {"detection_ratio": [0, 73], "datetime": "2021-10-31 14:55:46", "filename": "res/drawable-hdpi-v4/abc_ic_go.png", "sha256": "2f8b0fbc19f3bce51f38eee27f69803bd9aa4ffb4216d591b2c2c4eb03beba1e", "type": "PNG", "size": 815}, {"detection_ratio": [0, 73], "datetime": "2021-10-31 14:55:46", "filename": "res/drawable-hdpi-v4/abc_ic_go_search_api_holo_light.png", "sha256": "bde43e9a943ba05ec30cd28bb89205ae03bf71ad23d46be83356e59aa07b0f56", "type": "PNG", "size": 254}, {"detection_ratio": [0, 73], "datetime": "2021-10-31 14:55:46", "filename": "res/drawable-hdpi-v4/abc_ic_menu_moreoverflow_normal_holo_dark.png", "sha256": "0ff4a1dab780b1839122642219fdaf8eb0bfdba32bd35538e900cb6df7a5e3d2", "type": "PNG", "size": 126}, {"detection_ratio": [0, 73], "datetime": "2021-10-31 14:55:46", "filename": "res/drawable-hdpi-v4/abc_ic_menu_moreoverflow_normal_holo_light.png", "sha256": "1744d190b422b1c04ac145b9b4419af95165059b2474d023986f5da9b1527709", "type": "PNG", "size": 136}, {"detection_ratio": [0, 73], "datetime": "2021-10-31 14:55:46", "filename": "res/drawable-hdpi-v4/abc_ic_menu_share_holo_dark.png", "sha256": "24d5218ae8b540518f694d9567eca1f1b30930bf908ca223d0399b4757368350", "type": "PNG", "size": 578}, {"detection_ratio": [0, 73], "datetime": "2021-10-31 14:55:46", "filename": "res/drawable-hdpi-v4/abc_ic_menu_share_holo_light.png", "sha256": "d3b36ec6582a3dc9441b49f3d98384712e67fec84356c2f77b123b7ee431515b", "type": "PNG", "size": 607}, {"detection_ratio": [0, 73], "datetime": "2021-10-31 14:55:46", "filename": "res/drawable-hdpi-v4/abc_ic_search.png", "sha256": "76a10e66291883228b14dd26ebfb050cc7cfce53c62349b1b8a142d8c89be0f3", "type": "PNG", "size": 1688}, {"detection_ratio": [0, 73], "datetime": "2021-10-31 14:55:46", "filename": "res/drawable-hdpi-v4/abc_ic_search_api_holo_light.png", "sha256": "bc2afaaa183581b6979bc260d03c431659d2e550626554c999c01882f7fe3dc7", "type": "PNG", "size": 973}, {"detection_ratio": [0, 72], "datetime": "2021-10-31 14:55:46", "filename": "res/drawable-hdpi-v4/abc_ic_voice_search.png", "sha256": "8b1c2589fb280e6f9eb7b8c8431ff034aa56d8040f0d1eb2d03264654b26cfd9", "type": "PNG", "size": 2013}, {"detection_ratio": [0, 73], "datetime": "2021-10-31 14:55:46", "filename": "res/drawable-hdpi-v4/abc_ic_voice_search_api_holo_light.png", "sha256": "76d2b0f7bf136f5497af8a9d0f3885f088c20ab0f553dd8b7171234d8dc1f3ee", "type": "PNG", "size": 705}, {"detection_ratio": [0, 73], "datetime": "2021-10-31 14:55:46", "filename": "res/drawable-hdpi-v4/abc_list_divider_holo_dark.9.png", "sha256": "655a5019121ea73bd39f859f66af13bd673e1921f36913001b56a3e3f4e6ae6d", "type": "PNG", "size": 168}, {"detection_ratio": [0, 76], "datetime": "2021-10-31 14:55:46", "filename": "res/drawable-hdpi-v4/abc_list_divider_holo_light.9.png", "sha256": "5593f658f98169b2ec859d71317167e5d5b02cf14f6f6883f1f1ad5008671399", "type": "PNG", "size": 168}, {"detection_ratio": [0, 75], "datetime": "2021-10-31 14:55:46", "filename": "res/drawable-hdpi-v4/abc_list_focused_holo.9.png", "sha256": "a2f1a37af8e699320a2fadbe54eeaa6112d5a3522d57d682edf04fe97be3b47e", "type": "PNG", "size": 244}, {"detection_ratio": [0, 73], "datetime": "2021-10-31 14:55:46", "filename": "res/drawable-hdpi-v4/abc_list_longpressed_holo.9.png", "sha256": "d5c644b00ee79bd4f1fcb789ebbf89e79c0c6fea878dfbc4a8c64c3be34b5b03", "type": "PNG", "size": 212}, {"detection_ratio": [0, 73], "datetime": "2021-10-31 14:55:46", "filename": "res/drawable-hdpi-v4/abc_list_pressed_holo_dark.9.png", "sha256": "5efe06739172083d9761e20e0f65ae2483f903cc91cc84fde7976d5f0d46a86a", "type": "PNG", "size": 212}, {"detection_ratio": [0, 73], "datetime": "2021-10-31 14:55:46", "filename": "res/drawable-hdpi-v4/abc_list_pressed_holo_light.9.png", "sha256": "5efe06739172083d9761e20e0f65ae2483f903cc91cc84fde7976d5f0d46a86a", "type": "PNG", "size": 212}, {"detection_ratio": [0, 75], "datetime": "2021-10-31 14:55:46", "filename": "res/drawable-hdpi-v4/abc_list_selector_disabled_holo_dark.9.png", "sha256": "c0e4c8fdbf4fef50f8a7033e529c3ef8da2c994b3567d4e9d89cfa099e7ac15b", "type": "PNG", "size": 239}, {"detection_ratio": [0, 75], "datetime": "2021-10-31 14:55:46", "filename": "res/drawable-hdpi-v4/abc_list_selector_disabled_holo_light.9.png", "sha256": "e71502ac4d35951d0e063ef8b76885e27846a2dc0cdc616959d2a513f4852a2d", "type": "PNG", "size": 240}, {"detection_ratio": [0, 75], "datetime": "2021-10-31 14:55:46", "filename": "res/drawable-hdpi-v4/abc_menu_dropdown_panel_holo_dark.9.png", "sha256": "afa44674167cf31bbe5112fd0ab82899b621bf74ba0690e7a0a23e134ce3492d", "type": "PNG", "size": 1262}, {"detection_ratio": [0, 57], "datetime": "2021-10-31 14:55:46", "filename": "res/drawable-hdpi-v4/abc_menu_dropdown_panel_holo_light.9.png", "sha256": "204948dc9709de6d00736fee44e082106ca1d025e03945585f7ac0d25220deb8", "type": "PNG", "size": 1285}, {"detection_ratio": [0, 75], "datetime": "2021-10-31 14:55:46", "filename": "res/drawable-hdpi-v4/abc_menu_hardkey_panel_holo_dark.9.png", "sha256": "b247883ca2d53f02b371eea03ef64145095627980a7da568ceaf2b5df4f53aab", "type": "PNG", "size": 878}, {"detection_ratio": [0, 75], "datetime": "2021-10-31 14:55:46", "filename": "res/drawable-hdpi-v4/abc_menu_hardkey_panel_holo_light.9.png", "sha256": "2d28e93672284640ed6b1294b93a07ab0dc58903b73d90d0757c29e208ff0b5b", "type": "PNG", "size": 853}, {"detection_ratio": [0, 74], "datetime": "2021-10-31 14:55:46", "filename": "res/drawable-hdpi-v4/abc_spinner_ab_default_holo_dark.9.png", "sha256": "933c9d8f1c93b6310054285e4e4d99ac160191390876ab68b76d9fec3236a623", "type": "PNG", "size": 369}, {"detection_ratio": [0, 57], "datetime": "2021-10-31 14:55:46", "filename": "res/drawable-hdpi-v4/abc_spinner_ab_default_holo_light.9.png", "sha256": "8b4f421fb240410bdd7ddb6f7dac59bea3d3d172b15fa747a1af713b7a1ffcb0", "type": "PNG", "size": 370}, {"detection_ratio": [0, 75], "datetime": "2021-10-31 14:55:46", "filename": "res/drawable-hdpi-v4/abc_spinner_ab_disabled_holo_dark.9.png", "sha256": "d9c58a00671c6aae8cc77cbbea060883a8bd886d996ac39e2eceed28831ee282", "type": "PNG", "size": 369}, {"detection_ratio": [0, 57], "datetime": "2021-10-31 14:55:46", "filename": "res/drawable-hdpi-v4/abc_spinner_ab_disabled_holo_light.9.png", "sha256": "e3c756fac5c7684cf40d3ffd1f7000a5d46b5ae61dace82d0e173834cf7c4577", "type": "PNG", "size": 369}, {"detection_ratio": [0, 74], "datetime": "2021-10-31 14:55:46", "filename": "res/drawable-hdpi-v4/abc_spinner_ab_focused_holo_dark.9.png", "sha256": "1531b72f86894a5037cd6432c1f2ac6fe6ff2bb769c1657c948fcb7f8dadf1b7", "type": "PNG", "size": 551}, {"detection_ratio": [0, 57], "datetime": "2021-10-31 14:55:46", "filename": "res/drawable-hdpi-v4/abc_spinner_ab_focused_holo_light.9.png", "sha256": "d8f79af2dfc2e2f536ebfe17e0f0372f7e613e6528ffa53b54735ce1a1c7ca00", "type": "PNG", "size": 549}, {"detection_ratio": [0, 74], "datetime": "2021-10-31 14:55:46", "filename": "res/drawable-hdpi-v4/abc_spinner_ab_pressed_holo_dark.9.png", "sha256": "9437248591e6892ee59bf75625bd7f4f0a8700b7e003d256af7c49e80a8ca6ef", "type": "PNG", "size": 492}, {"detection_ratio": [0, 57], "datetime": "2021-10-31 14:55:46", "filename": "res/drawable-hdpi-v4/abc_spinner_ab_pressed_holo_light.9.png", "sha256": "b93c08c8b9d88453f60c8386c3e37a2efae0810d96e0325ae3d8096b22522b26", "type": "PNG", "size": 488}, {"detection_ratio": [0, 74], "datetime": "2021-10-31 14:55:46", "filename": "res/drawable-hdpi-v4/abc_tab_selected_focused_holo.9.png", "sha256": "b043f5524e360afda0fd1e154f2a062a2e5d7c0cbf6299d61aa9511c6a8b23da", "type": "PNG", "size": 192}, {"detection_ratio": [0, 75], "datetime": "2021-10-31 14:55:46", "filename": "res/drawable-hdpi-v4/abc_tab_selected_holo.9.png", "sha256": "4c53d900f1bcf895bba670d8b9e6df959cb16136c3555e10356daea4b187787f", "type": "PNG", "size": 185}, {"detection_ratio": [0, 73], "datetime": "2021-10-31 14:55:46", "filename": "res/drawable-hdpi-v4/abc_tab_selected_pressed_holo.9.png", "sha256": "d5ff3be7f23758a40534abf46cf4289bd93759ac74177fdb325a65dc4cb53468", "type": "PNG", "size": 191}, {"detection_ratio": [0, 75], "datetime": "2021-10-31 14:55:46", "filename": "res/drawable-hdpi-v4/abc_tab_unselected_pressed_holo.9.png", "sha256": "dc59219bdd96fb97a51849e801c33db32012bd52bf37cfb7b688b8af901e99f1", "type": "PNG", "size": 189}, {"detection_ratio": [0, 73], "datetime": "2021-10-31 14:55:46", "filename": "res/drawable-hdpi-v4/abc_textfield_search_default_holo_dark.9.png", "sha256": "bd8274e39379370a5d79c2d381adccccfeb84429ea0a31e6fbedae45eea62fba", "type": "PNG", "size": 209}, {"detection_ratio": [0, 73], "datetime": "2021-10-31 14:55:46", "filename": "res/drawable-hdpi-v4/abc_textfield_search_default_holo_light.9.png", "sha256": "12b4da8e346dde93334237e6d3ce4c3d5cd742ed828b276f4c54faee67467d81", "type": "PNG", "size": 206}, {"detection_ratio": [0, 73], "datetime": "2021-10-31 14:55:46", "filename": "res/drawable-hdpi-v4/abc_textfield_search_right_default_holo_dark.9.png", "sha256": "e80caa5cbb4658ab05d48dba4f2bfbead66b02c789c01053a0127b5a7afcf432", "type": "PNG", "size": 212}, {"detection_ratio": [0, 73], "datetime": "2021-10-31 14:55:46", "filename": "res/drawable-hdpi-v4/abc_textfield_search_right_default_holo_light.9.png", "sha256": "44d17d378b375071acf8fa7ace772e974edfca98922d67b1fa992f72045c2e1b", "type": "PNG", "size": 204}, {"detection_ratio": [0, 73], "datetime": "2021-10-31 14:55:46", "filename": "res/drawable-hdpi-v4/abc_textfield_search_right_selected_holo_dark.9.png", "sha256": "f39eff22483be8a3b68a491914de55e5fa65629111487ff9cac9d5d4b5385203", "type": "PNG", "size": 217}, {"detection_ratio": [0, 73], "datetime": "2021-10-31 14:55:46", "filename": "res/drawable-hdpi-v4/abc_textfield_search_right_selected_holo_light.9.png", "sha256": "1bc6b5131ee5172176adf41b269f3a18e495473ea897b4854226f75671b0f53f", "type": "PNG", "size": 217}, {"detection_ratio": [0, 73], "datetime": "2021-10-31 14:55:46", "filename": "res/drawable-hdpi-v4/abc_textfield_search_selected_holo_dark.9.png", "sha256": "9194e9a6933b862eeb72f1349dfacd23c865ba49adb65de879ae4fd4160ac318", "type": "PNG", "size": 223}, {"detection_ratio": [0, 73], "datetime": "2021-10-31 14:55:46", "filename": "res/drawable-hdpi-v4/abc_textfield_search_selected_holo_light.9.png", "sha256": "9194e9a6933b862eeb72f1349dfacd23c865ba49adb65de879ae4fd4160ac318", "type": "PNG", "size": 223}, {"detection_ratio": [0, 57], "datetime": "2021-10-31 14:55:46", "filename": "res/drawable-hdpi-v4/bg_ageverification_dialog.9.png", "sha256": "aa7bb3ba73ef586f865be89db5a4b7d2bcfa1e5cfab445a76d153b2445af7c3f", "type": "PNG", "size": 257}, {"detection_ratio": [0, 56], "datetime": "2021-10-31 14:55:46", "filename": "res/drawable-hdpi-v4/bg_alert.9.png", "sha256": "f82b1b9b0c196b44ba96a1131ba186eb22141f972a2b8d4da2da7d4a34fd7f4f", "type": "PNG", "size": 2085}, {"detection_ratio": [0, 57], "datetime": "2021-10-31 14:55:46", "filename": "res/drawable-hdpi-v4/bg_buffer_progress_inactive.9.png", "sha256": "dbcc168943e0eaa6ac119e6531acf8f1e74028a9545f55c27e1d23e3fcb1d7dd", "type": "PNG", "size": 322}, {"detection_ratio": [0, 55], "datetime": "2021-10-31 14:55:46", "filename": "res/drawable-hdpi-v4/bg_management_alert_item.png", "sha256": "27c18589835d1e35ce29a7c57a8037b2836120db86af481823ae3c9ad44fba0d", "type": "PNG", "size": 28653}, {"detection_ratio": [0, 55], "datetime": "2021-10-31 14:55:46", "filename": "res/drawable-hdpi-v4/bg_management_options.png", "sha256": "0f4202d58823528d53c5f57bc3949afe0c4b2a6e02e26d00d067403f9cf023f4", "type": "PNG", "size": 60130}, {"detection_ratio": [0, 54], "datetime": "2021-10-31 14:55:46", "filename": "res/drawable-hdpi-v4/bg_management_title.png", "sha256": "8ceb37e2e2813849a0f5f75a9c6b6f8ad4d2b6e75716e29ab951fb69a2683387", "type": "PNG", "size": 11558}, {"detection_ratio": [0, 55], "datetime": "2021-10-31 14:55:46", "filename": "res/drawable-hdpi-v4/bg_renew_membership.png", "sha256": "72bb4f2b837a8ff6b019ab209e6dd7f5e90130921903f3474b6a28c24137034d", "type": "PNG", "size": 14520}, {"detection_ratio": [0, 57], "datetime": "2021-10-31 14:55:46", "filename": "res/drawable-hdpi-v4/bg_sidebar_content_mask.9.png", "sha256": "783a85249e71658966f6b21a1b979bd3cd82ab80593293c03adb2c0de3d6b79f", "type": "PNG", "size": 256}, {"detection_ratio": [0, 57], "datetime": "2021-10-31 14:55:46", "filename": "res/drawable-hdpi-v4/bg_sidebar_header.9.png", "sha256": "8613d1a87075c4b53d3e6ad4877f94da509ebcc676eca8da95964fded136c1fd", "type": "PNG", "size": 270}], "uncompressed_size": 8509682}}, "size": 4804236, "authentihash": null, "times_submitted": 1, "harmless_votes": 0, "malicious_votes": 0, "sha256": "58a35ac49b0a3f2e50028295d2927d4c9980439b29fd48fdb1a7fc215c53cdcb", "type": "Android", "scans": {"Bkav": {"detected": false, "version": "1.3.0.9899", "result": null, "update": "20211102"}, "Lionic": {"detected": true, "version": "4.2", "result": "Riskware.AndroidOS.SMSreg.z!c", "update": "20211102"}, "ClamAV": {"detected": false, "version": "0.104.0.0", "result": null, "update": "20211102"}, "CMC": {"detected": false, "version": "2.10.2019.1", "result": null, "update": "20211026"}, "CAT-QuickHeal": {"detected": true, "version": "14.00", "result": "Android.SMSReg.A (PUP)", "update": "20211102"}, "McAfee": {"detected": true, "version": "6.0.6.653", "result": "Artemis!861C383642A7", "update": "20211102"}, "ALYac": {"detected": false, "version": "1.1.3.1", "result": null, "update": "20211103"}, "Malwarebytes": {"detected": false, "version": "4.2.2.27", "result": null, "update": "20211102"}, "VIPRE": {"detected": false, "version": "96670", "result": null, "update": "20211102"}, "Sangfor": {"detected": true, "version": "2.9.0.0", "result": "Malware.Android-Script.Save.9f14b72c", "update": "20210930"}, "K7AntiVirus": {"detected": false, "version": "11.225.39123", "result": null, "update": "20211102"}, "BitDefender": {"detected": false, "version": "7.2", "result": null, "update": "20211102"}, "K7GW": {"detected": true, "version": "11.225.39127", "result": "Trojan ( 004ddbbd1 )", "update": "20211102"}, "Trustlook": {"detected": true, "version": "1.0", "result": "Android.PUA.DebugKey", "update": "20211103"}, "Arcabit": {"detected": false, "version": "1.0.0.886", "result": null, "update": "20211102"}, "Baidu": {"detected": false, "version": "1.0.0.2", "result": null, "update": "20190318"}, "Cyren": {"detected": true, "version": "6.3.0.2", "result": "AndroidOS/SMSreg.AE.gen!Eldorado", "update": "20211102"}, "SymantecMobileInsight": {"detected": true, "version": "2.0", "result": "AdLibrary:Generisk", "update": "20210126"}, "Symantec": {"detected": true, "version": "1.16.0.0", "result": "Trojan.Gen.MBT", "update": "20211102"}, "ESET-NOD32": {"detected": true, "version": "24227", "result": "Android/SMSreg.UA potentially unsafe", "update": "20211102"}, "TrendMicro-HouseCall": {"detected": false, "version": "10.0.0.1040", "result": null, "update": "20211101"}, "Avast": {"detected": true, "version": "21.1.5827.0", "result": "Android:Agent-MFE [PUP]", "update": "20211102"}, "Cynet": {"detected": true, "version": "4.0.0.27", "result": "Malicious (score: 99)", "update": "20211102"}, "Kaspersky": {"detected": true, "version": "21.0.1.45", "result": "not-a-virus:UDS:RiskTool.AndroidOS.SMSreg.mq", "update": "20211102"}, "Alibaba": {"detected": false, "version": "0.3.0.5", "result": null, "update": "20190527"}, "NANO-Antivirus": {"detected": true, "version": "1.0.146.25370", "result": "Riskware.Android.SmsSend.gczwrm", "update": "20211102"}, "SUPERAntiSpyware": {"detected": false, "version": "5.6.0.1032", "result": null, "update": "20211030"}, "MicroWorld-eScan": {"detected": false, "version": "14.0.409.0", "result": null, "update": "20211102"}, "Rising": {"detected": false, "version": "25.0.0.26", "result": null, "update": "20211103"}, "Ad-Aware": {"detected": false, "version": "3.0.21.193", "result": null, "update": "20211103"}, "Emsisoft": {"detected": false, "version": "2021.5.0.7597", "result": null, "update": "20211102"}, "Comodo": {"detected": false, "version": "34044", "result": null, "update": "20211102"}, "F-Secure": {"detected": false, "version": "12.0.86.52", "result": null, "update": "20211103"}, "DrWeb": {"detected": true, "version": "7.0.52.8270", "result": "Android.SmsSend.15340", "update": "20211102"}, "Zillya": {"detected": true, "version": "2.0.0.4487", "result": "Downloader.OpenConnection.JS.131615", "update": "20211102"}, "TrendMicro": {"detected": false, "version": "11.0.0.1006", "result": null, "update": "20211102"}, "McAfee-GW-Edition": {"detected": false, "version": "v2019.1.2+3728", "result": null, "update": "20211102"}, "FireEye": {"detected": false, "version": "32.44.1.0", "result": null, "update": "20211102"}, "Sophos": {"detected": true, "version": "1.4.1.0", "result": "Android Riskware SmsReg (PUA)", "update": "20211102"}, "Ikarus": {"detected": true, "version": "0.1.5.2", "result": "Trojan.AndroidOS.SMSReg", "update": "20211102"}, "Avast-Mobile": {"detected": true, "version": "211102-00", "result": "Android:Evo-gen [Trj]", "update": "20211102"}, "Jiangmin": {"detected": false, "version": "16.0.100", "result": null, "update": "20211102"}, "Avira": {"detected": true, "version": "8.3.3.12", "result": "ANDROID/SmsReg.YBD.Gen", "update": "20211102"}, "Antiy-AVL": {"detected": true, "version": "3.0.0.1", "result": "RiskWare[RiskTool]/Android.SMSreg", "update": "20211102"}, "Kingsoft": {"detected": true, "version": "2017.9.26.565", "result": "Android.RISKWARE.pornapp.a.(kcloud)", "update": "20211103"}, "Gridinsoft": {"detected": false, "version": "1.0.60.158", "result": null, "update": "20211102"}, "Microsoft": {"detected": false, "version": "1.1.18700.4", "result": null, "update": "20211103"}, "ViRobot": {"detected": false, "version": "2014.3.20.0", "result": null, "update": "20211102"}, "ZoneAlarm": {"detected": true, "version": "1.0", "result": "not-a-virus:HEUR:RiskTool.AndroidOS.SMSreg.mq", "update": "20211102"}, "GData": {"detected": false, "version": "A:25.31226B:27.25011", "result": null, "update": "20211102"}, "BitDefenderFalx": {"detected": true, "version": "2.0.936", "result": "Android.Riskware.SMSReg.QE", "update": "20210610"}, "AhnLab-V3": {"detected": true, "version": "3.21.1.10219", "result": "PUP/Android.SmsPay.63460", "update": "20211102"}, "BitDefenderTheta": {"detected": false, "version": "7.2.37796.0", "result": null, "update": "20211021"}, "TACHYON": {"detected": false, "version": "2021-11-02.02", "result": null, "update": "20211102"}, "VBA32": {"detected": false, "version": "5.0.0", "result": null, "update": "20211102"}, "Zoner": {"detected": false, "version": "0.0.0.0", "result": null, "update": "20211102"}, "Tencent": {"detected": false, "version": "1.0.0.1", "result": null, "update": "20211103"}, "Yandex": {"detected": false, "version": "5.5.2.24", "result": null, "update": "20211102"}, "MAX": {"detected": false, "version": "2019.9.16.1", "result": null, "update": "20211103"}, "MaxSecure": {"detected": false, "version": "1.0.0.1", "result": null, "update": "20211102"}, "Fortinet": {"detected": true, "version": "6.2.142.0", "result": "Riskware/Generic.Z.9DAC0B!Android", "update": "20211102"}, "AVG": {"detected": true, "version": "21.1.5827.0", "result": "Android:Agent-MFE [PUP]", "update": "20211102"}, "Panda": {"detected": false, "version": "4.6.4.2", "result": null, "update": "20211102"}}, "tags": ["apk", "android"], "scan_id": "58a35ac49b0a3f2e50028295d2927d4c9980439b29fd48fdb1a7fc215c53cdcb-1635897665", "unique_sources": 1, "positives": 27, "ssdeep": "98304:HltOQTxR3n2OuF/oiv2Yb25R6TL8SptFlqC8to0rAS9CzhsovTKQuOjXOfKQClr0:FnR32OuLu55ofRt8to0rAS9udLKLGXOZ", "md5": "861c383642a72bf59163420578d0f325", "permalink": "https://www.virustotal.com/gui/file/58a35ac49b0a3f2e50028295d2927d4c9980439b29fd48fdb1a7fc215c53cdcb/detection/f-58a35ac49b0a3f2e50028295d2927d4c9980439b29fd48fdb1a7fc215c53cdcb-1635897665", "sha1": "ef1ac07775125ac35462831902d415ad48f13b26", "submission": {"submitter_region": "on", "date": "2021-11-03 00:01:05", "submitter_country": "CA", "filename": "861c383642a72bf59163420578d0f325.virus"}, "response_code": 1, "community_reputation": 0, "verbose_msg": "Scan finished, information embedded", "ITW_urls": [], "last_seen": "2021-11-03 00:01:05"}