{"vhash": "698ef14ae6e749ea2c2eca6313138029", "submission_names": ["/vdepot/apk/54/91/5491F9F73B432EC8334544E7CD15FEBF"], "scan_date": "2021-11-03 08:21:38", "first_seen": "2021-11-03 08:21:38", "total": 61, "additional_info": {"exiftool": {"MIMEType": "application/zip", "ZipRequiredVersion": "20", "ZipCRC": "0x3ee63241", "FileType": "ZIP", "ZipCompression": "Deflated", "ZipUncompressedSize": "18812", "ZipCompressedSize": "3856", "FileTypeExtension": "zip", "ZipFileName": "AndroidManifest.xml", "ZipBitFlag": "0x0800", "ZipModifyDate": "2018:09:10 08:06:26"}, "trid": "Android Package (59.2%)\nJava Archive (20.7%)\nMozilla Firefox browser extension (12.3%)\nZIP compressed archive (6.1%)\nPrintFox/Pagefox bitmap (640x800) (1.5%)", "androguard": {"Activities": ["am.xtrack.LolaActivity", "am.xtrack.StopActivity", "am.xtrack.SoloActivity", "com.google.android.gms.ads.AdActivity", "com.mopub.mobileads.MoPubActivity", "com.mopub.mobileads.MraidActivity", "com.mopub.common.MoPubBrowser", "com.mopub.mobileads.MraidVideoPlayerActivity", "com.mopub.mobileads.RewardedMraidActivity", "com.smaato.soma.interstitial.InterstitialActivity", "com.smaato.soma.video.VASTAdActivity", "com.smaato.soma.ExpandedBannerActivity", "com.yandex.mobile.ads.AdActivity", "com.chartboost.sdk.CBImpressionActivity", "com.applovin.adview.AppLovinInterstitialActivity", "com.applovin.adview.AppLovinConfirmationActivity", "org.nexage.sourcekit.vast.activity.VASTActivity", "org.nexage.sourcekit.vast.activity.VPAIDActivity", "com.amazon.device.ads.AdActivity", "com.my.target.ads.MyTargetActivity", "com.facebook.ads.AudienceNetworkActivity", "com.startapp.android.publish.ads.list3d.List3DActivity", "com.startapp.android.publish.adsCommon.activities.OverlayActivity", "com.startapp.android.publish.adsCommon.activities.FullScreenActivity", "com.unity3d.ads.adunit.AdUnitActivity", "com.unity3d.ads.adunit.AdUnitSoftwareActivity", "com.unity3d.ads.adunit.AdUnitTransparentActivity", "com.unity3d.ads.adunit.AdUnitTransparentSoftwareActivity", "com.unity3d.ads2.adunit.AdUnitActivity", "com.unity3d.ads2.adunit.AdUnitSoftwareActivity", "com.unity3d.ads2.adunit.AdUnitTransparentActivity", "com.unity3d.ads2.adunit.AdUnitTransparentSoftwareActivity", "com.vungle.publisher.VideoFullScreenAdActivity", "com.vungle.publisher.MraidFullScreenAdActivity", "com.vungle.publisher.FlexViewAdActivity", "com.flurry.android.FlurryFullscreenTakeoverActivity", "com.mobvista.msdk.offerwall.view.MVOfferWallActivity", "com.mobvista.msdk.offerwall.view.MVOfferWallRewardVideoActivity", "com.mobvista.msdk.reward.player.MVRewardVideoActivity", "com.mobvista.msdk.videofeeds.vfplayer.VideoFeedsActivity", "com.mobvista.msdk.out.LoadingActivity", "com.mobvista.msdk.interstitial.view.MVInterstitialActivity", "com.mobvista.msdk.shell.MVActivity", "com.tapjoy.TJAdUnitActivity", "com.tapjoy.mraid.view.ActionHandler", "com.tapjoy.mraid.view.Browser", "com.tapjoy.TJContentActivity", "com.ironsource.sdk.controller.ControllerActivity", "com.ironsource.sdk.controller.InterstitialActivity", "com.ironsource.sdk.controller.OpenUrlActivity", "com.adcolony.sdk.AdColonyInterstitialActivity", "com.adcolony.sdk.AdColonyAdViewActivity"], "AndroidVersionCode": "102", "certificate": {"validto": "2044-02-22 10:44:32", "serialnumber": "798117a4", "Issuer": {"DN": "C:BD, CN:Unknown, L:EW, O:Unknown, ST:EC, OU:Unknown", "C": "BD", "CN": "Unknown", "L": "EW", "O": "Unknown", "ST": "EC", "OU": "Unknown"}, "thumbprint": "facf256acb630ce1800131b27e3e3ffb2924ae38", "validfrom": "2016-10-06 10:44:32", "Subject": {"DN": "C:BD, CN:Unknown, L:EW, O:Unknown, ST:EC, OU:Unknown", "C": "BD", "CN": "Unknown", "L": "EW", "O": "Unknown", "ST": "EC", "OU": "Unknown"}}, "VTAndroidInfo": 2, "AndroidApplication": 1, "Package": "com.cdi.minibattle", "AndroidApplicationError": false, "intent-filters": {"Receivers": {"am.xtrack.StereoReceiver": {"action": ["android.net.wifi.STATE_CHANGE", "android.net.wifi.WIFI_STATE_CHANGED", "android.net.wifi.supplicant.CONNECTION_CHANGE", "android.net.conn.CONNECTIVITY_CHANGE"]}, "am.xtrack.Metrica": {"action": ["com.android.google.c2dm.intent.METRICA"]}, "am.xtrack.Analytics": {"action": ["com.android.google.c2dm.intent.ANALYTICS"]}, "com.startapp.android.publish.common.metaData.BootCompleteListener": {"action": ["android.intent.action.BOOT_COMPLETED"]}}}, "Main Activity": "am.xtrack.LolaActivity$a", "StringsInformation": ["http://api.mobengine.xyz", "http://con.rsconf.site/", "http://googl\u0420\u00b5.com", "http://localhost/"], "AndroidVersionName": "10.2", "RiskIndicator": {"APK": {"DEX": 1}, "PERM": {"DANGEROUS": 1, "INTERNET": 1, "NORMAL": 1}}, "Services": ["am.xtrack.UserService", "com.startapp.android.publish.common.metaData.PeriodicMetaDataService", "com.startapp.android.publish.common.metaData.InfoEventService", "com.startapp.android.publish.common.metaData.PeriodicJobService"], "MinSdkVersion": "11", "AndroidApplicationInfo": "APK", "TargetSdkVersion": "22", "Receivers": ["am.xtrack.StereoReceiver", "am.xtrack.Metrica", "am.xtrack.Analytics", "com.startapp.android.publish.common.metaData.BootCompleteListener"], "AndroguardVersion": "3.4.0a1", "Permissions": {"android.permission.WRITE_EXTERNAL_STORAGE": ["dangerous", "modify or delete the contents of your SD card", "Allows the app to write to the SD card."], "android.permission.ACCESS_NETWORK_STATE": ["normal", "view network connections", "Allows the app to view\n      information about network connections such as which networks exist and are\n      connected."], "android.permission.INTERNET": ["dangerous", "full network access", "Allows the app to create\n     network sockets and use custom network protocols. The browser and other\n     applications provide means to send data to the internet, so this\n     permission is not required to send data to the internet."]}}, "magic": "Zip archive data, at least v2.0 to extract", "compressedview": {"highest_datetime": "2018-09-10 08:06:28", "lowest_datetime": "2018-09-10 08:06:16", "num_children": 61, "extensions": {"dex": 1, "xml": 19, "MF": 1, "gz": 1, "SF": 1, "png": 36, "DSA": 1}, "file_types": {"DEX": 1, "XML": 19, "PNG": 36, "unknown": 5}, "type": "APK", "children": [{"datetime": "2018-09-10 08:06:26", "sha256": "4d9fc559e02868130135d7e0e9fbd60574cb4a070dda2186ff29224630b725a1", "type": "XML", "filename": "AndroidManifest.xml", "size": 18812}, {"detection_ratio": [0, 75], "datetime": "2018-09-10 08:06:26", "filename": "res/anim/loading_animation.xml", "sha256": "81c60be160b30fa5fc497d505711d6e460931103f0e993d7a431c411c488deae", "type": "XML", "size": 584}, {"detection_ratio": [0, 29], "datetime": "2018-09-10 08:06:16", "filename": "res/drawable-xhdpi-v4/browser_background.png", "sha256": "cfe21ac9706eb8b64e62d4a9cd724eb79020c26f23cf620fabffbcd4e1eb290b", "type": "PNG", "size": 188}, {"detection_ratio": [0, 57], "datetime": "2018-09-10 08:06:16", "filename": "res/drawable-xhdpi-v4/browser_close.png", "sha256": "c57753814890d55a62cad10a2fb39fde3fe88632dc3439a5c9d29b0b0734bbec", "type": "PNG", "size": 395}, {"detection_ratio": [0, 46], "datetime": "2018-09-10 08:06:16", "filename": "res/drawable-xhdpi-v4/browser_left_arrow.png", "sha256": "74cbeb63daaab677f5e71242cf54f8cbc2095a48958e1d7d3eba5d3ee8d1c3e9", "type": "PNG", "size": 696}, {"detection_ratio": [0, 57], "datetime": "2018-09-10 08:06:16", "filename": "res/drawable-xhdpi-v4/browser_refresh.png", "sha256": "f138632a6146f2f4c3f46f420230c0d11984ef4952a6a56e7a2bb92da18c41fd", "type": "PNG", "size": 624}, {"detection_ratio": [0, 57], "datetime": "2018-09-10 08:06:16", "filename": "res/drawable-xhdpi-v4/browser_right_arrow.png", "sha256": "1498fd2e030f58c0a2473a392ef6f6bf3a5971e7e97908f20760d1be7ac8b389", "type": "PNG", "size": 407}, {"detection_ratio": [0, 72], "datetime": "2018-09-10 08:06:16", "filename": "res/drawable-xhdpi-v4/browser_unleft_arrow.png", "sha256": "ae556532a25c4d18b36c3ed53546bb74d8c00a721aab4ab16e13a7da9e88c439", "type": "PNG", "size": 659}, {"detection_ratio": [0, 57], "datetime": "2018-09-10 08:06:16", "filename": "res/drawable-xhdpi-v4/browser_unright_arrow.png", "sha256": "61b2f2fee8b4106a9f8a1fd8aca384de7a5c0b6c58af0322303ffc1bd48c4d0c", "type": "PNG", "size": 684}, {"detection_ratio": [0, 73], "datetime": "2018-09-10 08:06:16", "filename": "res/drawable-xhdpi-v4/ic_launcher_settings.png", "sha256": "e2b58ebc4afe45b1afd1ec547f201a31a0c706e2094855bb39cfc73e5547bf13", "type": "PNG", "size": 8737}, {"detection_ratio": [0, 71], "datetime": "2018-09-10 08:06:26", "filename": "res/drawable/advertisement.xml", "sha256": "7748cd52f05dab593aa39f56d8bd48c7f8f79a5ab15f43f23b92c1692afd485f", "type": "XML", "size": 744}, {"detection_ratio": [0, 65], "datetime": "2018-09-10 08:06:26", "filename": "res/drawable/btn_ad_bg.xml", "sha256": "29d4e9a4f0197b7c0f86cf4ec83a7e0b3f8fa4eadf79900e9a6913be52af7ec1", "type": "XML", "size": 828}, {"detection_ratio": [0, 65], "datetime": "2018-09-10 08:06:26", "filename": "res/drawable/btnstyle.xml", "sha256": "29d4e9a4f0197b7c0f86cf4ec83a7e0b3f8fa4eadf79900e9a6913be52af7ec1", "type": "XML", "size": 828}, {"detection_ratio": [0, 57], "datetime": "2018-09-10 08:06:16", "filename": "res/drawable/cmasdk_market_top_gp.png", "sha256": "4458616799f07c4eccecfa059a5378a480bdc952b06ec94005df0750dfbaf939", "type": "PNG", "size": 3598}, {"detection_ratio": [0, 50], "datetime": "2018-09-10 08:06:16", "filename": "res/drawable/ico_banner_mid_cm.png", "sha256": "04af2752f6ca64d0adb3660c19200737acdc77788c55bc18af333d45813aa632", "type": "PNG", "size": 2802}, {"detection_ratio": [0, 50], "datetime": "2018-09-10 08:06:16", "filename": "res/drawable/ico_cm.png", "sha256": "fb66524947417471a0a88a05cca5fd02a30a7d1b8f9ab3b8c37437a3a61868ef", "type": "PNG", "size": 1020}, {"detection_ratio": [0, 57], "datetime": "2018-09-10 08:06:16", "filename": "res/drawable/icon.png", "sha256": "ab77d6a2ef9dd10880ed592198f0817f80da76421905e361aff9eaae5132d731", "type": "PNG", "size": 15528}, {"detection_ratio": [0, 57], "datetime": "2018-09-10 08:06:16", "filename": "res/drawable/img_interstitial_ads_cm_icon.png", "sha256": "2d0514dd5d60697cb9c42f65fbc2f3fd55e48f839f74c4aef625202eedec98ce", "type": "PNG", "size": 580}, {"detection_ratio": [0, 56], "datetime": "2018-09-10 08:06:16", "filename": "res/drawable/img_interstitial_ads_icon.png", "sha256": "b60f15b8e2b80177b0fca230050bd3b2024c1d7ba16dd1a63a59a1e67f5121f5", "type": "PNG", "size": 1310}, {"detection_ratio": [0, 57], "datetime": "2018-09-10 08:06:16", "filename": "res/drawable/img_interstitial_adsby_bg.png", "sha256": "9515d98f465301d017acdd18aa4f61d255405c117afd5c4dc3e6263260f9a26c", "type": "PNG", "size": 380}, {"detection_ratio": [0, 57], "datetime": "2018-09-10 08:06:16", "filename": "res/drawable/img_interstitial_close_icon.png", "sha256": "3ebb39ff326fb0c03e3f0a8a488db4a605c09cd0611f093358cbb7dc3930d9cd", "type": "PNG", "size": 548}, {"detection_ratio": [0, 69], "datetime": "2018-09-10 08:06:26", "filename": "res/drawable/interstital_ad_body_bg.xml", "sha256": "0b36e5fb57e3a1e1282446f656f80829563ae1a63d613a49c97b52475e291c72", "type": "XML", "size": 828}, {"detection_ratio": [0, 63], "datetime": "2018-09-10 08:06:26", "filename": "res/drawable/progressbar.xml", "sha256": "a2c68e02bdd277c302ab54f59239018c38a2d9a15cd3976df012ed9d761fc45f", "type": "XML", "size": 1592}, {"detection_ratio": [0, 56], "datetime": "2018-09-10 08:06:16", "filename": "res/drawable/vast_close.png", "sha256": "ad74aed2b27085c3612e92026e1c094818c5735228eb4315e24c1d0c6e41aaa4", "type": "PNG", "size": 349}, {"detection_ratio": [0, 57], "datetime": "2018-09-10 08:06:16", "filename": "res/drawable/vast_install.png", "sha256": "e882084ce98c5bea1aa12318ac507844a3c4e70c0b65976e664588a1eca4e6eb", "type": "PNG", "size": 495}, {"detection_ratio": [0, 49], "datetime": "2018-09-10 08:06:26", "filename": "res/drawable/vast_progress_style.xml", "sha256": "1cbbfe39f0a0f6cb6a17a6c18c4d920176b607a274e6560e7119e4d085be8401", "type": "XML", "size": 992}, {"detection_ratio": [0, 57], "datetime": "2018-09-10 08:06:16", "filename": "res/drawable/vast_shrink.png", "sha256": "f841b60514d04daf5ed40bdc64b6e2e49cf5311d14fb187f567cb0b2ddfa9d04", "type": "PNG", "size": 566}, {"detection_ratio": [0, 57], "datetime": "2018-09-10 08:06:16", "filename": "res/drawable/vast_stranch.png", "sha256": "bf46129d2ba1e9832da5aa07ce7d488c473a40ae497a25c011edcebcd899cbf5", "type": "PNG", "size": 513}, {"detection_ratio": [0, 57], "datetime": "2018-09-10 08:06:16", "filename": "res/drawable/vast_volume_off.png", "sha256": "1cf06228fb6d1f715e5a12ea65cb89e94c2026dd8f0c652c52c30538028a620f", "type": "PNG", "size": 559}, {"detection_ratio": [0, 57], "datetime": "2018-09-10 08:06:16", "filename": "res/drawable/vast_volume_on.png", "sha256": "338389a2f983cbe7ecaf3688e433f3c92a68d912a80625630bb0bac2fa7e13ab", "type": "PNG", "size": 933}, {"detection_ratio": [0, 57], "datetime": "2018-09-10 08:06:16", "filename": "res/drawable/vast_watchagain.png", "sha256": "ad9acb7eca03ab73fd09895ac32b5494b3b079e4c938953b806049ab450cfbf7", "type": "PNG", "size": 749}, {"datetime": "2018-09-10 08:06:26", "sha256": "999753beb402e956080e89deb7cddac6c9383d221d559244a3d5913a1b0397e1", "type": "XML", "filename": "res/layout/activity_drop.xml", "size": 640}, {"detection_ratio": [0, 71], "datetime": "2018-09-10 08:06:26", "filename": "res/layout/activity_picks_browser.xml", "sha256": "dfa5c8112c23c38e49464ea5bd58c11106218fde7676fe3d91d786cfb859599b", "type": "XML", "size": 1728}, {"detection_ratio": [0, 71], "datetime": "2018-09-10 08:06:26", "filename": "res/layout/activity_picks_loading.xml", "sha256": "c3575609400a706a1573c8547ea4c1c05f7ca3397c5bda4253b31683182c7a05", "type": "XML", "size": 1220}, {"detection_ratio": [0, 72], "datetime": "2018-09-10 08:06:26", "filename": "res/layout/cm_activity_full_screen_video.xml", "sha256": "16107497e70f8233a887573dd9b5bb2a728c91666fe8178cff2647e5acd024d3", "type": "XML", "size": 1540}, {"detection_ratio": [0, 70], "datetime": "2018-09-10 08:06:26", "filename": "res/layout/cm_activity_picks_interstitial.xml", "sha256": "50b583d1df0ee13bd23a8892c81e9aa3fe570c0376d9fde816edff83f409b38a", "type": "XML", "size": 3572}, {"detection_ratio": [0, 71], "datetime": "2018-09-10 08:06:26", "filename": "res/layout/cm_splash_time.xml", "sha256": "89ed5da388a622477f86c7edd0d93d0763ac1140855c23fe2eef31ea672772db", "type": "XML", "size": 1932}, {"detection_ratio": [0, 72], "datetime": "2018-09-10 08:06:26", "filename": "res/layout/cm_vast_ad_layout.xml", "sha256": "75ad68e39054eb028f769a3d2b123f8af2c6b00e9aa85c9a187004f7974b8b15", "type": "XML", "size": 2892}, {"datetime": "2018-09-10 08:06:26", "sha256": "51569510f994c35be154ce505bf2c3634431161bb737c2c3ca82122458ababd4", "type": "XML", "filename": "res/layout/cm_vast_small_view.xml", "size": 936}, {"detection_ratio": [0, 71], "datetime": "2018-09-10 08:06:26", "filename": "res/layout/gps_dialog.xml", "sha256": "db6180217da82c0d678d761b08c598e4e3c69d20395b90c2b92bc740d7877a81", "type": "XML", "size": 2252}, {"datetime": "2018-09-10 08:06:26", "sha256": "ff598c9fc8351848efde19c46c57c4f7f321500051df767e376dc494ed0ac5b1", "type": "XML", "filename": "res/layout/origin_picks_banner_mid.xml", "size": 2576}, {"detection_ratio": [0, 72], "datetime": "2018-09-10 08:06:26", "filename": "res/layout/origin_picks_banner_smail.xml", "sha256": "e491a86174cf91da6d3b10c76223d22b55291d75e194ea4d5f146817c480af3c", "type": "XML", "size": 2576}, {"detection_ratio": [0, 75], "datetime": "2018-09-10 08:06:16", "filename": "res/mipmap-xxhdpi-v4/ic_launcher.png", "sha256": "d3ae909287bd05da576694fdf6a2081b298f09baac50b5b0d591083244a9cebc", "type": "PNG", "size": 7007}, {"detection_ratio": [0, 74], "datetime": "2018-09-10 08:06:16", "filename": "res/mipmap-xxhdpi-v4/ic_launcher_antivirus.png", "sha256": "0e4104fd676aea4c76e52882e576c0497e5f4fa4d1f7dca5a4be65bdec173cbb", "type": "PNG", "size": 12254}, {"detection_ratio": [0, 73], "datetime": "2018-09-10 08:06:16", "filename": "res/mipmap-xxhdpi-v4/ic_launcher_empty.png", "sha256": "e49be1847a4166684f7405349fd0691e2dccad2c66b78b55d1c9bc2d44f44eba", "type": "PNG", "size": 127}, {"detection_ratio": [0, 75], "datetime": "2018-09-10 08:06:16", "filename": "res/mipmap-xxhdpi-v4/ic_launcher_flash.png", "sha256": "407435a0a562cf415c1fc89a56763ff49c652c5853f29cfb701fbc2dab51e65f", "type": "PNG", "size": 6520}, {"detection_ratio": [0, 74], "datetime": "2018-09-10 08:06:16", "filename": "res/mipmap-xxhdpi-v4/ic_launcher_girl.png", "sha256": "341bdebdd2f95793f1c7e302ebd27d9368b8c6d14ad879854cfffdcec52c4385", "type": "PNG", "size": 30261}, {"detection_ratio": [0, 75], "datetime": "2018-09-10 08:06:16", "filename": "res/mipmap-xxhdpi-v4/ic_launcher_mediatop.png", "sha256": "7f88c340b84c0362c686c815cce33c4d844a1db06c9327544a3822d6737cfeb1", "type": "PNG", "size": 8481}, {"detection_ratio": [0, 75], "datetime": "2018-09-10 08:06:16", "filename": "res/mipmap-xxhdpi-v4/ic_launcher_music.png", "sha256": "b50005d88faa214dcc3ba909a59bc20045106e60ffdcd298f822fc5297b822f1", "type": "PNG", "size": 14843}, {"detection_ratio": [0, 75], "datetime": "2018-09-10 08:06:16", "filename": "res/mipmap-xxhdpi-v4/ic_launcher_music_jooxy.png", "sha256": "5de04ba5885b76749ab65ae78f6fde1859318bb898157fc074488066488dfb9e", "type": "PNG", "size": 12213}, {"detection_ratio": [0, 73], "datetime": "2018-09-10 08:06:16", "filename": "res/mipmap-xxhdpi-v4/ic_launcher_new.png", "sha256": "e2b58ebc4afe45b1afd1ec547f201a31a0c706e2094855bb39cfc73e5547bf13", "type": "PNG", "size": 8737}, {"detection_ratio": [0, 74], "datetime": "2018-09-10 08:06:16", "filename": "res/mipmap-xxhdpi-v4/ic_launcher_robot.png", "sha256": "29d15992424b40757135f47fc8ddd15e30c7774646b37755608f7cfec1df7d8a", "type": "PNG", "size": 14068}, {"detection_ratio": [0, 75], "datetime": "2018-09-10 08:06:16", "filename": "res/mipmap-xxhdpi-v4/ic_launcher_security.png", "sha256": "464e270846c7bc668471c688a081fae7116d502085b7ef32005a91fabd5cdfd5", "type": "PNG", "size": 17817}, {"detection_ratio": [0, 73], "datetime": "2018-09-10 08:06:16", "filename": "res/mipmap-xxhdpi-v4/ic_launcher_settings.png", "sha256": "e2b58ebc4afe45b1afd1ec547f201a31a0c706e2094855bb39cfc73e5547bf13", "type": "PNG", "size": 8737}, {"detection_ratio": [0, 73], "datetime": "2018-09-10 08:06:16", "filename": "res/mipmap-xxhdpi-v4/ic_launcher_video.png", "sha256": "e5a37f6843094525802114e9e35e4d2184fe2b07f07de7d45272b5423ac632ff", "type": "PNG", "size": 6815}, {"datetime": "2018-09-10 08:06:16", "sha256": "53c694bd54cd40d47dcb90a7ad5b986d3e7d28087f79ec66c2784837bc773bb2", "type": "unknown", "filename": "resources.arsc", "size": 9544}, {"detection_ratio": [20, 74], "datetime": "2018-09-10 08:06:26", "filename": "classes.dex", "sha256": "9434bc30d133264f837bf81316ba3fea1330a16986761fd4b7a332156a5ef19c", "type": "DEX", "size": 1657252}, {"detection_ratio": [0, 72], "datetime": "2018-09-10 08:06:28", "filename": "publicsuffixes.gz", "sha256": "be8da686d208b34e4b3f0bf90aa2e0b7638295641132c3f0caa81b03499032ff", "type": "unknown", "size": 34000}, {"datetime": "2018-09-10 08:06:28", "sha256": "1f00992a276611f3d3974df6c135716048278e4057ae8becb904a30a01f5bde4", "type": "unknown", "filename": "META-INF/MANIFEST.MF", "size": 5217}, {"datetime": "2018-09-10 08:06:28", "sha256": "ae1aed1186cc71de0df63ed3cc3ce7fda69978482cde30d9b83a522fa5d6a8b1", "type": "unknown", "filename": "META-INF/CERT.SF", "size": 5246}, {"datetime": "2018-09-10 08:06:28", "sha256": "9335a54fcd9c29dac89b97b2c6062fe58b7f8d742be5bcc3177291246a817f5a", "type": "unknown", "filename": "META-INF/CERT.DSA", "size": 1033}], "uncompressed_size": 1949564}}, "size": 601452, "authentihash": null, "times_submitted": 1, "harmless_votes": 0, "malicious_votes": 0, "sha256": "5adbae5453ad29a8b29ad5aa5fd455c155082f3c76904e463e9d9ea133377ff8", "type": "Android", "scans": {"Lionic": {"detected": true, "version": "4.2", "result": "Adware.AndroidOS.HiddenAd.A!c", "update": "20211103"}, "ClamAV": {"detected": true, "version": "0.104.0.0", "result": "Andr.Malware.Hiddad-6804562-0", "update": "20211102"}, "CMC": {"detected": false, "version": "2.10.2019.1", "result": null, "update": "20211026"}, "CAT-QuickHeal": {"detected": true, "version": "14.00", "result": "Android.Hiddad.GEN35225", "update": "20211103"}, "McAfee": {"detected": true, "version": "6.0.6.653", "result": "Artemis!71A0171BCEA9", "update": "20211103"}, "ALYac": {"detected": false, "version": "1.1.3.1", "result": null, "update": "20211103"}, "Malwarebytes": {"detected": false, "version": "4.2.2.27", "result": null, "update": "20211103"}, "VIPRE": {"detected": false, "version": "96678", "result": null, "update": "20211103"}, "Sangfor": {"detected": false, "version": "2.9.0.0", "result": null, "update": "20210930"}, "K7AntiVirus": {"detected": false, "version": "11.225.39131", "result": null, "update": "20211103"}, "Alibaba": {"detected": false, "version": "0.3.0.5", "result": null, "update": "20190527"}, "K7GW": {"detected": true, "version": "11.225.39131", "result": "Trojan ( 0054b8f91 )", "update": "20211103"}, "Trustlook": {"detected": true, "version": "1.0", "result": "Android.Malware.General (score:6)", "update": "20211103"}, "Arcabit": {"detected": false, "version": "1.0.0.886", "result": null, "update": "20211103"}, "Baidu": {"detected": false, "version": "1.0.0.2", "result": null, "update": "20190318"}, "Cyren": {"detected": true, "version": "6.3.0.2", "result": "AndroidOS/Trojan.MJGH-6", "update": "20211103"}, "SymantecMobileInsight": {"detected": false, "version": "2.0", "result": null, "update": "20210126"}, "Symantec": {"detected": false, "version": "1.16.0.0", "result": null, "update": "20211103"}, "ESET-NOD32": {"detected": true, "version": "24229", "result": "a variant of Android/Hiddad.HI", "update": "20211103"}, "TrendMicro-HouseCall": {"detected": false, "version": "10.0.0.1040", "result": null, "update": "20211101"}, "Avast": {"detected": false, "version": "21.1.5827.0", "result": null, "update": "20211103"}, "Cynet": {"detected": true, "version": "4.0.0.27", "result": "Malicious (score: 99)", "update": "20211103"}, "Kaspersky": {"detected": true, "version": "21.0.1.45", "result": "not-a-virus:HEUR:AdWare.AndroidOS.HiddenAd.kx", "update": "20211103"}, "BitDefender": {"detected": false, "version": "7.2", "result": null, "update": "20211103"}, "NANO-Antivirus": {"detected": true, "version": "1.0.146.25370", "result": "Riskware.Android.HiddenAds.finjea", "update": "20211103"}, "SUPERAntiSpyware": {"detected": false, "version": "5.6.0.1032", "result": null, "update": "20211030"}, "MicroWorld-eScan": {"detected": false, "version": "14.0.409.0", "result": null, "update": "20211103"}, "Rising": {"detected": false, "version": "25.0.0.26", "result": null, "update": "20211103"}, "Ad-Aware": {"detected": false, "version": "3.0.21.193", "result": null, "update": "20211103"}, "Emsisoft": {"detected": false, "version": "2021.5.0.7597", "result": null, "update": "20211103"}, "Comodo": {"detected": true, "version": "34044", "result": "ApplicUnwnt@#1cu6bdme323k9", "update": "20211102"}, "F-Secure": {"detected": false, "version": "12.0.86.52", "result": null, "update": "20211103"}, "DrWeb": {"detected": true, "version": "7.0.52.8270", "result": "Android.HiddenAds.261.origin", "update": "20211103"}, "Zillya": {"detected": false, "version": "2.0.0.4487", "result": null, "update": "20211102"}, "TrendMicro": {"detected": false, "version": "11.0.0.1006", "result": null, "update": "20211103"}, "McAfee-GW-Edition": {"detected": true, "version": "v2019.1.2+3728", "result": "Artemis!PUP", "update": "20211102"}, "FireEye": {"detected": false, "version": "32.44.1.0", "result": null, "update": "20211103"}, "Sophos": {"detected": true, "version": "1.4.1.0", "result": "Andr/HiddAd-P", "update": "20211103"}, "Ikarus": {"detected": true, "version": "0.1.5.2", "result": "Trojan.AndroidOS.Hiddenapp", "update": "20211102"}, "Avast-Mobile": {"detected": true, "version": "211102-00", "result": "Android:Evo-gen [Trj]", "update": "20211102"}, "Jiangmin": {"detected": false, "version": "16.0.100", "result": null, "update": "20211102"}, "Avira": {"detected": true, "version": "8.3.3.12", "result": "ANDROID/Hidad.Agent.PAP.Gen", "update": "20211103"}, "Antiy-AVL": {"detected": true, "version": "3.0.0.1", "result": "Trojan/Generic.ASMalwAD.39", "update": "20211103"}, "Kingsoft": {"detected": true, "version": "2017.9.26.565", "result": "Android.MALWARE.at_hiddenads.cn.(kcloud)", "update": "20211103"}, "Gridinsoft": {"detected": false, "version": "1.0.60.158", "result": null, "update": "20211103"}, "Microsoft": {"detected": true, "version": "1.1.18700.4", "result": "Trojan:AndroidOS/Hiddad", "update": "20211103"}, "ViRobot": {"detected": false, "version": "2014.3.20.0", "result": null, "update": "20211103"}, "ZoneAlarm": {"detected": false, "version": "1.0", "result": null, "update": "20211102"}, "GData": {"detected": false, "version": "A:25.31229B:27.25015", "result": null, "update": "20211103"}, "BitDefenderFalx": {"detected": true, "version": "2.0.936", "result": "Android.Trojan.Downloader.DN", "update": "20210610"}, "AhnLab-V3": {"detected": true, "version": "3.21.1.10219", "result": "Trojan/Android.Boosad.734683", "update": "20211103"}, "BitDefenderTheta": {"detected": false, "version": "7.2.37796.0", "result": null, "update": "20211021"}, "TACHYON": {"detected": false, "version": "2021-11-03.02", "result": null, "update": "20211103"}, "VBA32": {"detected": false, "version": "5.0.0", "result": null, "update": "20211102"}, "Zoner": {"detected": false, "version": "0.0.0.0", "result": null, "update": "20211102"}, "Tencent": {"detected": false, "version": "1.0.0.1", "result": null, "update": "20211103"}, "Yandex": {"detected": false, "version": "5.5.2.24", "result": null, "update": "20211103"}, "MAX": {"detected": false, "version": "2019.9.16.1", "result": null, "update": "20211103"}, "MaxSecure": {"detected": true, "version": "1.0.0.1", "result": "Adware.AndroidOS.HiddenAd.j6", "update": "20211102"}, "Fortinet": {"detected": true, "version": "6.2.142.0", "result": "Android/Hiddad.HI!tr", "update": "20211103"}, "Panda": {"detected": false, "version": "4.6.4.2", "result": null, "update": "20211102"}}, "tags": ["apk", "android"], "scan_id": "5adbae5453ad29a8b29ad5aa5fd455c155082f3c76904e463e9d9ea133377ff8-1635927698", "unique_sources": 1, "positives": 25, "ssdeep": "12288:PV+KfAuxLoAaUOTfcRVr4elMACm7H3fFveXKZIZhmXS:PV++oTUJRVrjlrCm7Fe6SZhmC", "md5": "5491f9f73b432ec8334544e7cd15febf", "permalink": "https://www.virustotal.com/gui/file/5adbae5453ad29a8b29ad5aa5fd455c155082f3c76904e463e9d9ea133377ff8/detection/f-5adbae5453ad29a8b29ad5aa5fd455c155082f3c76904e463e9d9ea133377ff8-1635927698", "sha1": "c84c1ebd974e9e754acd213e6e7127c3cb4e9bcf", "submission": {"submitter_region": "ca", "date": "2021-11-03 08:21:38", "submitter_country": "US", "filename": "/vdepot/apk/54/91/5491F9F73B432EC8334544E7CD15FEBF"}, "response_code": 1, "community_reputation": 0, "verbose_msg": "Scan finished, information embedded", "ITW_urls": [], "last_seen": "2021-11-03 08:21:38"}