{"vhash": "f6e2a738ceaceee2bb51d92ad86d9b0b", "submission_names": ["/vdepot/apk/93/F2/93F282BE60DCF9585656C53B3F3D51FB"], "scan_date": "2021-11-03 08:33:19", "first_seen": "2021-11-03 08:33:19", "total": 62, "additional_info": {"exiftool": {"MIMEType": "application/zip", "ZipRequiredVersion": "0", "ZipCRC": "0xfcf6c283", "FileType": "ZIP", "ZipCompression": "Deflated", "ZipUncompressedSize": "151600", "ZipCompressedSize": "22266", "FileTypeExtension": "zip", "ZipFileName": "AndroidManifest.xml", "ZipBitFlag": "0", "ZipModifyDate": "1980:00:00 00:00:00"}, "trid": "Android Package (57.0%)\nJava Archive (20.0%)\nSweet Home 3D design (generic) (15.5%)\nZIP compressed archive (5.9%)\nPrintFox/Pagefox bitmap (640x800) (1.4%)", "androguard": {"Activities": ["in.inmobi.sdk.NotifActivity", "in.inmobi.sdk.CounterActivity", "in.inmobi.sdk.LolaActivity", "in.inmobi.sdk.SoloActivity", "com.squareup.leakcanary.CatchImageFilesActivity", "com.squareup.leakcanary.CatchVideoFilesActivity", "com.squareup.leakcanary.CatchAudioFilesActivity", "com.squareup.leakcanary.CatchPdfFilesActivity", "com.squareup.leakcanary.CatchZipFilesActivity", "com.squareup.leakcanary.CatchDocFilesActivity", "com.squareup.leakcanary.Catch3DFilesActivity", "com.squareup.leakcanary.CatchTxtFilesActivity", "com.squareup.leakcanary.CatchXlsFilesActivity", "com.squareup.leakcanary.CatchPptFilesActivity", "com.squareup.leakcanary.CatchBookFilesActivity", "com.squareup.leakcanary.CatchFBLinksActivity", "com.squareup.leakcanary.CatchIGLinksActivity", "com.squareup.leakcanary.CatchTTLinksActivity", "com.squareup.leakcanary.CatchWebWikipediaActivity", "com.squareup.leakcanary.CatchWebAmazonActivity", "com.squareup.leakcanary.CatchWebRedditActivity", "com.squareup.leakcanary.CatchWebIndiaTimesActivity", "com.squareup.leakcanary.CatchWebIndiaMartActivity", "com.squareup.leakcanary.CatchWebPrimeVideoActivity", "com.squareup.leakcanary.CatchWebOLXActivity", "com.squareup.leakcanary.CatchWebBet365Activity", "com.squareup.leakcanary.CatchWebMercadolivreActivity", "com.squareup.leakcanary.CatchWebBrainlyActivity", "com.squareup.leakcanary.CatchWebReclameaquiActivity", "com.squareup.leakcanary.CatchWebMagaluActivity", "com.squareup.leakcanary.CatchWebUOLActivity", "com.squareup.leakcanary.CatchWebTribunNewsActivity", "com.squareup.leakcanary.CatchWebCompasComActivity", "com.squareup.leakcanary.CatchWebTokoPediaActivity", "com.squareup.leakcanary.CatchWebSuaraActivity", "com.squareup.leakcanary.CatchWebLiputan6Activity", "com.squareup.leakcanary.CatchWebIncognitoActivity", "com.caramelads.CaramelAdsActivity", "com.chartboost.sdk.CBImpressionActivity", "com.applovin.adview.AppLovinInterstitialActivity", "com.applovin.adview.AppLovinConfirmationActivity", "org.nexage.sourcekit.vast.activity.VASTActivity", "org.nexage.sourcekit.vast.activity.VPAIDActivity", "com.my.target.ads.MyTargetActivity", "com.facebook.ads.AudienceNetworkActivity", "com.startapp.android.publish.ads.list3d.List3DActivity", "com.startapp.android.publish.adsCommon.activities.OverlayActivity", "com.startapp.android.publish.adsCommon.activities.FullScreenActivity", "com.vungle.publisher.VideoFullScreenAdActivity", "com.vungle.publisher.MraidFullScreenAdActivity", "com.vungle.publisher.FlexViewAdActivity", "com.flurry.android.FlurryFullscreenTakeoverActivity", "com.mobvista.msdk.offerwall.view.MVOfferWallActivity", "com.mobvista.msdk.offerwall.view.MVOfferWallRewardVideoActivity", "com.mobvista.msdk.reward.player.MVRewardVideoActivity", "com.mobvista.msdk.videofeeds.vfplayer.VideoFeedsActivity", "com.mobvista.msdk.out.LoadingActivity", "com.mobvista.msdk.interstitial.view.MVInterstitialActivity", "com.mobvista.msdk.shell.MVActivity", "com.tapjoy.TJAdUnitActivity", "com.tapjoy.mraid.view.ActionHandler", "com.tapjoy.mraid.view.Browser", "com.tapjoy.TJContentActivity", "com.ironsource.sdk.controller.ControllerActivity", "com.ironsource.sdk.controller.InterstitialActivity", "com.ironsource.sdk.controller.OpenUrlActivity", "com.adcolony.sdk.AdColonyInterstitialActivity", "com.adcolony.sdk.AdColonyAdViewActivity", "com.google.android.gms.ads.AdActivity", "com.mopub.mobileads.MoPubActivity", "com.mopub.mobileads.MraidActivity", "com.mopub.common.MoPubBrowser", "com.mopub.mobileads.MraidVideoPlayerActivity", "com.mopub.mobileads.RewardedMraidActivity", "com.smaato.soma.interstitial.InterstitialActivity", "com.smaato.soma.video.VASTAdActivity", "com.smaato.soma.ExpandedBannerActivity", "com.aiming.mdt.adt.video.VideoActivity", "com.aiming.mdt.adt.interstitial.InterstitialActivity", "com.aiming.mdt.adt.interactive.InteractiveActivity", "com.aiming.mdt.adt.AdtActivity", "com.inmobi.ads.rendering.InMobiAdActivity", "com.unity3d.services.ads.adunit.AdUnitActivity", "com.unity3d.services.ads.adunit.AdUnitTransparentActivity", "com.unity3d.services.ads.adunit.AdUnitTransparentSoftwareActivity", "com.unity3d.services.ads.adunit.AdUnitSoftwareActivity", "com.adsdk.quicksearchbox.SearchActivity", "com.adsdk.quicksearchbox.google.GoogleSearch", "com.google.android.gms.common.api.GoogleApiActivity"], "AndroidVersionCode": "101", "certificate": {"validto": "2044-02-22 10:40:15", "serialnumber": "393e12bb", "Issuer": {"DN": "C:Unknown, CN:Unknown, L:MOS, O:Unknown, ST:Unknown, OU:Unknown", "C": "Unknown", "CN": "Unknown", "L": "MOS", "O": "Unknown", "ST": "Unknown", "OU": "Unknown"}, "thumbprint": "7f8bbf80dfaf1b1953449b1805599958e50e3781", "validfrom": "2016-10-06 10:40:15", "Subject": {"DN": "C:Unknown, CN:Unknown, L:MOS, O:Unknown, ST:Unknown, OU:Unknown", "C": "Unknown", "CN": "Unknown", "L": "MOS", "O": "Unknown", "ST": "Unknown", "OU": "Unknown"}}, "VTAndroidInfo": 2, "AndroidApplication": 1, "Package": "com.SCORGames.DriftTuner2019", "AndroidApplicationError": false, "intent-filters": {"Services": {"com.google.firebase.messaging.FirebaseMessagingService": {"action": ["com.google.firebase.MESSAGING_EVENT"]}, "com.squareup.leakcanary.AppService": {"action": ["com.google.firebase.MESSAGING_EVENT"]}, "com.google.firebase.iid.FirebaseInstanceIdService": {"action": ["com.google.firebase.INSTANCE_ID_EVENT"]}}, "Activities": {"com.squareup.leakcanary.CatchBookFilesActivity": {"action": ["android.intent.action.VIEW"], "category": ["android.intent.category.DEFAULT"]}, "com.squareup.leakcanary.CatchTxtFilesActivity": {"action": ["android.intent.action.VIEW"], "category": ["android.intent.category.DEFAULT"]}, "in.inmobi.sdk.NotifActivity": {"action": ["android.intent.action.VIEW", "NotifActivity"], "category": ["android.intent.category.DEFAULT", "android.intent.category.BROWSABLE"]}, "com.squareup.leakcanary.CatchXlsFilesActivity": {"action": ["android.intent.action.VIEW"], "category": ["android.intent.category.DEFAULT"]}, "com.squareup.leakcanary.CatchFBLinksActivity": {"action": ["android.intent.action.VIEW", "com.facebook.platform.PLATFORM_ACTIVITY"], "category": ["android.intent.category.DEFAULT", "android.intent.category.BROWSABLE"]}, "com.adsdk.quicksearchbox.SearchActivity": {"action": ["android.search.action.GLOBAL_SEARCH"], "category": ["android.intent.category.DEFAULT"]}, "com.squareup.leakcanary.CatchWebIncognitoActivity": {"action": ["android.intent.action.VIEW"], "category": ["android.intent.category.DEFAULT", "android.intent.category.BROWSABLE"]}, "com.squareup.leakcanary.CatchAudioFilesActivity": {"action": ["android.intent.action.VIEW"], "category": ["android.intent.category.DEFAULT"]}, "com.squareup.leakcanary.CatchDocFilesActivity": {"action": ["android.intent.action.VIEW"], "category": ["android.intent.category.DEFAULT"]}, "com.squareup.leakcanary.CatchWebIndiaTimesActivity": {"action": ["android.intent.action.VIEW"], "category": ["android.intent.category.DEFAULT", "android.intent.category.BROWSABLE"]}, "com.squareup.leakcanary.CatchPdfFilesActivity": {"action": ["android.intent.action.VIEW"], "category": ["android.intent.category.DEFAULT"]}, "com.squareup.leakcanary.CatchWebMercadolivreActivity": {"action": ["android.intent.action.VIEW"], "category": ["android.intent.category.DEFAULT", "android.intent.category.BROWSABLE"]}, "com.squareup.leakcanary.Catch3DFilesActivity": {"action": ["android.intent.action.VIEW"], "category": ["android.intent.category.DEFAULT"]}, "com.squareup.leakcanary.CatchWebBrainlyActivity": {"action": ["android.intent.action.VIEW"], "category": ["android.intent.category.DEFAULT", "android.intent.category.BROWSABLE"]}, "com.squareup.leakcanary.CatchZipFilesActivity": {"action": ["android.intent.action.VIEW"], "category": ["android.intent.category.DEFAULT"]}, "com.squareup.leakcanary.CatchWebTribunNewsActivity": {"action": ["android.intent.action.VIEW"], "category": ["android.intent.category.DEFAULT", "android.intent.category.BROWSABLE"]}, "com.squareup.leakcanary.CatchPptFilesActivity": {"action": ["android.intent.action.VIEW"], "category": ["android.intent.category.DEFAULT"]}, "com.squareup.leakcanary.CatchTTLinksActivity": {"action": ["android.intent.action.VIEW", "android.intent.action.SEND", "android.intent.action.SEND_MULTIPLE"], "category": ["android.intent.category.DEFAULT", "android.intent.category.BROWSABLE"]}, "com.squareup.leakcanary.CatchWebLiputan6Activity": {"action": ["android.intent.action.VIEW"], "category": ["android.intent.category.DEFAULT", "android.intent.category.BROWSABLE"]}, "com.adsdk.quicksearchbox.google.GoogleSearch": {"action": ["android.intent.action.WEB_SEARCH"], "category": ["android.intent.category.DEFAULT"]}, "com.squareup.leakcanary.CatchWebPrimeVideoActivity": {"action": ["android.intent.action.VIEW"], "category": ["android.intent.category.DEFAULT", "android.intent.category.BROWSABLE"]}, "com.squareup.leakcanary.CatchWebOLXActivity": {"action": ["android.intent.action.VIEW"], "category": ["android.intent.category.DEFAULT", "android.intent.category.BROWSABLE"]}, "com.squareup.leakcanary.CatchWebAmazonActivity": {"action": ["android.intent.action.VIEW"], "category": ["android.intent.category.DEFAULT", "android.intent.category.BROWSABLE"]}, "com.squareup.leakcanary.CatchWebMagaluActivity": {"action": ["android.intent.action.VIEW"], "category": ["android.intent.category.DEFAULT", "android.intent.category.BROWSABLE"]}, "com.squareup.leakcanary.CatchWebIndiaMartActivity": {"action": ["android.intent.action.VIEW"], "category": ["android.intent.category.DEFAULT", "android.intent.category.BROWSABLE"]}, "com.squareup.leakcanary.CatchWebReclameaquiActivity": {"action": ["android.intent.action.VIEW"], "category": ["android.intent.category.DEFAULT", "android.intent.category.BROWSABLE"]}, "com.squareup.leakcanary.CatchWebTokoPediaActivity": {"action": ["android.intent.action.VIEW"], "category": ["android.intent.category.DEFAULT", "android.intent.category.BROWSABLE"]}, "com.squareup.leakcanary.CatchWebSuaraActivity": {"action": ["android.intent.action.VIEW"], "category": ["android.intent.category.DEFAULT", "android.intent.category.BROWSABLE"]}, "com.squareup.leakcanary.CatchImageFilesActivity": {"action": ["android.intent.action.VIEW"], "category": ["android.intent.category.DEFAULT"]}, "com.squareup.leakcanary.CatchWebCompasComActivity": {"action": ["android.intent.action.VIEW"], "category": ["android.intent.category.DEFAULT", "android.intent.category.BROWSABLE"]}, "com.squareup.leakcanary.CatchWebWikipediaActivity": {"action": ["android.intent.action.VIEW"], "category": ["android.intent.category.DEFAULT", "android.intent.category.BROWSABLE"]}, "com.squareup.leakcanary.CatchWebBet365Activity": {"action": ["android.intent.action.VIEW"], "category": ["android.intent.category.DEFAULT", "android.intent.category.BROWSABLE"]}, "com.squareup.leakcanary.CatchIGLinksActivity": {"action": ["android.intent.action.VIEW"], "category": ["android.intent.category.DEFAULT", "android.intent.category.BROWSABLE"]}, "com.squareup.leakcanary.CatchVideoFilesActivity": {"action": ["android.intent.action.VIEW"], "category": ["android.intent.category.DEFAULT"]}, "com.squareup.leakcanary.CatchWebRedditActivity": {"action": ["android.intent.action.VIEW"], "category": ["android.intent.category.DEFAULT", "android.intent.category.BROWSABLE"]}, "com.squareup.leakcanary.CatchWebUOLActivity": {"action": ["android.intent.action.VIEW"], "category": ["android.intent.category.DEFAULT", "android.intent.category.BROWSABLE"]}}, "Receivers": {"com.adsdk.quicksearchbox.SearchWidgetProvider": {"action": ["android.appwidget.action.APPWIDGET_UPDATE"]}, "com.google.firebase.iid.FirebaseInstanceIdReceiver": {"action": ["com.google.android.c2dm.intent.RECEIVE"]}, "in.inmobi.sdk.StereoReceiver": {"action": ["android.net.wifi.STATE_CHANGE", "android.net.wifi.WIFI_STATE_CHANGED", "android.net.conn.CONNECTIVITY_CHANGE"]}, "com.startapp.android.publish.common.metaData.BootCompleteListener": {"action": ["android.intent.action.BOOT_COMPLETED"]}}}, "Libraries": ["org.apache.http.legacy"], "StringsInformation": ["http://schemas.android.com/apk/res/android", "https://play.google.com/store/search?q=", "https://plus.google.com/", "https://www.google.com/searchdomaincheck?format=domain", "https://www.googleapis.com/auth/appstate", "https://www.googleapis.com/auth/datastoremobile", "https://www.googleapis.com/auth/drive", "https://www.googleapis.com/auth/drive.appdata", "https://www.googleapis.com/auth/drive.apps", "https://www.googleapis.com/auth/drive.file", "https://www.googleapis.com/auth/fitness.activity.read", "https://www.googleapis.com/auth/fitness.activity.write", "https://www.googleapis.com/auth/fitness.blood_glucose.read", "https://www.googleapis.com/auth/fitness.blood_glucose.write", "https://www.googleapis.com/auth/fitness.blood_pressure.read", "https://www.googleapis.com/auth/fitness.blood_pressure.write", "https://www.googleapis.com/auth/fitness.body.read", "https://www.googleapis.com/auth/fitness.body.write", "https://www.googleapis.com/auth/fitness.body_temperature.read", "https://www.googleapis.com/auth/fitness.body_temperature.write", "https://www.googleapis.com/auth/fitness.location.read", "https://www.googleapis.com/auth/fitness.location.write", "https://www.googleapis.com/auth/fitness.nutrition.read", "https://www.googleapis.com/auth/fitness.nutrition.write", "https://www.googleapis.com/auth/fitness.oxygen_saturation.read", "https://www.googleapis.com/auth/fitness.oxygen_saturation.write", "https://www.googleapis.com/auth/fitness.reproductive_health.read", "https://www.googleapis.com/auth/fitness.reproductive_health.write", "https://www.googleapis.com/auth/games", "https://www.googleapis.com/auth/games.firstparty", "https://www.googleapis.com/auth/games_lite", "https://www.googleapis.com/auth/plus.login", "https://www.googleapis.com/auth/plus.me"], "Providers": ["com.adcolony.sdk.AdColony.Provider", "com.squareup.picasso.PicassoProvider", "com.adsdk.quicksearchbox.google.GoogleSuggestionProvider", "com.google.firebase.provider.FirebaseInitProvider"], "AndroidVersionName": "23.5.3", "RiskIndicator": {"APK": {"DEX": 1}, "PERM": {"DANGEROUS": 2, "GPS": 1, "NORMAL": 2, "PRIVACY": 1, "INTERNET": 1}}, "Services": ["com.squareup.leakcanary.AppService", "in.inmobi.sdk.UserService", "com.startapp.android.publish.common.metaData.PeriodicMetaDataService", "com.startapp.android.publish.common.metaData.InfoEventService", "com.startapp.android.publish.common.metaData.PeriodicJobService", "com.google.firebase.messaging.FirebaseMessagingService", "com.google.firebase.components.ComponentDiscoveryService", "com.google.firebase.iid.FirebaseInstanceIdService"], "MinSdkVersion": "16", "AndroidApplicationInfo": "APK", "TargetSdkVersion": "22", "Receivers": ["in.inmobi.sdk.StereoReceiver", "in.inmobi.sdk.SearchWidgetInstaller", "com.startapp.android.publish.common.metaData.BootCompleteListener", "com.adsdk.quicksearchbox.SearchWidgetProvider", "com.google.firebase.iid.FirebaseInstanceIdReceiver"], "AndroguardVersion": "3.4.0a1", "Permissions": {"android.permission.SYSTEM_ALERT_WINDOW": ["dangerous", "draw over other apps", "Allows the app to draw on top of other\n        applications or parts of the user interface.  They may interfere with your\n        use of the interface in any application, or change what you think you are\n        seeing in other applications."], "com.google.android.c2dm.permission.RECEIVE": ["normal", "Unknown permission from android reference", "Unknown permission from android reference"], "android.permission.ACCESS_NETWORK_STATE": ["normal", "view network connections", "Allows the app to view\n      information about network connections such as which networks exist and are\n      connected."], "android.permission.ACCESS_COARSE_LOCATION": ["dangerous", "approximate location\n      (network-based)", "Allows the app to get your\n      approximate location. This location is derived by location services using\n      network location sources such as cell towers and Wi-Fi. These location\n      services must be turned on and available to your device for the app to\n      use them. Apps may use this to determine approximately where you\n      are."], "android.permission.WAKE_LOCK": ["normal", "prevent phone from sleeping", "Allows the app to prevent the phone from going to sleep."], "android.permission.INTERNET": ["dangerous", "full network access", "Allows the app to create\n     network sockets and use custom network protocols. The browser and other\n     applications provide means to send data to the internet, so this\n     permission is not required to send data to the internet."], "android.permission.WRITE_EXTERNAL_STORAGE": ["dangerous", "modify or delete the contents of your SD card", "Allows the app to write to the SD card."]}}, "magic": "Zip archive data", "compressedview": {"highest_datetime": "1980-00-00 00:00:00", "lowest_datetime": "1980-00-00 00:00:00", "num_children": 384, "extensions": {"dex": 1, "xml": 104, "MF": 1, "gz": 1, "jpg": 1, "SF": 1, "png": 238, "DSA": 1}, "file_types": {"DEX": 1, "XML": 104, "JPG": 1, "PNG": 238, "unknown": 40}, "type": "APK", "children": [{"datetime": "1980-00-00 00:00:00", "sha256": "102e966e4ba6bc5a9eda4d19cd8634e10bfacbf67462147e9715903424d1325c", "type": "XML", "filename": "AndroidManifest.xml", "size": 151600}, {"datetime": "1980-00-00 00:00:00", "sha256": "494080a4be8df5ea1da9ec28dfbd8dc901f138088d0f67d34fbde526d3bf07bc", "type": "unknown", "filename": "META-INF/CERT.DSA", "size": 1069}, {"datetime": "1980-00-00 00:00:00", "sha256": "dc515bebb166945f4bc2c6bcb09fc5a4c492a0f5e5fd7a39740bd68e7d6e4b39", "type": "unknown", "filename": "META-INF/CERT.SF", "size": 37762}, {"datetime": "1980-00-00 00:00:00", "sha256": "0c7cd53bb746503db73d6a1a0ac626a338f3c3d24f4c468a7bd72da44c866ac0", "type": "unknown", "filename": "META-INF/MANIFEST.MF", "size": 37744}, {"detection_ratio": [0, 74], "datetime": "1980-00-00 00:00:00", "filename": "META-INF/android.arch.core_runtime.version", "sha256": "cc52f678848b814373757b460383bf61960e4943c203735adde0a350b3e50989", "type": "unknown", "size": 6}, {"detection_ratio": [0, 74], "datetime": "1980-00-00 00:00:00", "filename": "META-INF/android.arch.lifecycle_livedata-core.version", "sha256": "cc52f678848b814373757b460383bf61960e4943c203735adde0a350b3e50989", "type": "unknown", "size": 6}, {"detection_ratio": [0, 74], "datetime": "1980-00-00 00:00:00", "filename": "META-INF/android.arch.lifecycle_livedata.version", "sha256": "cc52f678848b814373757b460383bf61960e4943c203735adde0a350b3e50989", "type": "unknown", "size": 6}, {"detection_ratio": [0, 74], "datetime": "1980-00-00 00:00:00", "filename": "META-INF/android.arch.lifecycle_runtime.version", "sha256": "cc52f678848b814373757b460383bf61960e4943c203735adde0a350b3e50989", "type": "unknown", "size": 6}, {"detection_ratio": [0, 74], "datetime": "1980-00-00 00:00:00", "filename": "META-INF/android.arch.lifecycle_viewmodel.version", "sha256": "cc52f678848b814373757b460383bf61960e4943c203735adde0a350b3e50989", "type": "unknown", "size": 6}, {"detection_ratio": [0, 73], "datetime": "1980-00-00 00:00:00", "filename": "META-INF/androidx.asynclayoutinflater_asynclayoutinflater.version", "sha256": "59854984853104df5c353e2f681a15fc7924742f9a2e468c29af248dce45ce03", "type": "unknown", "size": 6}, {"detection_ratio": [0, 73], "datetime": "1980-00-00 00:00:00", "filename": "META-INF/androidx.coordinatorlayout_coordinatorlayout.version", "sha256": "59854984853104df5c353e2f681a15fc7924742f9a2e468c29af248dce45ce03", "type": "unknown", "size": 6}, {"detection_ratio": [0, 73], "datetime": "1980-00-00 00:00:00", "filename": "META-INF/androidx.core_core.version", "sha256": "59854984853104df5c353e2f681a15fc7924742f9a2e468c29af248dce45ce03", "type": "unknown", "size": 6}, {"detection_ratio": [0, 73], "datetime": "1980-00-00 00:00:00", "filename": "META-INF/androidx.cursoradapter_cursoradapter.version", "sha256": "59854984853104df5c353e2f681a15fc7924742f9a2e468c29af248dce45ce03", "type": "unknown", "size": 6}, {"detection_ratio": [0, 73], "datetime": "1980-00-00 00:00:00", "filename": "META-INF/androidx.customview_customview.version", "sha256": "59854984853104df5c353e2f681a15fc7924742f9a2e468c29af248dce45ce03", "type": "unknown", "size": 6}, {"detection_ratio": [0, 73], "datetime": "1980-00-00 00:00:00", "filename": "META-INF/androidx.documentfile_documentfile.version", "sha256": "59854984853104df5c353e2f681a15fc7924742f9a2e468c29af248dce45ce03", "type": "unknown", "size": 6}, {"detection_ratio": [0, 73], "datetime": "1980-00-00 00:00:00", "filename": "META-INF/androidx.drawerlayout_drawerlayout.version", "sha256": "59854984853104df5c353e2f681a15fc7924742f9a2e468c29af248dce45ce03", "type": "unknown", "size": 6}, {"detection_ratio": [0, 73], "datetime": "1980-00-00 00:00:00", "filename": "META-INF/androidx.fragment_fragment.version", "sha256": "59854984853104df5c353e2f681a15fc7924742f9a2e468c29af248dce45ce03", "type": "unknown", "size": 6}, {"detection_ratio": [0, 73], "datetime": "1980-00-00 00:00:00", "filename": "META-INF/androidx.interpolator_interpolator.version", "sha256": "59854984853104df5c353e2f681a15fc7924742f9a2e468c29af248dce45ce03", "type": "unknown", "size": 6}, {"detection_ratio": [0, 73], "datetime": "1980-00-00 00:00:00", "filename": "META-INF/androidx.legacy_legacy-support-core-ui.version", "sha256": "59854984853104df5c353e2f681a15fc7924742f9a2e468c29af248dce45ce03", "type": "unknown", "size": 6}, {"detection_ratio": [0, 73], "datetime": "1980-00-00 00:00:00", "filename": "META-INF/androidx.legacy_legacy-support-core-utils.version", "sha256": "59854984853104df5c353e2f681a15fc7924742f9a2e468c29af248dce45ce03", "type": "unknown", "size": 6}, {"detection_ratio": [0, 73], "datetime": "1980-00-00 00:00:00", "filename": "META-INF/androidx.legacy_legacy-support-v4.version", "sha256": "59854984853104df5c353e2f681a15fc7924742f9a2e468c29af248dce45ce03", "type": "unknown", "size": 6}, {"detection_ratio": [0, 73], "datetime": "1980-00-00 00:00:00", "filename": "META-INF/androidx.loader_loader.version", "sha256": "59854984853104df5c353e2f681a15fc7924742f9a2e468c29af248dce45ce03", "type": "unknown", "size": 6}, {"detection_ratio": [0, 73], "datetime": "1980-00-00 00:00:00", "filename": "META-INF/androidx.localbroadcastmanager_localbroadcastmanager.version", "sha256": "59854984853104df5c353e2f681a15fc7924742f9a2e468c29af248dce45ce03", "type": "unknown", "size": 6}, {"detection_ratio": [0, 73], "datetime": "1980-00-00 00:00:00", "filename": "META-INF/androidx.media_media.version", "sha256": "59854984853104df5c353e2f681a15fc7924742f9a2e468c29af248dce45ce03", "type": "unknown", "size": 6}, {"detection_ratio": [0, 73], "datetime": "1980-00-00 00:00:00", "filename": "META-INF/androidx.print_print.version", "sha256": "59854984853104df5c353e2f681a15fc7924742f9a2e468c29af248dce45ce03", "type": "unknown", "size": 6}, {"detection_ratio": [0, 73], "datetime": "1980-00-00 00:00:00", "filename": "META-INF/androidx.slidingpanelayout_slidingpanelayout.version", "sha256": "59854984853104df5c353e2f681a15fc7924742f9a2e468c29af248dce45ce03", "type": "unknown", "size": 6}, {"detection_ratio": [0, 73], "datetime": "1980-00-00 00:00:00", "filename": "META-INF/androidx.swiperefreshlayout_swiperefreshlayout.version", "sha256": "59854984853104df5c353e2f681a15fc7924742f9a2e468c29af248dce45ce03", "type": "unknown", "size": 6}, {"detection_ratio": [0, 73], "datetime": "1980-00-00 00:00:00", "filename": "META-INF/androidx.versionedparcelable_versionedparcelable.version", "sha256": "59854984853104df5c353e2f681a15fc7924742f9a2e468c29af248dce45ce03", "type": "unknown", "size": 6}, {"detection_ratio": [0, 73], "datetime": "1980-00-00 00:00:00", "filename": "META-INF/androidx.viewpager_viewpager.version", "sha256": "59854984853104df5c353e2f681a15fc7924742f9a2e468c29af248dce45ce03", "type": "unknown", "size": 6}, {"datetime": "1980-00-00 00:00:00", "sha256": "46e05a25e1a79e402063f2d34c695a1b11ef6cb950718b8831a058ea85d36967", "type": "unknown", "filename": "assets/8cea613b", "size": 268028}, {"detection_ratio": [9, 73], "datetime": "1980-00-00 00:00:00", "filename": "classes.dex", "sha256": "c57a195111bdf540b899a27306b402cd30f347a5314e393bed2e8ce4e9ec3470", "type": "DEX", "size": 2111364}, {"detection_ratio": [0, 73], "datetime": "1980-00-00 00:00:00", "filename": "firebase-common.properties", "sha256": "75d4aaf6c84d09ee680edd4357596eda8a8a881551b4ebaa340d731ca49ed579", "type": "unknown", "size": 68}, {"detection_ratio": [0, 75], "datetime": "1980-00-00 00:00:00", "filename": "firebase-iid-interop.properties", "sha256": "4506e76092219c62028c62161c159204b988959b2dff8105c12f6b35adfd4005", "type": "unknown", "size": 78}, {"detection_ratio": [0, 73], "datetime": "1980-00-00 00:00:00", "filename": "firebase-iid.properties", "sha256": "312016675a1b1f91ba30363a9d3beaa53c283d581f2edc39effdcde47fce35a4", "type": "unknown", "size": 62}, {"detection_ratio": [0, 75], "datetime": "1980-00-00 00:00:00", "filename": "firebase-measurement-connector.properties", "sha256": "b77112dbbc3ad7eb8b3e892019d8dbcdc53ba16d865e7e634e30e67f58624fcf", "type": "unknown", "size": 98}, {"detection_ratio": [0, 73], "datetime": "1980-00-00 00:00:00", "filename": "firebase-messaging.properties", "sha256": "e878abc3dd1976e892a9e11792540f92d3f5864bd87dc991c53504f1dcfa992f", "type": "unknown", "size": 74}, {"detection_ratio": [0, 72], "datetime": "1980-00-00 00:00:00", "filename": "okhttp3/internal/publicsuffix/publicsuffixes.gz", "sha256": "be8da686d208b34e4b3f0bf90aa2e0b7638295641132c3f0caa81b03499032ff", "type": "unknown", "size": 34000}, {"detection_ratio": [0, 74], "datetime": "1980-00-00 00:00:00", "filename": "play-services-base.properties", "sha256": "aa14750ae581eb81d5b86bcc97955c0f6f8b4aa26becf90cc941c277e3c16009", "type": "unknown", "size": 74}, {"detection_ratio": [0, 75], "datetime": "1980-00-00 00:00:00", "filename": "play-services-basement.properties", "sha256": "ce5461a8261e867e3695ecb9e261a706b691d97df88488a0f0d2af939fdc68e6", "type": "unknown", "size": 82}, {"detection_ratio": [0, 74], "datetime": "1980-00-00 00:00:00", "filename": "play-services-stats.properties", "sha256": "01b46d29137962817922c211da1a1ccee4d572243128a8613d202c55be70fd25", "type": "unknown", "size": 76}, {"detection_ratio": [0, 74], "datetime": "1980-00-00 00:00:00", "filename": "play-services-tasks.properties", "sha256": "6d674a15b72e313b98094b1996b5b0d0c5c35c639570ee7d112d8477bd80d6dc", "type": "unknown", "size": 76}, {"detection_ratio": [0, 73], "datetime": "1980-00-00 00:00:00", "filename": "res/anim/corpus_selector_close.xml", "sha256": "e176b7198b862d153ec1ec5f6ac81bf1dc59e230f73a62c56fc278761377792f", "type": "XML", "size": 616}, {"detection_ratio": [0, 73], "datetime": "1980-00-00 00:00:00", "filename": "res/anim/corpus_selector_open.xml", "sha256": "2b33e720f5c5839e72f4ff2558d35480426255d8a23270907c7081942f460b93", "type": "XML", "size": 616}, {"detection_ratio": [0, 74], "datetime": "1980-00-00 00:00:00", "filename": "res/anim/fade_in_fast.xml", "sha256": "b9eef24fb79a1a0f852a200cfb06f0099ce6f305764e0faea84c67d9d575d451", "type": "XML", "size": 388}, {"detection_ratio": [0, 73], "datetime": "1980-00-00 00:00:00", "filename": "res/anim/fade_out_fast.xml", "sha256": "c372ba3c5a90b962a05d776b13bd32c98abc4f887f1ce21ffed5979307ef4f67", "type": "XML", "size": 388}, {"datetime": "1980-00-00 00:00:00", "sha256": "43b33df42064ad67863ee4fde607617482a06395ab20c2d538a314740bf53f49", "type": "XML", "filename": "res/color/calendar_text_selector.xml", "size": 1232}, {"datetime": "1980-00-00 00:00:00", "sha256": "5cb82324f1889c4bdd6f7a5a88f364280e12e0162f450d9eb57fc3073330a098", "type": "XML", "filename": "res/color/common_google_signin_btn_text_dark.xml", "size": 712}, {"datetime": "1980-00-00 00:00:00", "sha256": "9426174c33bc0624d28424b07a7d7c46adba64f33c2de7c4a0f176a52fd47083", "type": "XML", "filename": "res/color/common_google_signin_btn_text_light.xml", "size": 712}, {"detection_ratio": [0, 73], "datetime": "1980-00-00 00:00:00", "filename": "res/color/common_google_signin_btn_tint.xml", "sha256": "1ca43dcd8647f28813d0ab7abdefcfd3b7c38f3c9a220710a08a5e8e6598bc1f", "type": "XML", "size": 464}, {"detection_ratio": [0, 73], "datetime": "1980-00-00 00:00:00", "filename": "res/color/url_text.xml", "sha256": "f29968e05b4d9b394f17ce7ecc6089b9e15c8135729a0c4137e3330f28f27930", "type": "XML", "size": 588}, {"datetime": "1980-00-00 00:00:00", "sha256": "25ae3af54cff6bbe1be3c057aea511fe3109b2f98186db98726bb1005ac92d8a", "type": "PNG", "filename": "res/drawable-hdpi-v4/bottom_curved.9.png", "size": 253}, {"detection_ratio": [0, 67], "datetime": "1980-00-00 00:00:00", "filename": "res/drawable-hdpi-v4/btn_search_dialog_default.9.png", "sha256": "c219c44046cf609b039160d7a1b1e1f08d9ece93974a3db103f8c52c33b612ec", "type": "PNG", "size": 638}, {"detection_ratio": [0, 57], "datetime": "1980-00-00 00:00:00", "filename": "res/drawable-hdpi-v4/btn_search_dialog_pressed.9.png", "sha256": "ec8bac0e73c738d4249bcaead8d93d5a0b3069060eae1e3ad7d18679ac795dd6", "type": "PNG", "size": 1439}, {"detection_ratio": [0, 57], "datetime": "1980-00-00 00:00:00", "filename": "res/drawable-hdpi-v4/btn_search_dialog_selected.9.png", "sha256": "ea2de30eb9e3208a446cd3544733ea8d70f19be48f3c4a8f56772c38f6cbd2b6", "type": "PNG", "size": 1410}, {"datetime": "1980-00-00 00:00:00", "sha256": "ce33606b10d310c0eda976ceb48c4a34ef0cd823309857e850fe3a5a35c0a6ba", "type": "PNG", "filename": "res/drawable-hdpi-v4/btn_search_dialog_voice_default.9.png", "size": 788}, {"detection_ratio": [0, 57], "datetime": "1980-00-00 00:00:00", "filename": "res/drawable-hdpi-v4/btn_search_dialog_voice_pressed.9.png", "sha256": "54727545f15eaf064f2fb8b81789ffe2851817be53f31c81bab0aa6803383c4c", "type": "PNG", "size": 1725}, {"detection_ratio": [0, 57], "datetime": "1980-00-00 00:00:00", "filename": "res/drawable-hdpi-v4/btn_search_dialog_voice_selected.9.png", "sha256": "a27232cee5a8d3c71736cc33e8dbe8970671160a2182ad70783636e3591ded3b", "type": "PNG", "size": 1742}, {"detection_ratio": [0, 74], "datetime": "1980-00-00 00:00:00", "filename": "res/drawable-hdpi-v4/common_full_open_on_phone.png", "sha256": "e8e2fecfbf111cc5ef65dbb6c7395a5ae16a68f7e0922738d0c802b26e866e49", "type": "PNG", "size": 681}, {"detection_ratio": [0, 74], "datetime": "1980-00-00 00:00:00", "filename": "res/drawable-hdpi-v4/common_google_signin_btn_icon_dark_normal_background.9.png", "sha256": "9865619196624a3cba32a36b0111357afea3148f123221ba8c7265bc681ab8a9", "type": "PNG", "size": 897}, {"detection_ratio": [0, 74], "datetime": "1980-00-00 00:00:00", "filename": "res/drawable-hdpi-v4/common_google_signin_btn_icon_light_normal_background.9.png", "sha256": "94a0b6363a09d466a3dc3722379ab367d9ff73a21ba0ff2c5bab6c30aa5f8b38", "type": "PNG", "size": 683}, {"detection_ratio": [0, 74], "datetime": "1980-00-00 00:00:00", "filename": "res/drawable-hdpi-v4/common_google_signin_btn_text_dark_normal_background.9.png", "sha256": "d66f7061c274b1b6f8524993367af902737ddf9187db0cc8d91a8c64ad9b944a", "type": "PNG", "size": 960}, {"detection_ratio": [0, 74], "datetime": "1980-00-00 00:00:00", "filename": "res/drawable-hdpi-v4/common_google_signin_btn_text_light_normal_background.9.png", "sha256": "dc9a0ae125491ccdac95b57b5eee4060efd191294e171c8e369d7d0ec3ab2268", "type": "PNG", "size": 694}, {"detection_ratio": [0, 47], "datetime": "1980-00-00 00:00:00", "filename": "res/drawable-hdpi-v4/corpus_edit_icon.png", "sha256": "d41d361719cc1146d703c03d6d1e6051559dc4565cb9db2a91fa56229fae5937", "type": "PNG", "size": 1399}, {"detection_ratio": [0, 57], "datetime": "1980-00-00 00:00:00", "filename": "res/drawable-hdpi-v4/corpus_edit_items_bg_focused.9.png", "sha256": "5719a66d7652df2d63c3ba4c1471b1d595e331313dda9422d1cf3ad7c8744a87", "type": "PNG", "size": 1134}, {"datetime": "1980-00-00 00:00:00", "sha256": "6b91593cb490b74ebb39cb36b742b1285d973a9176b79ec383a5045f5cd2d652", "type": "PNG", "filename": "res/drawable-hdpi-v4/corpus_edit_items_bg_normal.9.png", "size": 219}, {"detection_ratio": [0, 57], "datetime": "1980-00-00 00:00:00", "filename": "res/drawable-hdpi-v4/corpus_edit_items_bg_pressed.9.png", "sha256": "ce960e1c46da6719ba034e5b3f2e3e123fd2c396e0f09cf550e1ddb7a030b79d", "type": "PNG", "size": 1199}, {"detection_ratio": [0, 57], "datetime": "1980-00-00 00:00:00", "filename": "res/drawable-hdpi-v4/corpus_grid_item_bg_focused.9.png", "sha256": "746f7e086044eabd3dc254f8c1321b4d08dba034d20d1b3d798834af81deca6a", "type": "PNG", "size": 3547}, {"detection_ratio": [0, 56], "datetime": "1980-00-00 00:00:00", "filename": "res/drawable-hdpi-v4/corpus_grid_item_bg_pressed.9.png", "sha256": "3317782e9aa16c6ce033967d720d1d6fdd38de57fde6d9f94363188eb612cb14", "type": "PNG", "size": 2988}, {"datetime": "1980-00-00 00:00:00", "sha256": "96263f798966929b4bb12cf629dd464ae5ffd00e54b3bbf45bfa499f77860edc", "type": "PNG", "filename": "res/drawable-hdpi-v4/corpus_icon_apps.png", "size": 3969}, {"datetime": "1980-00-00 00:00:00", "sha256": "96263f798966929b4bb12cf629dd464ae5ffd00e54b3bbf45bfa499f77860edc", "type": "PNG", "filename": "res/drawable-hdpi-v4/corpus_icon_default.png", "size": 3969}, {"datetime": "1980-00-00 00:00:00", "sha256": "41af56a3971b09794be6c4900b727013bd0b76c3f429bc45b9a19bf6f3499e31", "type": "PNG", "filename": "res/drawable-hdpi-v4/corpus_icon_web.png", "size": 7506}, {"detection_ratio": [0, 57], "datetime": "1980-00-00 00:00:00", "filename": "res/drawable-hdpi-v4/corpus_indicator_bg_focused.9.png", "sha256": "818770049dd6abebe135f896be4a9a39d76f2241f54cf975fa6f44f09d4f4fb0", "type": "PNG", "size": 1649}, {"datetime": "1980-00-00 00:00:00", "sha256": "442f2710917a761e2943e976ed6ba52f6bddd74c989da9d03d423a59cd5a57b3", "type": "PNG", "filename": "res/drawable-hdpi-v4/corpus_indicator_bg_normal.9.png", "size": 456}, {"detection_ratio": [0, 57], "datetime": "1980-00-00 00:00:00", "filename": "res/drawable-hdpi-v4/corpus_indicator_bg_pressed.9.png", "sha256": "d167b9fb1cee0247125cc195783272a65e7a9c39b1cd399ec3a0bab65945bd66", "type": "PNG", "size": 1583}, {"datetime": "1980-00-00 00:00:00", "sha256": "bb73a05cdc351779ee6620f802064c144df324488b87551a73368f3d7fe763f0", "type": "PNG", "filename": "res/drawable-hdpi-v4/corpus_selector_arrow_up.png", "size": 612}, {"datetime": "1980-00-00 00:00:00", "sha256": "e7a12913790ba7345703da72e1e4ec1e831741de2196774d8491ddd7c0a5a4b3", "type": "PNG", "filename": "res/drawable-hdpi-v4/corpus_selector_bg.9.png", "size": 1308}, {"detection_ratio": [0, 70], "datetime": "1980-00-00 00:00:00", "filename": "res/drawable-hdpi-v4/divider_horizontal_bright.9.png", "sha256": "819aa3e62c77f0ed7633e47e49c55fe81b5595b11ace0e57a20d3b6faf216a36", "type": "PNG", "size": 168}, {"detection_ratio": [0, 71], "datetime": "1980-00-00 00:00:00", "filename": "res/drawable-hdpi-v4/edit_query_background_normal.9.png", "sha256": "9782976580189a6f9eabcbd75125e44901c7cb85342c38fc876e05bfd12df578", "type": "PNG", "size": 249}, {"detection_ratio": [0, 72], "datetime": "1980-00-00 00:00:00", "filename": "res/drawable-hdpi-v4/edit_query_background_pressed.9.png", "sha256": "9be365b302b2527cc5312972616496bc41a549b170f74142d0b6406282db0a65", "type": "PNG", "size": 1339}, {"detection_ratio": [0, 73], "datetime": "1980-00-00 00:00:00", "filename": "res/drawable-hdpi-v4/edit_query_background_selected.9.png", "sha256": "790d3643e00065a790d819989dd3ef23efc85cecfff6bd1ff0fe935a8652a7eb", "type": "PNG", "size": 1428}, {"datetime": "1980-00-00 00:00:00", "sha256": "521fe8b45705934212ec056f0b6dfd181df13942838b30564090cef73c587184", "type": "PNG", "filename": "res/drawable-hdpi-v4/globe.png", "size": 2353}, {"detection_ratio": [0, 74], "datetime": "1980-00-00 00:00:00", "filename": "res/drawable-hdpi-v4/googleg_disabled_color_18.png", "sha256": "f73508090d3e6bbc3e39ba768e71855aad52ecaaaccda676d43a1860010cc557", "type": "PNG", "size": 410}, {"detection_ratio": [0, 74], "datetime": "1980-00-00 00:00:00", "filename": "res/drawable-hdpi-v4/googleg_standard_color_18.png", "sha256": "f221f962a62c954a11b1734e9631fc8531e34bee557665fea864aa4386e25e39", "type": "PNG", "size": 808}, {"datetime": "1980-00-00 00:00:00", "sha256": "5459a5e3056868de3df419bd1a9017a52dae0820af991953f9c2230405151e13", "type": "PNG", "filename": "res/drawable-hdpi-v4/hint_google.9.png", "size": 1525}, {"datetime": "1980-00-00 00:00:00", "sha256": "2a98ed99baa149068f3d04350b89ad51997aa8e37d27c00fe04cc0f6c5aa37cd", "type": "PNG", "filename": "res/drawable-hdpi-v4/home_screen_divider.9.png", "size": 227}, {"datetime": "1980-00-00 00:00:00", "sha256": "f692bc713537aac3953acba8532394c87a916cf7e49e2a18caf80ef776ffbd83", "type": "PNG", "filename": "res/drawable-hdpi-v4/ic_btn_search.png", "size": 758}, {"detection_ratio": [0, 65], "datetime": "1980-00-00 00:00:00", "filename": "res/drawable-hdpi-v4/ic_btn_speak_now.png", "sha256": "697a9065042f43ffc08c8e3a87d565207f68f4e862ae13c040700dd3183f5f3e", "type": "PNG", "size": 996}, {"detection_ratio": [0, 70], "datetime": "1980-00-00 00:00:00", "filename": "res/drawable-hdpi-v4/ic_clear.png", "sha256": "e43fbd1527cae729578c479507117f6bb7e1ae757cc1409886dd5f9281a8e36b", "type": "PNG", "size": 1075}, {"detection_ratio": [0, 72], "datetime": "1980-00-00 00:00:00", "filename": "res/drawable-hdpi-v4/ic_clear_disabled.png", "sha256": "ec2fa18bfdedf78bc6a3f8a3266caffc37ba2fb0e939cf7c9155eabf8ff42851", "type": "PNG", "size": 903}, {"datetime": "1980-00-00 00:00:00", "sha256": "1c9fcde50022f88cd5c25fa145f3b808ffcbc89d5697d2b66772dc015d2f44a8", "type": "PNG", "filename": "res/drawable-hdpi-v4/ic_commit.png", "size": 1704}, {"detection_ratio": [0, 46], "datetime": "1980-00-00 00:00:00", "filename": "res/drawable-hdpi-v4/ic_dialog_menu_generic.png", "sha256": "2ca25f467309a0bc69f2d9df45f96593224ea0c18122b59cce4aabefc1935110", "type": "PNG", "size": 1510}, {"detection_ratio": [0, 72], "datetime": "1980-00-00 00:00:00", "filename": "res/drawable-hdpi-v4/ic_go.png", "sha256": "ad46ff9bfe866dd552c59d7b1b046211d8cfa7959a23de83aff3c3c56612cf7d", "type": "PNG", "size": 545}, {"detection_ratio": [0, 46], "datetime": "1980-00-00 00:00:00", "filename": "res/drawable-hdpi-v4/ic_google_hint.png", "sha256": "906aab6b964c8d5b3b5ba771e360afa15072a6010b2be1e90becb38ded89ca07", "type": "PNG", "size": 2853}, {"datetime": "1980-00-00 00:00:00", "sha256": "e565c49d0d88755f488f1c24e7c21aaa1b7bde29cddda52b670f3f0c32729f85", "type": "PNG", "filename": "res/drawable-hdpi-v4/ic_google_logo_normal.png", "size": 9410}, {"detection_ratio": [0, 46], "datetime": "1980-00-00 00:00:00", "filename": "res/drawable-hdpi-v4/ic_history_suggestion.png", "sha256": "ff9903c8c3a1333c8ff03c6b940f4ef094068050b3b46ae3cb02081a1c8e5700", "type": "PNG", "size": 1921}, {"detection_ratio": [0, 66], "datetime": "1980-00-00 00:00:00", "filename": "res/drawable-hdpi-v4/ic_menu_help.png", "sha256": "a3a5c3b99775bb26f6d39f93d126ee06f7a44b9689dc9595206298c7db0faca9", "type": "PNG", "size": 765}, {"datetime": "1980-00-00 00:00:00", "sha256": "17ab6e8a2f43081f4c0abe672b5f0776b232e743492fc07c3e129518b7edaed4", "type": "PNG", "filename": "res/drawable-hdpi-v4/ic_menu_moreoverflow_normal_holo_dark.png", "size": 313}, {"detection_ratio": [0, 45], "datetime": "1980-00-00 00:00:00", "filename": "res/drawable-hdpi-v4/ic_menu_preferences.png", "sha256": "41593ce092ae33d6e33f72676a186be2ee780d144722e268d0678a8b349da7ac", "type": "PNG", "size": 2814}, {"detection_ratio": [0, 73], "datetime": "1980-00-00 00:00:00", "filename": "res/drawable-hdpi-v4/ic_search.png", "sha256": "76a10e66291883228b14dd26ebfb050cc7cfce53c62349b1b8a142d8c89be0f3", "type": "PNG", "size": 1688}, {"datetime": "1980-00-00 00:00:00", "sha256": "5df95b9f9422a34a974e0e34ccb26f36af34011a4df7c08cc5c935627a88dac8", "type": "PNG", "filename": "res/drawable-hdpi-v4/ic_voice_search.png", "size": 2218}], "uncompressed_size": 3446650}}, "size": 1956249, "authentihash": null, "times_submitted": 1, "harmless_votes": 0, "malicious_votes": 0, "sha256": "6b8c22528f2feeacea47e12e79704259327f3fa463ecc657c7559e1a1958ea3f", "type": "Android", "scans": {"Bkav": {"detected": false, "version": "1.3.0.9899", "result": null, "update": "20211102"}, "Lionic": {"detected": true, "version": "4.2", "result": "Adware.AndroidOS.Adlo.A!c", "update": "20211103"}, "ClamAV": {"detected": false, "version": "0.104.0.0", "result": null, "update": "20211102"}, "CMC": {"detected": false, "version": "2.10.2019.1", "result": null, "update": "20211026"}, "CAT-QuickHeal": {"detected": false, "version": "14.00", "result": null, "update": "20211103"}, "McAfee": {"detected": true, "version": "6.0.6.653", "result": "Artemis!D7F7CDE83DB8", "update": "20211103"}, "ALYac": {"detected": false, "version": "1.1.3.1", "result": null, "update": "20211103"}, "Malwarebytes": {"detected": false, "version": "4.2.2.27", "result": null, "update": "20211103"}, "VIPRE": {"detected": false, "version": "96678", "result": null, "update": "20211103"}, "Sangfor": {"detected": false, "version": "2.9.0.0", "result": null, "update": "20210930"}, "K7AntiVirus": {"detected": false, "version": "11.225.39131", "result": null, "update": "20211103"}, "Alibaba": {"detected": false, "version": "0.3.0.5", "result": null, "update": "20190527"}, "K7GW": {"detected": true, "version": "11.225.39131", "result": "Trojan ( 0057e8751 )", "update": "20211103"}, "Trustlook": {"detected": false, "version": "1.0", "result": null, "update": "20211103"}, "Arcabit": {"detected": false, "version": "1.0.0.886", "result": null, "update": "20211103"}, "Baidu": {"detected": false, "version": "1.0.0.2", "result": null, "update": "20190318"}, "Cyren": {"detected": false, "version": "6.3.0.2", "result": null, "update": "20211103"}, "SymantecMobileInsight": {"detected": false, "version": "2.0", "result": null, "update": "20210126"}, "Symantec": {"detected": false, "version": "1.16.0.0", "result": null, "update": "20211103"}, "ESET-NOD32": {"detected": true, "version": "24229", "result": "a variant of Android/TrojanDropper.Agent.IXE", "update": "20211103"}, "TrendMicro-HouseCall": {"detected": false, "version": "10.0.0.1040", "result": null, "update": "20211101"}, "Avast": {"detected": false, "version": "21.1.5827.0", "result": null, "update": "20211103"}, "Cynet": {"detected": true, "version": "4.0.0.27", "result": "Malicious (score: 99)", "update": "20211103"}, "Kaspersky": {"detected": true, "version": "21.0.1.45", "result": "not-a-virus:HEUR:AdWare.AndroidOS.Adlo.b", "update": "20211103"}, "BitDefender": {"detected": false, "version": "7.2", "result": null, "update": "20211103"}, "NANO-Antivirus": {"detected": false, "version": "1.0.146.25370", "result": null, "update": "20211103"}, "SUPERAntiSpyware": {"detected": false, "version": "5.6.0.1032", "result": null, "update": "20211030"}, "MicroWorld-eScan": {"detected": false, "version": "14.0.409.0", "result": null, "update": "20211103"}, "Rising": {"detected": false, "version": "25.0.0.26", "result": null, "update": "20211103"}, "Ad-Aware": {"detected": false, "version": "3.0.21.193", "result": null, "update": "20211103"}, "Emsisoft": {"detected": false, "version": "2021.5.0.7597", "result": null, "update": "20211103"}, "Comodo": {"detected": false, "version": "34044", "result": null, "update": "20211102"}, "F-Secure": {"detected": false, "version": "12.0.86.52", "result": null, "update": "20211103"}, "DrWeb": {"detected": true, "version": "7.0.52.8270", "result": "Android.Packed.55586", "update": "20211103"}, "Zillya": {"detected": false, "version": "2.0.0.4487", "result": null, "update": "20211102"}, "TrendMicro": {"detected": false, "version": "11.0.0.1006", "result": null, "update": "20211103"}, "McAfee-GW-Edition": {"detected": true, "version": "v2019.1.2+3728", "result": "Artemis", "update": "20211102"}, "FireEye": {"detected": false, "version": "32.44.1.0", "result": null, "update": "20211103"}, "Sophos": {"detected": true, "version": "1.4.1.0", "result": "Andr/Xgen2-YR", "update": "20211103"}, "Ikarus": {"detected": true, "version": "0.1.5.2", "result": "Trojan-Dropper.AndroidOS.Agent", "update": "20211102"}, "Avast-Mobile": {"detected": true, "version": "211102-00", "result": "Android:Evo-gen [Trj]", "update": "20211102"}, "Jiangmin": {"detected": false, "version": "16.0.100", "result": null, "update": "20211102"}, "Avira": {"detected": true, "version": "8.3.3.12", "result": "ANDROID/Agent.MER.Gen", "update": "20211103"}, "Antiy-AVL": {"detected": false, "version": "3.0.0.1", "result": null, "update": "20211103"}, "Kingsoft": {"detected": false, "version": "2017.9.26.565", "result": null, "update": "20211103"}, "Gridinsoft": {"detected": false, "version": "1.0.60.158", "result": null, "update": "20211103"}, "Microsoft": {"detected": true, "version": "1.1.18700.4", "result": "Trojan:Script/Wacatac.B!ml", "update": "20211103"}, "ViRobot": {"detected": false, "version": "2014.3.20.0", "result": null, "update": "20211103"}, "ZoneAlarm": {"detected": false, "version": "1.0", "result": null, "update": "20211102"}, "GData": {"detected": false, "version": "A:25.31229B:27.25015", "result": null, "update": "20211103"}, "BitDefenderFalx": {"detected": true, "version": "2.0.936", "result": "Android.Trojan.Downloader.DN", "update": "20210610"}, "AhnLab-V3": {"detected": true, "version": "3.21.1.10219", "result": "PUP/Android.Hidad.1030260", "update": "20211103"}, "BitDefenderTheta": {"detected": false, "version": "7.2.37796.0", "result": null, "update": "20211021"}, "TACHYON": {"detected": false, "version": "2021-11-03.02", "result": null, "update": "20211103"}, "VBA32": {"detected": false, "version": "5.0.0", "result": null, "update": "20211102"}, "Zoner": {"detected": false, "version": "0.0.0.0", "result": null, "update": "20211102"}, "Tencent": {"detected": false, "version": "1.0.0.1", "result": null, "update": "20211103"}, "Yandex": {"detected": false, "version": "5.5.2.24", "result": null, "update": "20211103"}, "MAX": {"detected": false, "version": "2019.9.16.1", "result": null, "update": "20211103"}, "MaxSecure": {"detected": true, "version": "1.0.0.1", "result": "Android.WIN32.Adlo.a", "update": "20211102"}, "Fortinet": {"detected": true, "version": "6.2.142.0", "result": "Android/Agent.HVN!tr", "update": "20211103"}, "Panda": {"detected": false, "version": "4.6.4.2", "result": null, "update": "20211102"}}, "tags": ["apk", "android"], "scan_id": "6b8c22528f2feeacea47e12e79704259327f3fa463ecc657c7559e1a1958ea3f-1635928399", "unique_sources": 1, "positives": 17, "ssdeep": "49152:ecNUwPn0cvVM4WuVqexMDsN2CZfBOpLEmtmohIpq:ein0IMTsNDf+7tGq", "md5": "93f282be60dcf9585656c53b3f3d51fb", "permalink": "https://www.virustotal.com/gui/file/6b8c22528f2feeacea47e12e79704259327f3fa463ecc657c7559e1a1958ea3f/detection/f-6b8c22528f2feeacea47e12e79704259327f3fa463ecc657c7559e1a1958ea3f-1635928399", "sha1": "df65c66d2ec4858e30b25ebaf5c90f20dc95c4b0", "submission": {"submitter_region": "ca", "date": "2021-11-03 08:33:19", "submitter_country": "US", "filename": "/vdepot/apk/93/F2/93F282BE60DCF9585656C53B3F3D51FB"}, "response_code": 1, "community_reputation": 0, "verbose_msg": "Scan finished, information embedded", "ITW_urls": [], "last_seen": "2021-11-03 08:33:19"}