{"vhash": null, "submission_names": ["/home/farm/anteroom/776/9ba/7769ba8f448ae186f396008bd0b836c2fdd8425f7bc71f35ba4c9342eaa49e95", "classes.dex"], "scan_date": "2021-11-03 07:40:52", "first_seen": "2016-08-15 05:53:10", "total": 59, "additional_info": {"magic": "Dalvik dex file version 035", "compressed_parents": ["31df70bf56f42ee168d7dad701267d23835fa9f7fc9787123dd101b9ea5f141e"], "exiftool": {"MIMEType": "application/octet-stream", "FileType": "DEX", "FileTypeExtension": "dex"}, "trid": "Dalvik Dex class (100.0%)", "positives_delta": 3, "trendmicro-housecall-heuristic": "Suspicious_GEN.F47V0815", "androguard": {"VTAndroidInfo": 2, "AndroidApplication": 2, "AndroidApplicationError": false, "StringsInformation": ["http://cdv_exec/", "http://google.com/", "http://graph.facebook.com/", "http://i.ytimg.com/vi/", "http://img.youtube.com/vi/", "http://m.youtube.com/#", "http://m.youtube.com/#/watch", "http://m.youtube.com/watch?feature", "http://maps.google.com/maps?q=", "http://market.android.com/details?id=", "http://oauth.net/grant_type/jwt/1.0/bearer", "http://play.google.com/store/apps/details?id=com.google.android.gms", "http://plus.google.com/", "http://purl.org/dc/elements/1.1/", "http://push.seattleclouds.com/gcm_register.ashx", "http://s.ytimg.com/yt/cssbin/mobile-swatch-sprite", "http://s.ytimg.com/yt/m/cssbin/mobile-blazer-sprite", "http://s.ytimg.com/yt/m/cssbin/mobile-swatch-sprite", "http://schemas.android.com/apk/lib/com.google.ads", "http://schemas.android.com/apk/lib/com.google.android.gms.plus", "http://schemas.android.com/apk/res/", "http://schemas.google.com/g/2005", "http://schemas.microsoft.com/sharepoint/soap/", "http://schemas.microsoft.com/sharepoint/soap/GetItem", "http://schemas.microsoft.com/sharepoint/soap/GetListAndView", "http://schemas.microsoft.com/sharepoint/soap/GetListCollection", "http://schemas.microsoft.com/sharepoint/soap/GetListItems", "http://schemas.microsoft.com/sharepoint/soap/GetWebCollection", "http://schemas.microsoft.com/sharepoint/soap/UpdateListItems", "http://schemas.xmlsoap.org/soap/encoding/", "http://schemas.xmlsoap.org/soap/envelope/", "http://soma.smaato.net/oapi/dl.jsp", "http://soma.smaato.net/oapi/reqAd.jsp?", "http://unknown/", "http://www.", "http://www.daisy.org/z3986/2005/ncx/", "http://www.google-analytics.com/collect", "http://www.idpf.org/2007/opf", "http://www.onbarcode.com", "http://www.onbarcode.com/products/android_barcode/", "http://www.slf4j.org/codes.html", "http://www.slf4j.org/codes.html#StaticLoggerBinder", "http://www.slf4j.org/codes.html#multiple_bindings", "http://www.slf4j.org/codes.html#no_static_mdc_binder", "http://www.slf4j.org/codes.html#null_LF", "http://www.slf4j.org/codes.html#null_MDCA", "http://www.slf4j.org/codes.html#substituteLogger", "http://www.slf4j.org/codes.html#unsuccessfulInit", "http://www.slf4j.org/codes.html#version_mismatch", "http://www.upcdatabase.org/api/xml/30a634c9cad463a5e5d5c7afb2496ff2/", "http://www.w3.org/1999/XMLSchema", "http://www.w3.org/1999/XMLSchema-instance", "http://www.w3.org/1999/xhtml", "http://www.w3.org/2000/xmlns/", "http://www.w3.org/2001/XMLSchema", "http://www.w3.org/2001/XMLSchema-instance", "http://www.w3.org/2003/05/soap-encoding", "http://www.w3.org/2003/05/soap-envelope", "http://www.w3.org/2005/Atom", "http://www.w3.org/XML/1998/namespace", "http://www.youtube.com/embed", "http://www.youtube.com/watch?v=", "http://xml.apache.org/xml-soap", "http://xmlpull.org/v1/doc/", "http://xmlpull.org/v1/doc/features.html#indent-output", "http://xmlpull.org/v1/doc/features.html#process-docdecl", "http://xmlpull.org/v1/doc/features.html#process-namespaces", "http://xmlpull.org/v1/doc/features.html#report-namespace-prefixes", "http://xmlpull.org/v1/doc/features.html#validation", "http://xmlpull.org/v1/doc/properties.html#xmldecl-standalone", "https://accounts.google.com/o/oauth2/auth", "https://accounts.google.com/o/oauth2/token", "https://android.revmob.com", "https://api.facebook.com/restserver.php", "https://git-wip-us.apache.org/repos/asf?p=incubator-cordova-android.git;a=blob;f=framework/res/xml/plugins.xml", "https://graph.facebook.com/", "https://m.facebook.com/dialog/", "https://ssl.google-analytics.com/collect", "https://www.", "https://www.google.com", "https://www.googleapis.com", "https://www.googleapis.com/", "https://www.googleapis.com/auth/appstate", "https://www.googleapis.com/auth/games", "https://www.googleapis.com/auth/games.firstparty", "https://www.googleapis.com/auth/plus.login", "https://www.googleapis.com/auth/plus.me", "https://www.googleapis.com/auth/userinfo.email", "https://www.googleapis.com/auth/userinfo.profile", "https://www.googleapis.com/batch", "https://www.googleapis.com/oauth2/v1/certs", "https://www.starbucks.com/card"], "AndroguardVersion": "3.4.0a1", "AndroidApplicationInfo": "DEX"}}, "size": 7612932, "authentihash": null, "times_submitted": 2, "harmless_votes": 0, "malicious_votes": 0, "sha256": "7769ba8f448ae186f396008bd0b836c2fdd8425f7bc71f35ba4c9342eaa49e95", "type": "Android", "scans": {"Bkav": {"detected": false, "version": "1.3.0.9899", "result": null, "update": "20211102"}, "Lionic": {"detected": true, "version": "4.2", "result": "Riskware.AndroidOS.RevMob.z!c", "update": "20211103"}, "ClamAV": {"detected": false, "version": "0.104.0.0", "result": null, "update": "20211102"}, "CMC": {"detected": false, "version": "2.10.2019.1", "result": null, "update": "20211026"}, "CAT-QuickHeal": {"detected": false, "version": "14.00", "result": null, "update": "20211103"}, "McAfee": {"detected": true, "version": "6.0.6.653", "result": "Artemis!B04F5A35D92C", "update": "20211103"}, "ALYac": {"detected": false, "version": "1.1.3.1", "result": null, "update": "20211103"}, "Malwarebytes": {"detected": false, "version": "4.2.2.27", "result": null, "update": "20211103"}, "VIPRE": {"detected": false, "version": "96678", "result": null, "update": "20211103"}, "Sangfor": {"detected": false, "version": "2.9.0.0", "result": null, "update": "20210930"}, "K7AntiVirus": {"detected": false, "version": "11.225.39131", "result": null, "update": "20211103"}, "K7GW": {"detected": true, "version": "11.225.39131", "result": "Trojan ( 005534991 )", "update": "20211103"}, "Arcabit": {"detected": false, "version": "1.0.0.886", "result": null, "update": "20211103"}, "Baidu": {"detected": false, "version": "1.0.0.2", "result": null, "update": "20190318"}, "Cyren": {"detected": true, "version": "6.3.0.2", "result": "AndroidOS/Revmob.A", "update": "20211103"}, "SymantecMobileInsight": {"detected": true, "version": "2.0", "result": "AppRisk:Generisk", "update": "20210126"}, "Symantec": {"detected": true, "version": "1.16.0.0", "result": "Trojan.Gen.MBT", "update": "20211103"}, "ESET-NOD32": {"detected": true, "version": "24229", "result": "a variant of Android/AdDisplay.RevMob.A potentially unwanted", "update": "20211103"}, "TrendMicro-HouseCall": {"detected": false, "version": "10.0.0.1040", "result": null, "update": "20211101"}, "Avast": {"detected": false, "version": "21.1.5827.0", "result": null, "update": "20211103"}, "Cynet": {"detected": true, "version": "4.0.0.27", "result": "Malicious (score: 99)", "update": "20211103"}, "Kaspersky": {"detected": false, "version": "21.0.1.45", "result": null, "update": "20211103"}, "BitDefender": {"detected": false, "version": "7.2", "result": null, "update": "20211103"}, "NANO-Antivirus": {"detected": true, "version": "1.0.146.25370", "result": "Trojan.Android.Revmob.djhtmi", "update": "20211103"}, "SUPERAntiSpyware": {"detected": false, "version": "5.6.0.1032", "result": null, "update": "20211030"}, "MicroWorld-eScan": {"detected": false, "version": "14.0.409.0", "result": null, "update": "20211103"}, "Rising": {"detected": false, "version": "25.0.0.26", "result": null, "update": "20211103"}, "Ad-Aware": {"detected": false, "version": "3.0.21.193", "result": null, "update": "20211103"}, "Emsisoft": {"detected": false, "version": "2021.5.0.7597", "result": null, "update": "20211103"}, "Comodo": {"detected": true, "version": "34044", "result": "ApplicUnwnt@#zd54z32jvmzi", "update": "20211102"}, "F-Secure": {"detected": false, "version": "12.0.86.52", "result": null, "update": "20211103"}, "DrWeb": {"detected": true, "version": "7.0.52.8270", "result": "Adware.Revmob.1.origin", "update": "20211103"}, "Zillya": {"detected": true, "version": "2.0.0.4487", "result": "Adware.RevMob.Android.9065", "update": "20211102"}, "TrendMicro": {"detected": false, "version": "11.0.0.1006", "result": null, "update": "20211103"}, "McAfee-GW-Edition": {"detected": true, "version": "v2019.1.2+3728", "result": "Artemis", "update": "20211102"}, "FireEye": {"detected": false, "version": "32.44.1.0", "result": null, "update": "20211103"}, "Sophos": {"detected": false, "version": "1.4.1.0", "result": null, "update": "20211103"}, "Ikarus": {"detected": true, "version": "0.1.5.2", "result": "PUA.AndroidOS.RevMob", "update": "20211102"}, "Avast-Mobile": {"detected": false, "version": "211102-00", "result": null, "update": "20211102"}, "Jiangmin": {"detected": false, "version": "16.0.100", "result": null, "update": "20211102"}, "Avira": {"detected": true, "version": "8.3.3.12", "result": "ADWARE/ANDR.RevMob.A.Gen", "update": "20211103"}, "Antiy-AVL": {"detected": false, "version": "3.0.0.1", "result": null, "update": "20211103"}, "Kingsoft": {"detected": false, "version": "2017.9.26.565", "result": null, "update": "20211103"}, "Gridinsoft": {"detected": false, "version": "1.0.60.158", "result": null, "update": "20211103"}, "Microsoft": {"detected": true, "version": "1.1.18700.4", "result": "Program:AndroidOS/Multiverze", "update": "20211103"}, "ViRobot": {"detected": false, "version": "2014.3.20.0", "result": null, "update": "20211103"}, "ZoneAlarm": {"detected": false, "version": "1.0", "result": null, "update": "20211102"}, "GData": {"detected": false, "version": "A:25.31229B:27.25015", "result": null, "update": "20211103"}, "AhnLab-V3": {"detected": false, "version": "3.21.1.10219", "result": null, "update": "20211103"}, "BitDefenderTheta": {"detected": false, "version": "7.2.37796.0", "result": null, "update": "20211021"}, "TACHYON": {"detected": false, "version": "2021-11-03.02", "result": null, "update": "20211103"}, "VBA32": {"detected": false, "version": "5.0.0", "result": null, "update": "20211102"}, "Zoner": {"detected": false, "version": "0.0.0.0", "result": null, "update": "20211102"}, "Tencent": {"detected": false, "version": "1.0.0.1", "result": null, "update": "20211103"}, "Yandex": {"detected": false, "version": "5.5.2.24", "result": null, "update": "20211103"}, "MAX": {"detected": false, "version": "2019.9.16.1", "result": null, "update": "20211103"}, "MaxSecure": {"detected": false, "version": "1.0.0.1", "result": null, "update": "20211102"}, "Fortinet": {"detected": true, "version": "6.2.142.0", "result": "Adware/RevMob!Android", "update": "20211103"}, "Panda": {"detected": false, "version": "4.6.4.2", "result": null, "update": "20211102"}}, "tags": ["dex", "android"], "scan_id": "7769ba8f448ae186f396008bd0b836c2fdd8425f7bc71f35ba4c9342eaa49e95-1635925252", "unique_sources": 2, "positives": 17, "ssdeep": "49152:P7kso3ZEeowJFeu/9wEW8PqZN+1UonT+/mO98v1mH+764e4EGbQLkmE3+eXQE32S:QsiBN/9QNDoU901OneXyMLUN", "md5": "b04f5a35d92ca276c5187541fbdbd8cd", "permalink": "https://www.virustotal.com/gui/file/7769ba8f448ae186f396008bd0b836c2fdd8425f7bc71f35ba4c9342eaa49e95/detection/f-7769ba8f448ae186f396008bd0b836c2fdd8425f7bc71f35ba4c9342eaa49e95-1635925252", "sha1": "7a6a1f85ca2819b4221e35907957ad9d1fc66cb4", "submission": {"submitter_region": "jm", "date": "2021-11-03 07:40:52", "submitter_country": "CZ", "filename": "/home/farm/anteroom/776/9ba/7769ba8f448ae186f396008bd0b836c2fdd8425f7bc71f35ba4c9342eaa49e95"}, "response_code": 1, "community_reputation": 0, "verbose_msg": "Scan finished, information embedded", "ITW_urls": [], "last_seen": "2021-11-03 07:40:52"}