{"vhash": null, "submission_names": ["/home/farm/anteroom/7da/6df/7da6df71044948df14dcb2ca641063578c6fc1c7388a3f24886ee7ae7f745915", "classes.dex", "7DA6DF71044948DF14DCB2CA641063578C6FC1C7388A3F24886EE7AE7F745915.dex"], "scan_date": "2021-11-03 07:51:57", "first_seen": "2016-10-28 05:09:58", "total": 58, "additional_info": {"email_parents": [], "magic": "Dalvik dex file version 035", "sigcheck": {}, "compressed_parents": ["a534c4a8e9ab262e5fab658466ce8cbb2af0736740a8dd9a084fea859806f15e", "7febb95c6d93febf3bc47db16af4232c3bc2f876a64972511fdbe2a2c33b9917", "47c22c5fb97a9668960b31a698f986952f1533c92269facb45240b7d012e3ca9", "5df6eb3fcc97d685acb31205b917d89f98b3b2cbcd6382856d33c1c331ae8231", "30921ac813819dcd0a264e2d8f87b661f2450f163aa317c14004d1d53230b8a4", "95b179d01052ae88afe78633867d021e964d875890f82559d9e47edfdc1d6b89", "40439abf686aab0a7b621c8f135fcd9586db54208e732c7fd334d579e6b744c3", "e925adfe51b392fc000af05f5fb0887549b510e165cb271a456aaab5cdcd578d", "7d03e1ad5bd35035004f7a25280c30d43e681db3d6d020bdda6dde620736a399", "c5064549c7167713cbd781274b4ad42049bb126104559d1b1d542408374990d5", "fba8e20bd3ada28804740ecf74e13b8f9242f43c624084e96a5e027442d837f2", "e798e3741f131bb742017603ced6942e662ee6e42fe0cc1913e56f39e478d39a", "6dd1add64a6682ae46d72502e9e2d91d2af1c794392cea329d1dbf781c0d6419", "ad70940329ca0a7a94a2e32b6801a76d78c8be3d6a7af224a5f46608d41f6d1f", "9ee2ccb16d2c7fd99abdcba562ff6593e89a9b4445ee325b0fc86c2916749465", "e16ae0ef78fbcc09c032a2466a2c951b10d1f2997ac979cc25148c13ec5b45e1", "904da1bd567515bb03647ad7a5bb4f913866baa3689ca2b62580525fd0e01406", "4b3416db34d9d426bbf8b04c5dde9c3d6a2d50a190bda2e2e0180412f60b9dba", "e43af4d75962ae8c9c103057b4f084b8add7e633317291588463652cb441afc7", "91e1820296a016f563c92dee31da82819fc889fe6d3b4b48266c8897f8937ebf", "65cbd7015d5220026662bc3ca305de0617a877ccb636020953433cc9239c9e7f", "9c95e72fc65b9b43762ae9f978b1605baab215206d1712b53207e4f057a62d89"], "exiftool": {"MIMEType": "application/octet-stream", "FileType": "DEX", "FileTypeExtension": "dex"}, "trid": "Dalvik Dex class (100.0%)", "positives_delta": 1, "trendmicro-housecall-heuristic": "Suspicious_GEN.F47V1029", "first_seen_itw": "2016-10-28 05:09:38", "androguard": {"VTAndroidInfo": 2, "AndroidApplication": 2, "AndroidApplicationError": false, "StringsInformation": ["http://127.0.0.0", "http://93app.com/time.php", "http://93app.com/time.php?", "http://alog.umeng.co/app_logs", "http://alog.umeng.com/app_logs", "http://android.downloadatoz.com/_201409/api/_maket_process/aio_fingerprint_verify.php", "http://android.downloadatoz.com/_201409/img/aio_default_icon.png", "http://android.downloadatoz.com/_201409/img/video_icon.png", "http://android.downloadatoz.com/_201409/market/app_detail_more.php?url_id=", "http://android.downloadatoz.com/_201409/market/app_get_apk.php?id=", "http://android.downloadatoz.com/_201409/market/app_list_more.php?keyword=", "http://android.downloadatoz.com/_201409/market/app_list_more_test.php?tab=aio_ad_1", "http://android.downloadatoz.com/_201409/market/app_list_more_test.php?tab=aio_ad_2", "http://android.downloadatoz.com/_201409/market/app_list_more_test.php?tab=aio_ad_3", "http://android.downloadatoz.com/_201409/market/app_list_more_test.php?tab=aio_apps_popular&page=", "http://android.downloadatoz.com/_201409/market/app_list_more_test.php?tab=aio_locked_apps&page=", "http://android.downloadatoz.com/_201409/market/app_list_more_test.php?tab=app_india_top&page=", "http://android.downloadatoz.com/_201409/market/app_list_more_test.php?tab=app_us_new&page=", "http://android.downloadatoz.com/_201409/market/app_list_more_test.php?tab=app_us_top&page=", "http://android.downloadatoz.com/_201409/market/app_list_more_test.php?tab=exclusive&page=", "http://android.downloadatoz.com/_201409/market/app_list_more_test.php?tab=games_india_new&page=", "http://android.downloadatoz.com/_201409/market/app_list_more_test.php?tab=games_india_top&page=", "http://android.downloadatoz.com/_201409/market/app_list_more_test.php?tab=games_us_new&page=", "http://android.downloadatoz.com/_201409/market/app_list_more_test.php?tab=games_us_top&page=", "http://android.downloadatoz.com/_201409/market/app_list_more_test.php?tab=paid_for_free_featured&page=", "http://android.downloadatoz.com/_201409/market/app_list_more_test.php?tab=paid_for_free_hot_app&page=", "http://android.downloadatoz.com/_201409/market/app_list_more_test.php?tab=paid_for_free_new_app&page=", "http://android.downloadatoz.com/_201409/market/app_list_recommend.php?tab=app&page=", "http://android.downloadatoz.com/_201409/market/app_list_recommend.php?tab=game&page=", "http://android.downloadatoz.com/_201409/market/app_list_recommend.php?tab=home&page=", "http://android.downloadatoz.com/_201409/market/app_list_recommend.php?tab=home&page=1", "http://android.downloadatoz.com/_201409/market/app_list_recommend.php?tab=must-have&page=", "http://android.downloadatoz.com/_201409/market/app_permissions.php?url_id=", "http://android.downloadatoz.com/_201409/market/app_version_check.php", "http://android.downloadatoz.com/_201409/market/contact.php", "http://android.downloadatoz.com/_201409/market/contact.php?type=more_features", "http://android.downloadatoz.com/_201409/market/get_gs.php?url_id=aio_user_apps_cleaner", "http://android.downloadatoz.com/_201409/market/get_gs.php?url_id=aio_user_apps_youtube", "http://android.downloadatoz.com/_201409/market/hits.php?type=", "http://android.downloadatoz.com/_201409/market/hits.php?type=acquire_webview&action=", "http://android.downloadatoz.com/_201409/market/hits.php?type=action=download_invalid&type=app&id=", "http://android.downloadatoz.com/_201409/market/hits.php?type=app&action=retry_fail&id=", "http://android.downloadatoz.com/_201409/market/hits.php?type=app&id=", "http://android.downloadatoz.com/_201409/market/hits.php?type=app&id=com.freeapp.batterysaver&from=apk", "http://android.downloadatoz.com/_201409/market/hits.php?type=downloader_aio&action=", "http://android.downloadatoz.com/_201409/market/hits.php?type=downloader_market&action=", "http://android.downloadatoz.com/_201409/market/hits.php?type=downloader_mp3&action=", "http://android.downloadatoz.com/_201409/market/hits.php?type=downloader_mp4&action=", "http://android.downloadatoz.com/_201409/market/hits.php?type=downloader_web&action=", "http://android.downloadatoz.com/_201409/market/hits.php?type=downloading&id=", "http://android.downloadatoz.com/_201409/market/hits.php?type=pop&action=install", "http://android.downloadatoz.com/_201409/market/hits.php?type=pop&action=install_click", "http://android.downloadatoz.com/_201409/market/hits.php?type=pop&action=uninstall", "http://android.downloadatoz.com/_201409/market/hits.php?type=pop&action=uninstall_click", "http://android.downloadatoz.com/_201409/market/hits.php?type=search&id=app&title=", "http://android.downloadatoz.com/_201409/market/hits.php?type=search&keyword=", "http://android.downloadatoz.com/_201409/market/hits.php?type=youtube&id=", "http://android.downloadatoz.com/_201409/market/img/mp3.png", "http://android.downloadatoz.com/_201409/market/recommend_list_more.php?id=", "http://android.downloadatoz.com/_201409/market/similar_app_list.php?url_id=", "http://android.downloadatoz.com/_201409/market/time.php", "http://android.downloadatoz.com/_201409/market/time.php?", "http://android.downloadatoz.com/_201409/market/top_app_list_more.php?tab=es&page=", "http://android.downloadatoz.com/_201409/market/top_app_list_more.php?tab=es&page=1", "http://android.downloadatoz.com/_201409/market/top_app_list_more.php?tab=rs&id=", "http://android.downloadatoz.com/_201409/market/top_keywords.php", "http://apk.downloadatoz.com/package/com.allinone.free.apk", "http://apktop.downloadatoz.com/upload_swf/com.allinone.callerid.swf", "http://apktop.downloadatoz.com/upload_swf/com.androidapp.gallary3d.swf", "http://apktop.downloadatoz.com/upload_swf/com.axapp.batterysaver.swf", "http://apktop.downloadatoz.com/upload_swf/com.ayamob.video.swf", "http://apktop.downloadatoz.com/upload_swf/com.evzapp.cleanmaster.swf", "http://apktop.downloadatoz.com/upload_swf/com.osamahq.freestore.swf", "http://app.loveitsomuch.com/_manage/proc/get_android_info.php?id=com.allinone.callerid", "http://app.loveitsomuch.com/_manage/proc/get_android_info.php?id=com.axapp.batterysaver", "http://app.loveitsomuch.com/_manage/proc/get_android_info.php?id=com.ayamob.video", "http://app.loveitsomuch.com/_manage/proc/get_android_info.php?id=com.evzapp.cleanmaster", "http://app.loveitsomuch.com/gonglue_xilie/ping.php?id=", "http://app.loveitsomuch.com/laidianguishu/phone_number_checker.php", "http://app1.loveitsomuch.com/caller/get_cc.php", "http://app1.loveitsomuch.com/caller/proc/fb_downloader_checker.php", "http://app1.loveitsomuch.com/caller/proc/get_ac_from_data.php", "http://app1.loveitsomuch.com/caller/proc/get_cookie_list.php", "http://app1.loveitsomuch.com/caller/proc/phone_number_truecaller_checker.php", "http://app1.loveitsomuch.com/caller/report_tel_number.php", "http://app1.loveitsomuch.com/caller/search_downloader.php", "http://app1.loveitsomuch.com/caller/search_list.php", "http://hawttrends.appspot.com/api/terms/", "http://img.android.downloadatoz.com/upload/android/other/201504/03/all-in-one-downloader-downloader-pn-1428055219.jpg", "http://m.downloadatoz.com/apps/com.about.wapdam.mp3.music,1186371/download.html", "http://phonenumber.downloadatoz.com/telephone_201601/telephone_201601/receive_data_from_aio_api.php", "http://play.google.com/store/apps/details?id=", "http://plus.google.com/", "http://search.yahoo.com/search?p=", "http://security.downloadatoz.com/aio_check_apkinfo/check_apk_info/check_app_info.php", "http://security.downloadatoz.com/aio_check_apkinfo/check_apk_info/get_app_info_from_aio.php", "http://tinyurl.com/allinone-downloader", "http://topdata.downloadatoz.com/aio-downloader-youtube/parser.js?28", "http://topdata.downloadatoz.com/atoz_statistics_info/market/aio_user_active_detection_info.php?ucode=", "http://topdata.downloadatoz.com/atoz_statistics_info/market/api/check_data_from_aio.php", "http://topdata.downloadatoz.com/atoz_statistics_info/market/api/get_last_request_info.php", "http://topdata.downloadatoz.com/atoz_statistics_info/market/api/get_last_upload_info.php", "http://topdata.downloadatoz.com/atoz_statistics_info/market/ga_stat.php?type=delete&action=", "http://topdata.downloadatoz.com/atoz_statistics_info/market/ga_stat.php?type=downloader_1stapp&id=", "http://topdata.downloadatoz.com/atoz_statistics_info/market/ga_stat.php?type=downloader_apps&id=", "http://topdata.downloadatoz.com/atoz_statistics_info/market/ga_stat.php?type=mobile_lang&action=", "http://topdata.downloadatoz.com/atoz_statistics_info/market/ga_stat.php?type=pop&action=aioapk", "http://topdata.downloadatoz.com/atoz_statistics_info/market/ga_stat.php?type=pop&action=aioapk_click", "http://topdata.downloadatoz.com/atoz_statistics_info/market/ga_stat.php?type=pop&action=apk_repair_click_new/", "http://topdata.downloadatoz.com/atoz_statistics_info/market/ga_stat.php?type=pop&action=apk_repair_new/1800s", "http://topdata.downloadatoz.com/atoz_statistics_info/market/ga_stat.php?type=pop&action=apk_repair_new/180s", "http://topdata.downloadatoz.com/atoz_statistics_info/market/ga_stat.php?type=pop&action=apk_repair_new/50s", "http://topdata.downloadatoz.com/atoz_statistics_info/market/ga_stat.php?type=pop&action=canceclenaerInstall/apk", "http://topdata.downloadatoz.com/atoz_statistics_info/market/ga_stat.php?type=pop&action=cancelclenaerInstall/PDT", "http://topdata.downloadatoz.com/atoz_statistics_info/market/ga_stat.php?type=pop&action=cancle/clenaerFirstApp/PDT", "http://topdata.downloadatoz.com/atoz_statistics_info/market/ga_stat.php?type=pop&action=cancle/clenaerFirstApp/apk", "http://topdata.downloadatoz.com/atoz_statistics_info/market/ga_stat.php?type=pop&action=cancle/clenaerInstall/PDT", "http://topdata.downloadatoz.com/atoz_statistics_info/market/ga_stat.php?type=pop&action=cancle/clenaerInstall/apk", "http://topdata.downloadatoz.com/atoz_statistics_info/market/ga_stat.php?type=pop&action=cancle/clenaerUninstall/PDT", "http://topdata.downloadatoz.com/atoz_statistics_info/market/ga_stat.php?type=pop&action=cancle/clenaerUninstall/apk", "http://topdata.downloadatoz.com/atoz_statistics_info/market/ga_stat.php?type=pop&action=clenaerBoost1/PDT", "http://topdata.downloadatoz.com/atoz_statistics_info/market/ga_stat.php?type=pop&action=clenaerBoost1/PDT/new", "http://topdata.downloadatoz.com/atoz_statistics_info/market/ga_stat.php?type=pop&action=clenaerBoost1/apk", "http://topdata.downloadatoz.com/atoz_statistics_info/market/ga_stat.php?type=pop&action=clenaerBoost1/apk/new", "http://topdata.downloadatoz.com/atoz_statistics_info/market/ga_stat.php?type=pop&action=clenaerBoost2/PDT", "http://topdata.downloadatoz.com/atoz_statistics_info/market/ga_stat.php?type=pop&action=clenaerBoost2/PDT/new", "http://topdata.downloadatoz.com/atoz_statistics_info/market/ga_stat.php?type=pop&action=clenaerBoost2/apk", "http://topdata.downloadatoz.com/atoz_statistics_info/market/ga_stat.php?type=pop&action=clenaerBoost2/apk/new", "http://topdata.downloadatoz.com/atoz_statistics_info/market/ga_stat.php?type=pop&action=clenaerFirstApp/PDT", "http://topdata.downloadatoz.com/atoz_statistics_info/market/ga_stat.php?type=pop&action=clenaerFirstApp/PDT/new", "http://topdata.downloadatoz.com/atoz_statistics_info/market/ga_stat.php?type=pop&action=clenaerFirstApp/apk", "http://topdata.downloadatoz.com/atoz_statistics_info/market/ga_stat.php?type=pop&action=clenaerFirstApp/apk/new", "http://topdata.downloadatoz.com/atoz_statistics_info/market/ga_stat.php?type=pop&action=clenaerInstall/PDT", "http://topdata.downloadatoz.com/atoz_statistics_info/market/ga_stat.php?type=pop&action=clenaerInstall/PDT/new", "http://topdata.downloadatoz.com/atoz_statistics_info/market/ga_stat.php?type=pop&action=clenaerInstall/apk", "http://topdata.downloadatoz.com/atoz_statistics_info/market/ga_stat.php?type=pop&action=clenaerInstall/apk/new", "http://topdata.downloadatoz.com/atoz_statistics_info/market/ga_stat.php?type=pop&action=clenaerUninstall/PDT", "http://topdata.downloadatoz.com/atoz_statistics_info/market/ga_stat.php?type=pop&action=clenaerUninstall/PDT/new", "http://topdata.downloadatoz.com/atoz_statistics_info/market/ga_stat.php?type=pop&action=clenaerUninstall/apk", "http://topdata.downloadatoz.com/atoz_statistics_info/market/ga_stat.php?type=pop&action=clenaerUninstall/apk/new", "http://topdata.downloadatoz.com/atoz_statistics_info/market/ga_stat.php?type=pop&action=clenaerWhatsapp/PDT", "http://topdata.downloadatoz.com/atoz_statistics_info/market/ga_stat.php?type=pop&action=clenaerWhatsapp/PDT/new", "http://topdata.downloadatoz.com/atoz_statistics_info/market/ga_stat.php?type=pop&action=clenaerWhatsapp/apk", "http://topdata.downloadatoz.com/atoz_statistics_info/market/ga_stat.php?type=pop&action=clenaerWhatsapp/apk/new", "http://topdata.downloadatoz.com/atoz_statistics_info/market/ga_stat.php?type=pop&action=fakecall", "http://topdata.downloadatoz.com/atoz_statistics_info/market/ga_stat.php?type=pop&action=installapk", "http://topdata.downloadatoz.com/atoz_statistics_info/market/ga_stat.php?type=pop&action=installapk_click", "http://topdata.downloadatoz.com/atoz_statistics_info/market/ga_stat.php?type=pop&action=socialapp", "http://topdata.downloadatoz.com/atoz_statistics_info/market/ga_stat.php?type=pop&action=socialapp_click", "http://topdata.downloadatoz.com/atoz_statistics_info/market/ga_stat.php?type=pop&action=swfcleanersize/", "http://topdata.downloadatoz.com/atoz_statistics_info/market/ga_stat.php?type=pop&action=swfcleanertime1/", "http://topdata.downloadatoz.com/atoz_statistics_info/market/ga_stat.php?type=pop&action=videoapp", "http://topdata.downloadatoz.com/atoz_statistics_info/market/ga_stat.php?type=pop&action=videoapp_click", "http://topdata.downloadatoz.com/atoz_statistics_info/market/ga_stat.php?type=pop&action=whatsapp", "http://topdata.downloadatoz.com/atoz_statistics_info/market/ga_stat.php?type=pop&action=whatsapp_click", "http://topdata.downloadatoz.com/atoz_statistics_info/market/ga_stat.php?type=push&action=apk_repair_Click", "http://topdata.downloadatoz.com/atoz_statistics_info/market/ga_stat.php?type=push&action=virtualcaller", "http://topdata.downloadatoz.com/atoz_statistics_info/market/ga_stat.php?type=push&action=virtualcaller/PDT", "http://topdata.downloadatoz.com/atoz_statistics_info/market/ga_stat.php?type=push&action=virtualcaller/apk", "http://topdata.downloadatoz.com/atoz_statistics_info/market/ga_stat.php?type=push&action=virtualcaller/click", "http://topdata.downloadatoz.com/atoz_statistics_info/market/ga_stat.php?type=push&action=virtualcaller/google", "http://topdata.downloadatoz.com/atoz_statistics_info/market/ga_stat.php?type=search&keyword=", "http://topdata.downloadatoz.com/atoz_statistics_info/market/ga_stat.php?type=share&action=", "http://topdata.downloadatoz.com/atoz_statistics_info/market/ga_stat.php?type=share&action=free_pop/", "http://topdata.downloadatoz.com/atoz_statistics_info/market/ga_stat.php?type=share&action=paid_pop/", "http://topdata.downloadatoz.com/atoz_statistics_info/market/ga_stat.php?type=unknowcall&action=in/company/", "http://topdata.downloadatoz.com/atoz_statistics_info/market/ga_stat.php?type=unknowcall&action=in/name/", "http://topdata.downloadatoz.com/atoz_statistics_info/market/ga_stat.php?type=unknowcall&action=in/spam/", "http://topdata.downloadatoz.com/atoz_statistics_info/market/ga_stat.php?type=unknowcall&action=us/company/", "http://topdata.downloadatoz.com/atoz_statistics_info/market/ga_stat.php?type=unknowcall&action=us/name/", "http://topdata.downloadatoz.com/atoz_statistics_info/market/ga_stat.php?type=unknowcall&action=us/spam/", "http://topdata.downloadatoz.com/atoz_statistics_info/market/ga_stat.php?type=upload&action=info/appid/", "http://topdata.downloadatoz.com/atoz_statistics_info/market/ga_stat.php?type=upload&action=success/appid/", "http://topdata.downloadatoz.com/atoz_statistics_info/market/ga_stat1.php?type=downloader_apps&id=", "http://topdata.downloadatoz.com/atoz_statistics_info/market/post_info_data.php?type=base_info", "http://topdata.downloadatoz.com/atoz_statistics_info/market/post_info_data.php?type=daily_info", "http://topdata.downloadatoz.com/atoz_statistics_info/market/post_info_data.php?type=weekly_info", "http://topdata.downloadatoz.com/atoz_statistics_info/market/receive_data_from_aio.php", "http://topdata.downloadatoz.com/atoz_statistics_info/market/stat_app_installed_info.php", "http://topdata.downloadatoz.com/atoz_statistics_info/market/stat_fail_apk_url.php", "http://welaf.com/fun/list.php?recommend=1&page=1", "http://welaf.com/fun/list.php?tab=random&page=1", "http://www.androidsearchresult.com/search.pg?aff=olb&keyword=", "http://www.baidu.com/s?wd=", "http://www.bing.com/search?q=", "http://www.clipconverter.cc/", "http://www.convert-unix-time.com/api?timestamp=now", "http://www.everycaller.com/search/?q=", "http://www.example.com", "http://www.google.com", "http://x/cancel", "http://x/convert/", "http://x/show_options", "http://yandex.ru/yandsearch?lr=21411&text=", "https://app-measurement.com/a", "https://csi.gstatic.com/csi", "https://duckduckgo.com/?t=lightning&q=", "https://duckduckgo.com/lite/?t=lightning&q=", "https://goo.gl/FZRIUV", "https://googleads.g.doubleclick.net/mads/static/mad/sdk/native/mraid/v2/mraid_app_banner.js"], "AndroguardVersion": "3.4.0a1", "AndroidApplicationInfo": "DEX"}}, "size": 4531604, "authentihash": null, "times_submitted": 20, "harmless_votes": 0, "malicious_votes": 0, "sha256": "7da6df71044948df14dcb2ca641063578c6fc1c7388a3f24886ee7ae7f745915", "type": "Android", "scans": {"Bkav": {"detected": false, "version": "1.3.0.9899", "result": null, "update": "20211102"}, "Lionic": {"detected": true, "version": "4.2", "result": "Trojan.AndroidOS.Generic.C!c", "update": "20211103"}, "ClamAV": {"detected": false, "version": "0.104.0.0", "result": null, "update": "20211102"}, "CMC": {"detected": false, "version": "2.10.2019.1", "result": null, "update": "20211026"}, "CAT-QuickHeal": {"detected": false, "version": "14.00", "result": null, "update": "20211103"}, "McAfee": {"detected": true, "version": "6.0.6.653", "result": "Artemis!870C614FB6E5", "update": "20211103"}, "ALYac": {"detected": false, "version": "1.1.3.1", "result": null, "update": "20211103"}, "Malwarebytes": {"detected": false, "version": "4.2.2.27", "result": null, "update": "20211103"}, "VIPRE": {"detected": false, "version": "96678", "result": null, "update": "20211103"}, "Sangfor": {"detected": false, "version": "2.9.0.0", "result": null, "update": "20210930"}, "K7AntiVirus": {"detected": false, "version": "11.225.39131", "result": null, "update": "20211103"}, "K7GW": {"detected": false, "version": "11.225.39131", "result": null, "update": "20211103"}, "Arcabit": {"detected": false, "version": "1.0.0.886", "result": null, "update": "20211103"}, "Baidu": {"detected": false, "version": "1.0.0.2", "result": null, "update": "20190318"}, "Cyren": {"detected": false, "version": "6.3.0.2", "result": null, "update": "20211103"}, "Symantec": {"detected": true, "version": "1.16.0.0", "result": "Trojan.Gen.2", "update": "20211103"}, "ESET-NOD32": {"detected": true, "version": "24229", "result": "Android/Aio.A potentially unwanted", "update": "20211103"}, "TrendMicro-HouseCall": {"detected": false, "version": "10.0.0.1040", "result": null, "update": "20211101"}, "Avast": {"detected": false, "version": "21.1.5827.0", "result": null, "update": "20211103"}, "Cynet": {"detected": true, "version": "4.0.0.27", "result": "Malicious (score: 99)", "update": "20211103"}, "Kaspersky": {"detected": false, "version": "21.0.1.45", "result": null, "update": "20211103"}, "BitDefender": {"detected": false, "version": "7.2", "result": null, "update": "20211103"}, "NANO-Antivirus": {"detected": true, "version": "1.0.146.25370", "result": "Riskware.Android.Aio.ehxftm", "update": "20211103"}, "SUPERAntiSpyware": {"detected": false, "version": "5.6.0.1032", "result": null, "update": "20211030"}, "MicroWorld-eScan": {"detected": false, "version": "14.0.409.0", "result": null, "update": "20211103"}, "Rising": {"detected": false, "version": "25.0.0.26", "result": null, "update": "20211103"}, "Ad-Aware": {"detected": false, "version": "3.0.21.193", "result": null, "update": "20211103"}, "Emsisoft": {"detected": false, "version": "2021.5.0.7597", "result": null, "update": "20211103"}, "Comodo": {"detected": false, "version": "34044", "result": null, "update": "20211102"}, "F-Secure": {"detected": false, "version": "12.0.86.52", "result": null, "update": "20211103"}, "DrWeb": {"detected": true, "version": "7.0.52.8270", "result": "Android.DownLoader.486.origin", "update": "20211103"}, "Zillya": {"detected": true, "version": "2.0.0.4487", "result": "Trojan.Ztorg.Android.529", "update": "20211102"}, "TrendMicro": {"detected": false, "version": "11.0.0.1006", "result": null, "update": "20211103"}, "McAfee-GW-Edition": {"detected": true, "version": "v2019.1.2+3728", "result": "Artemis", "update": "20211102"}, "FireEye": {"detected": false, "version": "32.44.1.0", "result": null, "update": "20211103"}, "Sophos": {"detected": false, "version": "1.4.1.0", "result": null, "update": "20211103"}, "Ikarus": {"detected": false, "version": "0.1.5.2", "result": null, "update": "20211102"}, "Avast-Mobile": {"detected": false, "version": "211102-00", "result": null, "update": "20211102"}, "Jiangmin": {"detected": false, "version": "16.0.100", "result": null, "update": "20211102"}, "Avira": {"detected": true, "version": "8.3.3.12", "result": "SPR/ANDR.Aio.D.Gen", "update": "20211103"}, "Antiy-AVL": {"detected": true, "version": "3.0.0.1", "result": "Trojan/Android.Generic", "update": "20211103"}, "Kingsoft": {"detected": false, "version": "2017.9.26.565", "result": null, "update": "20211103"}, "Gridinsoft": {"detected": false, "version": "1.0.60.158", "result": null, "update": "20211103"}, "Microsoft": {"detected": true, "version": "1.1.18700.4", "result": "PUA:AndroidOS/Aio.A!MTB", "update": "20211103"}, "ViRobot": {"detected": false, "version": "2014.3.20.0", "result": null, "update": "20211103"}, "ZoneAlarm": {"detected": false, "version": "1.0", "result": null, "update": "20211102"}, "GData": {"detected": false, "version": "A:25.31229B:27.25015", "result": null, "update": "20211103"}, "AhnLab-V3": {"detected": false, "version": "3.21.1.10219", "result": null, "update": "20211103"}, "BitDefenderTheta": {"detected": false, "version": "7.2.37796.0", "result": null, "update": "20211021"}, "TACHYON": {"detected": false, "version": "2021-11-03.02", "result": null, "update": "20211103"}, "VBA32": {"detected": false, "version": "5.0.0", "result": null, "update": "20211102"}, "Zoner": {"detected": false, "version": "0.0.0.0", "result": null, "update": "20211102"}, "Tencent": {"detected": true, "version": "1.0.0.1", "result": "Dos.Trojan.Ztorg.Dygi", "update": "20211103"}, "Yandex": {"detected": false, "version": "5.5.2.24", "result": null, "update": "20211103"}, "MAX": {"detected": true, "version": "2019.9.16.1", "result": "malware (ai score=95)", "update": "20211103"}, "MaxSecure": {"detected": false, "version": "1.0.0.1", "result": null, "update": "20211102"}, "Fortinet": {"detected": true, "version": "6.2.142.0", "result": "Adware/Aio.C!tr", "update": "20211103"}, "Panda": {"detected": false, "version": "4.6.4.2", "result": null, "update": "20211102"}}, "tags": ["dex", "android"], "scan_id": "7da6df71044948df14dcb2ca641063578c6fc1c7388a3f24886ee7ae7f745915-1635925917", "unique_sources": 5, "positives": 15, "ssdeep": "49152:XzkIDUz7Hdgi47+2nSEuWmNZZHzjft/RSU9S6Vw8Ld8LlE8N0/jxvDNOKUnmHUzd:XzkFdJ8mSjSG", "md5": "870c614fb6e5a753562ec168a8edb1bd", "permalink": "https://www.virustotal.com/gui/file/7da6df71044948df14dcb2ca641063578c6fc1c7388a3f24886ee7ae7f745915/detection/f-7da6df71044948df14dcb2ca641063578c6fc1c7388a3f24886ee7ae7f745915-1635925917", "sha1": "5eac5d171ea060223518dd63b476508c56c6ff73", "submission": {"submitter_region": "jm", "date": "2021-11-03 07:51:57", "submitter_country": "CZ", "filename": "/home/farm/anteroom/7da/6df/7da6df71044948df14dcb2ca641063578c6fc1c7388a3f24886ee7ae7f745915"}, "response_code": 1, "community_reputation": 0, "verbose_msg": "Scan finished, information embedded", "ITW_urls": [], "last_seen": "2021-11-03 07:51:57"}