{"vhash": "1cc12ff4a24c57db8a8b049e18af1bd6", "submission_names": ["/1/8/6/8668110a6415b1e6116d5a0d51b5c1f092452937da8db38209971c56ebafad57.file"], "scan_date": "2021-11-03 07:46:05", "first_seen": "2021-11-03 07:46:05", "total": 62, "additional_info": {"exiftool": {"MIMEType": "application/zip", "ZipRequiredVersion": "20", "ZipCRC": "0xc5d78235", "FileType": "ZIP", "ZipCompression": "Deflated", "ZipUncompressedSize": "44141", "ZipCompressedSize": "10772", "FileTypeExtension": "zip", "ZipFileName": "META-INF/MANIFEST.MF", "ZipBitFlag": "0x0808", "ZipModifyDate": "2021:11:02 19:21:58"}, "trid": "Android Package (57.0%)\nJava Archive (20.0%)\nSweet Home 3D design (generic) (15.5%)\nZIP compressed archive (5.9%)\nPrintFox/Pagefox bitmap (640x800) (1.4%)", "androguard": {"Activities": ["cmf0.c3b5bm90zq.patch.C7", "cmf0.c3b5bm90zq.patch.C6"], "AndroidVersionCode": "1", "certificate": {"validto": "2045-03-03 16:35:54", "serialnumber": "84d0fd4c97dce8b8", "Issuer": {"DN": "C:rb, CN:Benim ismim, L:Antan, O:Benim Firmam, ST:SANANE, OU:Benim Firmam, email:sahte@gmail.com", "C": "rb", "CN": "Benim ismim", "L": "Antan", "O": "Benim Firmam", "ST": "SANANE", "OU": "Benim Firmam", "email": "sahte@gmail.com"}, "thumbprint": "5284272445ce993de601bb23cae6ba9e43e4589c", "validfrom": "2017-10-17 16:35:54", "Subject": {"DN": "C:rb, CN:Benim ismim, L:Antan, O:Benim Firmam, ST:SANANE, OU:Benim Firmam, email:sahte@gmail.com", "C": "rb", "CN": "Benim ismim", "L": "Antan", "O": "Benim Firmam", "ST": "SANANE", "OU": "Benim Firmam", "email": "sahte@gmail.com"}}, "VTAndroidInfo": 2, "AndroidApplication": 1, "Package": "cmf0.c3b5bm90zq.patch", "AndroidApplicationError": false, "intent-filters": {"Services": {"cmf0.c3b5bm90zq.patch.C1": {"action": ["android.accessibilityservice.AccessibilityService"]}}, "Activities": {"cmf0.c3b5bm90zq.patch.C7": {"action": ["android.intent.action.MAIN"], "category": ["android.intent.category.LAUNCHER"]}}, "Receivers": {"cmf0.c3b5bm90zq.patch.C10": {"action": ["android.provider.Telephony.SMS_RECEIVED"]}, "cmf0.c3b5bm90zq.patch.C13": {"action": ["android.intent.action.BOOT_COMPLETED"]}, "cmf0.c3b5bm90zq.patch.C9": {"action": ["android.intent.action.PHONE_STATE", "android.intent.action.NEW_OUTGOING_CALL"]}, "cmf0.c3b5bm90zq.patch.C8": {"action": ["android.intent.action.ACTION_POWER_CONNECTED", "android.intent.action.ACTION_POWER_DISCONNECTED"]}, "cmf0.c3b5bm90zq.patch.C4": {"action": ["android.intent.action.BOOT_COMPLETED"]}, "cmf0.c3b5bm90zq.patch.C3": {"action": ["android.intent.action.PACKAGE_ADDED", "android.intent.action.PACKAGE_CHANGED", "android.intent.action.PACKAGE_REMOVED", "android.intent.action.PACKAGE_INSTALL"]}, "cmf0.c3b5bm90zq.patch.C2": {"action": ["android.app.action.DEVICE_ADMIN_ENABLED", "android.app.action.DEVICE_ADMIN_DISABLE_REQUESTED", "android.app.action.DEVICE_ADMIN_DISABLED"]}}}, "Main Activity": "cmf0.c3b5bm90zq.patch.C7", "StringsInformation": ["http://schemas.android.com/apk/res/android", "https://www.google.com"], "AndroidVersionName": "v5.6.3", "RiskIndicator": {"PERM": {"PRIVACY": 11, "DANGEROUS": 7, "NORMAL": 11, "SMS": 2, "CALL": 1, "MONEY": 1, "INTERNET": 1, "GPS": 2}}, "Services": ["cmf0.c3b5bm90zq.patch.C11", "cmf0.c3b5bm90zq.patch.C5", "cmf0.c3b5bm90zq.patch.C15", "cmf0.c3b5bm90zq.patch.C1"], "MinSdkVersion": "10", "AndroidApplicationInfo": "APK", "TargetSdkVersion": "22", "Receivers": ["cmf0.c3b5bm90zq.patch.C10", "cmf0.c3b5bm90zq.patch.C9", "cmf0.c3b5bm90zq.patch.C13", "cmf0.c3b5bm90zq.patch.C4", "cmf0.c3b5bm90zq.patch.C2", "cmf0.c3b5bm90zq.patch.C3", "cmf0.c3b5bm90zq.patch.C8"], "AndroguardVersion": "3.4.0a1", "Permissions": {"com.huawei.android.launcher.permission.WRITE_SETTINGS": ["normal", "Unknown permission from android reference", "Unknown permission from android reference"], "android.permission.PROCESS_OUTGOING_CALLS": ["dangerous", "reroute outgoing calls", "Allows the app to see the\n        number being dialed during an outgoing call with the option to redirect\n        the call to a different number or abort the call altogether."], "android.permission.ACCESS_COARSE_LOCATION": ["dangerous", "approximate location\n      (network-based)", "Allows the app to get your\n      approximate location. This location is derived by location services using\n      network location sources such as cell towers and Wi-Fi. These location\n      services must be turned on and available to your device for the app to\n      use them. Apps may use this to determine approximately where you\n      are."], "com.huawei.android.launcher.permission.CHANGE_BADGE": ["normal", "Unknown permission from android reference", "Unknown permission from android reference"], "android.permission.BLUETOOTH": ["dangerous", "pair with Bluetooth devices", "Allows the app to view the\n      configuration of the Bluetooth on the phone, and to make and accept\n      connections with paired devices."], "android.permission.CAMERA": ["dangerous", "take pictures and videos", "Allows the app to take pictures and videos\n      with the camera.  This permission allows the app to use the camera at any\n      time without your confirmation."], "android.permission.INTERNET": ["dangerous", "full network access", "Allows the app to create\n     network sockets and use custom network protocols. The browser and other\n     applications provide means to send data to the internet, so this\n     permission is not required to send data to the internet."], "android.permission.SET_WALLPAPER_HINTS": ["normal", "adjust your wallpaper size", "Allows the app to set the system wallpaper size hints."], "com.sec.android.provider.badge.permission.WRITE": ["normal", "Unknown permission from android reference", "Unknown permission from android reference"], "android.permission.ACCESS_FINE_LOCATION": ["dangerous", "precise location (GPS and\n      network-based)", "Allows the app to get your\n      precise location using the Global Positioning System (GPS) or network\n      location sources such as cell towers and Wi-Fi. These location services\n      must be turned on and available to your device for the app to use them.\n      Apps may use this to determine where you are, and may consume additional\n      battery power."], "android.permission.BROADCAST_PACKAGE_CHANGED": ["normal", "Unknown permission from android reference", "Unknown permission from android reference"], "android.permission.SET_WALLPAPER": ["normal", "set wallpaper", "Allows the app to set the system wallpaper."], "com.oppo.launcher.permission.READ_SETTINGS": ["normal", "Unknown permission from android reference", "Unknown permission from android reference"], "com.majeur.launcher.permission.UPDATE_BADGE": ["normal", "Unknown permission from android reference", "Unknown permission from android reference"], "android.permission.ACCESS_NETWORK_STATE": ["normal", "view network connections", "Allows the app to view\n      information about network connections such as which networks exist and are\n      connected."], "android.permission.WRITE_CALL_LOG": ["dangerous", "write call log", "Allows the app to modify your phone's call log, including data about incoming and outgoing calls.\n        Malicious apps may use this to erase or modify your call log."], "android.permission.GET_TASKS": ["normal", "retrieve running apps", "Allows the app to retrieve information\n       about currently and recently running tasks.  This may allow the app to\n       discover information about which applications are used on the device."], "android.permission.READ_CALL_LOG": ["dangerous", "read call log", "Allows the app to read\n      your phone's call log, including data about incoming and outgoing calls.\n      This permission allows apps to save your call log data, and malicious apps\n      may share call log data without your knowledge."], "me.everything.badger.permission.BADGE_COUNT_READ": ["normal", "Unknown permission from android reference", "Unknown permission from android reference"], "com.htc.launcher.permission.UPDATE_SHORTCUT": ["normal", "Unknown permission from android reference", "Unknown permission from android reference"], "com.android.browser.permission.READ_HISTORY_BOOKMARKS": ["dangerous", "read your Web bookmarks and history", "Allows the app to read the\n     history of all URLs that the Browser has visited, and all of the Browser's\n     bookmarks. Note: this permission may not be enforced by third-party\n     browsers or other  applications with web browsing capabilities."], "com.htc.launcher.permission.READ_SETTINGS": ["normal", "Unknown permission from android reference", "Unknown permission from android reference"], "me.everything.badger.permission.BADGE_COUNT_WRITE": ["normal", "Unknown permission from android reference", "Unknown permission from android reference"], "android.permission.WRITE_EXTERNAL_STORAGE": ["dangerous", "modify or delete the contents of your SD card", "Allows the app to write to the SD card."], "android.permission.RECEIVE_SMS": ["dangerous", "receive text messages (SMS)", "Allows the app to receive and process SMS\n      messages. This means the app could monitor or delete messages sent to your\n      device without showing them to you."], "android.permission.BROADCAST_PACKAGE_REPLACED": ["normal", "Unknown permission from android reference", "Unknown permission from android reference"], "android.permission.WRITE_CONTACTS": ["dangerous", "modify your contacts", "Allows the app to\n    modify the data about your contacts stored on your phone, including the\n    frequency with which you've called, emailed, or communicated in other ways\n    with specific contacts. This permission allows apps to delete contact\n    data."], "android.permission.READ_EXTERNAL_STORAGE": ["normal", "read the contents of your SD card", "Allows the app to read the contents of your SD card."], "android.permission.RECEIVE_BOOT_COMPLETED": ["normal", "run at startup", "Allows the app to\n        have itself started as soon as the system has finished booting.\n        This can make it take longer to start the phone and allow the\n        app to slow down the overall phone by always running."], "com.anddoes.launcher.permission.UPDATE_COUNT": ["normal", "Unknown permission from android reference", "Unknown permission from android reference"], "android.permission.BROADCAST_PACKAGE_INSTALL": ["normal", "Unknown permission from android reference", "Unknown permission from android reference"], "com.sonymobile.home.permission.PROVIDER_INSERT_BADGE": ["normal", "Unknown permission from android reference", "Unknown permission from android reference"], "android.permission.CALL_PHONE": ["dangerous", "directly call phone numbers", "Allows the app to call phone numbers\n      without your intervention. This may result in unexpected charges or calls.\n      Note that this doesn't allow the app to call emergency numbers.\n      Malicious apps may cost you money by making calls without your\n      confirmation."], "android.permission.FLASHLIGHT": ["normal", "control flashlight", "Allows the app to control the flashlight."], "android.permission.READ_PHONE_STATE": ["dangerous", "read phone status and identity", "Allows the app to access the phone\n      features of the device.  This permission allows the app to determine the\n      phone number and device IDs, whether a call is active, and the remote number\n      connected by a call."], "com.oppo.launcher.permission.WRITE_SETTINGS": ["normal", "Unknown permission from android reference", "Unknown permission from android reference"], "android.permission.READ_SMS": ["dangerous", "read your text messages (SMS or MMS)", "Allows the app to read SMS\n      messages stored on your phone or SIM card. This allows the app to read all\n      SMS messages, regardless of content or confidentiality."], "android.permission.VIBRATE": ["normal", "control vibration", "Allows the app to control the vibrator."], "android.permission.SYSTEM_ALERT_WINDOW": ["dangerous", "draw over other apps", "Allows the app to draw on top of other\n        applications or parts of the user interface.  They may interfere with your\n        use of the interface in any application, or change what you think you are\n        seeing in other applications."], "com.huawei.android.launcher.permission.READ_SETTINGS": ["normal", "Unknown permission from android reference", "Unknown permission from android reference"], "android.permission.KILL_BACKGROUND_PROCESSES": ["normal", "close other apps", "Allows the app to end\n      background processes of other apps.  This may cause other apps to stop\n      running."], "android.permission.ACCESS_WIFI_STATE": ["normal", "view Wi-Fi connections", "Allows the app to view information\n      about Wi-Fi networking, such as whether Wi-Fi is enabled and name of\n      connected Wi-Fi devices."], "android.permission.WAKE_LOCK": ["normal", "prevent phone from sleeping", "Allows the app to prevent the phone from going to sleep."], "android.permission.BROADCAST_PACKAGE_ADDED": ["normal", "Unknown permission from android reference", "Unknown permission from android reference"], "android.permission.CHANGE_WIFI_STATE": ["dangerous", "connect and disconnect from Wi-Fi", "Allows the app to connect to and\n      disconnect from Wi-Fi access points and to make changes to device\n      configuration for Wi-Fi networks."], "android.permission.RECORD_AUDIO": ["dangerous", "record audio", "Allows the app to record audio with the\n      microphone.  This permission allows the app to record audio at any time\n      without your confirmation."], "android.permission.READ_CONTACTS": ["dangerous", "read your contacts", "Allows the app to\n      read data about your contacts stored on your phone, including the\n      frequency with which you've called, emailed, or communicated in other ways\n      with specific individuals. This permission allows apps to save your\n      contact data, and malicious apps may share contact data without your\n      knowledge."], "com.sonyericsson.home.permission.BROADCAST_BADGE": ["normal", "Unknown permission from android reference", "Unknown permission from android reference"], "com.sec.android.provider.badge.permission.READ": ["normal", "Unknown permission from android reference", "Unknown permission from android reference"], "android.permission.GET_ACCOUNTS": ["normal", "find accounts on the device", "Allows the app to get\n      the list of accounts known by the phone.  This may include any accounts\n      created by applications you have installed."], "android.permission.READ_APP_BADGE": ["normal", "Unknown permission from android reference", "Unknown permission from android reference"]}}, "magic": "Zip archive data, at least v2.0 to extract", "compressedview": {"highest_datetime": "2021-11-02 19:21:58", "lowest_datetime": "2021-11-02 19:21:56", "num_children": 431, "extensions": {"dex": 1, "xml": 175, "MF": 1, "RSA": 1, "apk": 1, "SF": 1, "png": 250}, "file_types": {"DEX": 1, "XML": 175, "PNG": 250, "unknown": 5}, "type": "APK", "children": [{"datetime": "2021-11-02 19:21:58", "sha256": "e874878d3cf3b01b60ed9a0966d08432d941f14cbffb3bde3f5888763f8d3d1c", "type": "unknown", "filename": "META-INF/MANIFEST.MF", "size": 44141}, {"datetime": "2021-11-02 19:21:58", "sha256": "397f3ba364f249031112cac92d0d770f4041068c36afb5c590c8213fa4621f63", "type": "unknown", "filename": "META-INF/CERT.SF", "size": 44194}, {"datetime": "2021-11-02 19:21:58", "sha256": "dbd1e326ddb4b23592454a0ee7fe3fdea0253ad98fccd2503fc3329f93ce12f7", "type": "unknown", "filename": "META-INF/CERT.RSA", "size": 1450}, {"datetime": "2021-11-02 19:21:56", "sha256": "d68078676f9a9d8bd1b8ad86f14c666cf95b5006c71adab48572c26182414fa5", "type": "PNG", "filename": "res/mipmap-xhdpi/ic_launcher.png", "size": 2648}, {"detection_ratio": [0, 74], "datetime": "2021-11-02 19:21:56", "filename": "res/drawable-xxxhdpi/abc_ic_star_black_36dp.png", "sha256": "c848eaa2fc0ec3806e08f7edc2d75e795415c8702781a940ad4ead790324b41d", "type": "PNG", "size": 2088}, {"detection_ratio": [0, 74], "datetime": "2021-11-02 19:21:56", "filename": "res/drawable-hdpi/abc_list_divider_mtrl_alpha.9.png", "sha256": "0ef7b3d9f9d890a48e4fccc0db07315bd6fcca7049452e20a27a69bd22080415", "type": "PNG", "size": 167}, {"detection_ratio": [0, 75], "datetime": "2021-11-02 19:21:58", "filename": "res/layout-v17/select_dialog_singlechoice_material.xml", "sha256": "be5c8409eb70949567e91bb2ed7df95124e5f134db951c088c460f9321828917", "type": "XML", "size": 872}, {"detection_ratio": [0, 75], "datetime": "2021-11-02 19:21:56", "filename": "res/drawable-mdpi/abc_scrubber_track_mtrl_alpha.9.png", "sha256": "c618fafa6107721f6b07922ab06ed1922074412c7963dfcc9e34e1db93daacd5", "type": "PNG", "size": 197}, {"detection_ratio": [0, 75], "datetime": "2021-11-02 19:21:56", "filename": "res/drawable-xhdpi/abc_text_select_handle_middle_mtrl_dark.png", "sha256": "e83b2c095030f6041d1c9d006ce9c07f94d4270fb0fe08ddc224105c609f9542", "type": "PNG", "size": 921}, {"detection_ratio": [0, 75], "datetime": "2021-11-02 19:21:56", "filename": "res/drawable-xxhdpi/abc_ic_menu_copy_mtrl_am_alpha.png", "sha256": "25b940bbf6547c154f6329e00285f8e0999725d6493ef3cc92630dde0f68ff19", "type": "PNG", "size": 347}, {"detection_ratio": [0, 74], "datetime": "2021-11-02 19:21:56", "filename": "res/drawable-xhdpi/abc_ic_star_black_16dp.png", "sha256": "619a99f0c7dc658ddc1108a78519d0ebb373fd2df38f3ac6f7da2df10cc2f9cc", "type": "PNG", "size": 655}, {"detection_ratio": [0, 74], "datetime": "2021-11-02 19:21:58", "filename": "res/color-v23/abc_btn_colored_text_material.xml", "sha256": "a4b0e4992464a105e8545fc796e3e0a2d769c143f15483988e542b1906e40f78", "type": "XML", "size": 104}, {"detection_ratio": [0, 75], "datetime": "2021-11-02 19:21:56", "filename": "res/drawable-xxhdpi/abc_btn_switch_to_on_mtrl_00001.9.png", "sha256": "4bb4e2ec69ded3e748a26522b90a3d1318795687787374a05dc711f2925b4464", "type": "PNG", "size": 3755}, {"detection_ratio": [0, 74], "datetime": "2021-11-02 19:21:56", "filename": "res/drawable-xxxhdpi/abc_tab_indicator_mtrl_alpha.9.png", "sha256": "323f7fbb7907c8df09c96bb41ae71ebc0b106a046ce4461510ad8f6424ed44a6", "type": "PNG", "size": 208}, {"detection_ratio": [0, 73], "datetime": "2021-11-02 19:21:58", "filename": "res/drawable-v11/notification_bg_low.xml", "sha256": "e495ecad3d59b70a6daf8d8a28691d649f8aa4f60d35321d9150f0f4c03d38ca", "type": "XML", "size": 108}, {"detection_ratio": [0, 73], "datetime": "2021-11-02 19:21:58", "filename": "res/drawable/notification_bg_low.xml", "sha256": "e495ecad3d59b70a6daf8d8a28691d649f8aa4f60d35321d9150f0f4c03d38ca", "type": "XML", "size": 108}, {"detection_ratio": [0, 75], "datetime": "2021-11-02 19:21:56", "filename": "res/drawable-mdpi/abc_ic_menu_paste_mtrl_am_alpha.png", "sha256": "b644cce34dee6976c6e68dba3243e8b6da8dc15f40a8895137ce8e79c6b4adaa", "type": "PNG", "size": 233}, {"detection_ratio": [0, 75], "datetime": "2021-11-02 19:21:58", "filename": "res/drawable/abc_list_selector_background_transition_holo_light.xml", "sha256": "2e07c1bfdbde7a18b3804dce8f752508c489a1abb50c64548cb871f23ffb43d0", "type": "XML", "size": 508}, {"detection_ratio": [0, 73], "datetime": "2021-11-02 19:21:58", "filename": "res/color/abc_primary_text_disable_only_material_dark.xml", "sha256": "52097c90b46e3be06fbf70f3347e50a43a5b98bb98a4431c2b5b3f7b0cc585be", "type": "XML", "size": 468}, {"detection_ratio": [0, 74], "datetime": "2021-11-02 19:21:58", "filename": "res/layout-v11/notification_media_action.xml", "sha256": "a4b0e4992464a105e8545fc796e3e0a2d769c143f15483988e542b1906e40f78", "type": "XML", "size": 104}, {"detection_ratio": [0, 75], "datetime": "2021-11-02 19:21:58", "filename": "res/xml/device_admin.xml", "sha256": "a65c36017c77e1b1f5147a5203e78056d7bad53c1bacd202357520b595dcb070", "type": "XML", "size": 956}, {"detection_ratio": [0, 75], "datetime": "2021-11-02 19:21:58", "filename": "res/layout/abc_alert_dialog_button_bar_material.xml", "sha256": "4e981d24eb12c9b574c79a0488d871fd8c0443dfc2fb6a391abfe9b2e93ab8ec", "type": "XML", "size": 1640}, {"datetime": "2021-11-02 19:21:56", "sha256": "b1b7ae2f1251d1469020a647e99414309c86379c6daf28f5f8bde12dd3e0acf7", "type": "unknown", "filename": "resources.arsc", "size": 229952}, {"detection_ratio": [0, 73], "datetime": "2021-11-02 19:21:56", "filename": "res/drawable-xhdpi/abc_scrubber_primary_mtrl_alpha.9.png", "sha256": "0f5bd2f01b9689db08e4de977078e856427b126674afa8ebe7f0a9ff80aceea2", "type": "PNG", "size": 219}, {"detection_ratio": [0, 74], "datetime": "2021-11-02 19:21:56", "filename": "res/drawable-hdpi/abc_btn_switch_to_on_mtrl_00012.9.png", "sha256": "8dd453207afc153e8f1712fb630568e05cf2697fa22ca1789e53c247de2cb960", "type": "PNG", "size": 1748}, {"detection_ratio": [0, 74], "datetime": "2021-11-02 19:21:56", "filename": "res/drawable-xhdpi/abc_textfield_search_default_mtrl_alpha.9.png", "sha256": "2ae7387b4db93f8ecbc01d288b752d41373ce7b7d808969fca1e3b2e9d049219", "type": "PNG", "size": 190}, {"detection_ratio": [0, 73], "datetime": "2021-11-02 19:21:58", "filename": "res/drawable/abc_list_selector_background_transition_holo_dark.xml", "sha256": "e495ecad3d59b70a6daf8d8a28691d649f8aa4f60d35321d9150f0f4c03d38ca", "type": "XML", "size": 108}, {"detection_ratio": [0, 74], "datetime": "2021-11-02 19:21:56", "filename": "res/drawable-xhdpi/abc_cab_background_top_mtrl_alpha.9.png", "sha256": "052762422b60e16802dd4dcdbc998f9c2ef911049e086592650faf895ec2bcd4", "type": "PNG", "size": 234}, {"detection_ratio": [0, 74], "datetime": "2021-11-02 19:21:56", "filename": "res/drawable-xxhdpi/abc_list_pressed_holo_light.9.png", "sha256": "f0bc6f14305322192eb32eddcd3649025c712f8eec3cfcb5b298d7f4708073f5", "type": "PNG", "size": 221}, {"detection_ratio": [0, 73], "datetime": "2021-11-02 19:21:58", "filename": "res/color/abc_tint_spinner.xml", "sha256": "ec35d5c29610a01b0d155b1848e592f1c0aa27c7687fca70164b66138323645c", "type": "XML", "size": 776}, {"detection_ratio": [0, 75], "datetime": "2021-11-02 19:21:56", "filename": "res/drawable-mdpi/abc_btn_check_to_on_mtrl_015.png", "sha256": "51ac89334a1f999bef5ede418e6244ce1fc8a68d233e435cc46cb0ebf568f508", "type": "PNG", "size": 428}, {"detection_ratio": [0, 76], "datetime": "2021-11-02 19:21:58", "filename": "res/drawable/abc_cab_background_top_material.xml", "sha256": "a4b4629678479214f117fe101708e12e9f200c4b2c827dc94bc2c873a266084c", "type": "XML", "size": 412}, {"detection_ratio": [0, 75], "datetime": "2021-11-02 19:21:56", "filename": "res/drawable-xxxhdpi/abc_scrubber_control_to_pressed_mtrl_000.png", "sha256": "2b683da03bc6e098fc450bf9f1ca3075c909af13e3915735901b0832be6f877d", "type": "PNG", "size": 665}, {"detection_ratio": [0, 75], "datetime": "2021-11-02 19:21:56", "filename": "res/drawable-hdpi/abc_btn_check_to_on_mtrl_000.png", "sha256": "ddc61305597383be60a8e1ec1841932942c92f3c1720c6f9490da63a084c1a5f", "type": "PNG", "size": 305}, {"detection_ratio": [0, 73], "datetime": "2021-11-02 19:21:58", "filename": "res/color/abc_primary_text_material_light.xml", "sha256": "b2d304538b0f62efdbc2d9aa37c6977052bf9ae9346a223073e2973d3da9358c", "type": "XML", "size": 468}, {"detection_ratio": [0, 74], "datetime": "2021-11-02 19:21:58", "filename": "res/layout/abc_screen_simple_overlay_action_mode.xml", "sha256": "a4b0e4992464a105e8545fc796e3e0a2d769c143f15483988e542b1906e40f78", "type": "XML", "size": 104}, {"detection_ratio": [0, 73], "datetime": "2021-11-02 19:21:56", "filename": "res/drawable-hdpi/abc_list_longpressed_holo.9.png", "sha256": "d5c644b00ee79bd4f1fcb789ebbf89e79c0c6fea878dfbc4a8c64c3be34b5b03", "type": "PNG", "size": 212}, {"detection_ratio": [0, 74], "datetime": "2021-11-02 19:21:58", "filename": "res/layout-v17/notification_template_big_media_narrow.xml", "sha256": "a4b0e4992464a105e8545fc796e3e0a2d769c143f15483988e542b1906e40f78", "type": "XML", "size": 104}, {"detection_ratio": [0, 75], "datetime": "2021-11-02 19:21:56", "filename": "res/drawable-xxhdpi/abc_switch_track_mtrl_alpha.9.png", "sha256": "4cdcafce259e3beb0cdcfccd969f6b18fdab421870934715cb4e0272230a36c8", "type": "PNG", "size": 1060}, {"detection_ratio": [0, 73], "datetime": "2021-11-02 19:21:58", "filename": "res/color/abc_primary_text_disable_only_material_light.xml", "sha256": "b7be0354a94d62e01607a3bfa5e4f5db19559cba8c8245e5edfc66380470e3f2", "type": "XML", "size": 468}, {"detection_ratio": [0, 74], "datetime": "2021-11-02 19:21:58", "filename": "res/anim/abc_fade_in.xml", "sha256": "a4b0e4992464a105e8545fc796e3e0a2d769c143f15483988e542b1906e40f78", "type": "XML", "size": 104}, {"detection_ratio": [0, 75], "datetime": "2021-11-02 19:21:58", "filename": "res/layout-v14/select_dialog_multichoice_material.xml", "sha256": "51e3862c1cbc5024c1a5059eb7c594dc55589438c8cba604c75884bca47a6f9c", "type": "XML", "size": 788}, {"datetime": "2021-11-02 19:21:56", "sha256": "3c2ba27418ec9027a8d74b91725d2705f37d2208d623323d50e78fdf94ffe9b7", "type": "PNG", "filename": "res/mipmap-xxhdpi/ic_launcher.png", "size": 4853}, {"detection_ratio": [0, 74], "datetime": "2021-11-02 19:21:58", "filename": "res/anim/abc_popup_exit.xml", "sha256": "c81a4b6067ef1bf22a74802cf1d661e8240b9919f906ede345cd675249df816f", "type": "XML", "size": 512}, {"detection_ratio": [0, 75], "datetime": "2021-11-02 19:21:56", "filename": "res/drawable-ldrtl-hdpi-v17/abc_spinner_mtrl_am_alpha.9.png", "sha256": "0df6d1fe57b9b28bac3a6a2b82941bcddab7e616a025201aacbe5e90c48c2068", "type": "PNG", "size": 367}, {"detection_ratio": [0, 72], "datetime": "2021-11-02 19:21:58", "filename": "res/color/abc_search_url_text.xml", "sha256": "87849abaeba0f5e301ebc7bc00b4b6a723602781962d1691f85797b35102ef27", "type": "XML", "size": 596}, {"detection_ratio": [0, 75], "datetime": "2021-11-02 19:21:56", "filename": "res/drawable-mdpi/abc_ic_menu_copy_mtrl_am_alpha.png", "sha256": "bc6bf3384e533393e64aeb30e316887b6e20998f5b0644c5f6138404dba95866", "type": "PNG", "size": 176}, {"detection_ratio": [0, 74], "datetime": "2021-11-02 19:21:58", "filename": "res/layout-v11/notification_template_big_media.xml", "sha256": "a4b0e4992464a105e8545fc796e3e0a2d769c143f15483988e542b1906e40f78", "type": "XML", "size": 104}, {"detection_ratio": [0, 73], "datetime": "2021-11-02 19:21:58", "filename": "res/drawable/notification_icon_background.xml", "sha256": "e495ecad3d59b70a6daf8d8a28691d649f8aa4f60d35321d9150f0f4c03d38ca", "type": "XML", "size": 108}, {"detection_ratio": [0, 75], "datetime": "2021-11-02 19:21:56", "filename": "res/drawable-hdpi/abc_spinner_mtrl_am_alpha.9.png", "sha256": "9be46560847b3596a1406bda8b7a8449477f3314206c9a19b53e6703653db4d7", "type": "PNG", "size": 368}, {"detection_ratio": [0, 75], "datetime": "2021-11-02 19:21:56", "filename": "res/drawable-xxhdpi/abc_ic_star_black_16dp.png", "sha256": "759dab356c5e2e9400f0ae6b10e5f32c54fc16548c4050658b62fa651f5a6ccf", "type": "PNG", "size": 892}, {"detection_ratio": [0, 75], "datetime": "2021-11-02 19:21:56", "filename": "res/drawable-mdpi/abc_btn_check_to_on_mtrl_000.png", "sha256": "e961278375e9bdaa9f0b0415d7c442cbaf607a65698fd1f7044528386b0e89b9", "type": "PNG", "size": 288}, {"detection_ratio": [0, 75], "datetime": "2021-11-02 19:21:56", "filename": "res/drawable-xhdpi/abc_text_select_handle_middle_mtrl_light.png", "sha256": "16735a5fc1bbe89a1fc970c513e99b9f2349569bbe06197b9f5c00ea3fe84e66", "type": "PNG", "size": 921}, {"detection_ratio": [0, 75], "datetime": "2021-11-02 19:21:58", "filename": "res/drawable/abc_ratingbar_material.xml", "sha256": "01534d0ff2646ad4212859468bb9b3f44d756be190563444edfd48bef4b7fe6a", "type": "XML", "size": 760}, {"detection_ratio": [0, 73], "datetime": "2021-11-02 19:21:58", "filename": "res/drawable/abc_ic_voice_search_api_material.xml", "sha256": "a6598bbd01e954555fe8ba442841c07587197c7de1f93d4c147d5b66e448e4d7", "type": "XML", "size": 1208}, {"detection_ratio": [0, 75], "datetime": "2021-11-02 19:21:56", "filename": "res/drawable-xxxhdpi/abc_ic_star_half_black_16dp.png", "sha256": "aac419f7d92b0dce5b47418e25d25bd9870743cca7957a6c9bff2d956d70bb0a", "type": "PNG", "size": 731}, {"detection_ratio": [0, 73], "datetime": "2021-11-02 19:21:58", "filename": "res/drawable/abc_ic_ab_back_material.xml", "sha256": "fcfe9e2d03d4324c156448f1d564c2374aa5d0b408869e0841f5e114288953f6", "type": "XML", "size": 908}, {"detection_ratio": [0, 74], "datetime": "2021-11-02 19:21:58", "filename": "res/layout-v11/notification_template_custom_big.xml", "sha256": "a4b0e4992464a105e8545fc796e3e0a2d769c143f15483988e542b1906e40f78", "type": "XML", "size": 104}, {"detection_ratio": [0, 75], "datetime": "2021-11-02 19:21:56", "filename": "res/drawable-hdpi/abc_popup_background_mtrl_mult.9.png", "sha256": "ad4d6c2d1a343d36781e16e81479c4a4cf75829d1ba2dce23443ed22f909540c", "type": "PNG", "size": 1256}, {"detection_ratio": [0, 74], "datetime": "2021-11-02 19:21:56", "filename": "res/drawable-xhdpi/abc_btn_check_to_on_mtrl_000.png", "sha256": "a19aca97f3d7399384cb5550cfe6e02ad7c4a4598e4f69d864ab7db0f7685a2e", "type": "PNG", "size": 353}, {"detection_ratio": [0, 75], "datetime": "2021-11-02 19:21:56", "filename": "res/drawable-xhdpi/abc_text_select_handle_right_mtrl_light.png", "sha256": "41a93bb6577172e9527c6882f4f46da5707d21f4aa732d7d736738569a0a03f1", "type": "PNG", "size": 344}, {"detection_ratio": [0, 75], "datetime": "2021-11-02 19:21:56", "filename": "res/drawable-hdpi/abc_ab_share_pack_mtrl_alpha.9.png", "sha256": "81fbbbc931441a4f6d64680a9d2f6c645c79209010a572f2ea0b732143039e73", "type": "PNG", "size": 287}, {"detection_ratio": [0, 74], "datetime": "2021-11-02 19:21:56", "filename": "res/drawable-hdpi/abc_ic_menu_copy_mtrl_am_alpha.png", "sha256": "e1930bb2fc547323cd56b0825a10d9d236502e48eac14297ecf82df6c40a2926", "type": "PNG", "size": 280}, {"detection_ratio": [0, 75], "datetime": "2021-11-02 19:21:56", "filename": "res/drawable-xhdpi/abc_ic_commit_search_api_mtrl_alpha.png", "sha256": "e9b60d922a3c906d443e2212408dd078f88ae7fabd4786d1c81f9618fb96ce56", "type": "PNG", "size": 325}, {"detection_ratio": [0, 74], "datetime": "2021-11-02 19:21:58", "filename": "res/layout/abc_dialog_title_material.xml", "sha256": "a4b0e4992464a105e8545fc796e3e0a2d769c143f15483988e542b1906e40f78", "type": "XML", "size": 104}, {"detection_ratio": [0, 74], "datetime": "2021-11-02 19:21:58", "filename": "res/layout/notification_template_part_time.xml", "sha256": "a4b0e4992464a105e8545fc796e3e0a2d769c143f15483988e542b1906e40f78", "type": "XML", "size": 104}, {"detection_ratio": [0, 74], "datetime": "2021-11-02 19:21:58", "filename": "res/layout-v17/notification_template_big_media_custom.xml", "sha256": "a4b0e4992464a105e8545fc796e3e0a2d769c143f15483988e542b1906e40f78", "type": "XML", "size": 104}, {"detection_ratio": [0, 72], "datetime": "2021-11-02 19:21:58", "filename": "res/color-v23/abc_btn_colored_borderless_text_material.xml", "sha256": "eafa8e891ef73c722bcfda595ae04c3d51aa3fcccf6751e1063cbb2820a6fa0f", "type": "XML", "size": 504}, {"detection_ratio": [0, 76], "datetime": "2021-11-02 19:21:56", "filename": "res/drawable-xhdpi/abc_list_selector_disabled_holo_light.9.png", "sha256": "51d83e107f732b13b915e32b185c78e4ad70fc6d0c23daa200f5ad710e7d4525", "type": "PNG", "size": 253}, {"detection_ratio": [0, 74], "datetime": "2021-11-02 19:21:56", "filename": "res/drawable-xhdpi/abc_btn_check_to_on_mtrl_015.png", "sha256": "15faaf55865596e312f030794e8f1f9562bb523fde95e1567d4dd0defd7d2f79", "type": "PNG", "size": 555}, {"detection_ratio": [0, 73], "datetime": "2021-11-02 19:21:56", "filename": "res/drawable-xxhdpi/abc_textfield_default_mtrl_alpha.9.png", "sha256": "025d8a1155d2ce4769e307a89ff7ec6c175280df90ec51a8c61cea4551992cef", "type": "PNG", "size": 204}, {"detection_ratio": [0, 74], "datetime": "2021-11-02 19:21:56", "filename": "res/drawable-hdpi/abc_textfield_search_activated_mtrl_alpha.9.png", "sha256": "2ab0d18aa581997b2d36ac191151273995b212d3ac2e378ee2497e8aee81bfa6", "type": "PNG", "size": 182}, {"detection_ratio": [0, 74], "datetime": "2021-11-02 19:21:58", "filename": "res/anim/abc_popup_enter.xml", "sha256": "023d7210d3b9a772d9b81aca86b751ddf622fbb12d66f156fef4906f42b2e348", "type": "XML", "size": 512}, {"detection_ratio": [0, 75], "datetime": "2021-11-02 19:21:56", "filename": "res/drawable-xhdpi/abc_ic_star_black_48dp.png", "sha256": "a190b0afbba4f28db67b660b23e10f340fc6a8217962010c30995f82d5810b4f", "type": "PNG", "size": 1578}, {"detection_ratio": [0, 74], "datetime": "2021-11-02 19:21:58", "filename": "res/layout-v11/notification_action_tombstone.xml", "sha256": "a4b0e4992464a105e8545fc796e3e0a2d769c143f15483988e542b1906e40f78", "type": "XML", "size": 104}, {"detection_ratio": [0, 73], "datetime": "2021-11-02 19:21:58", "filename": "res/color/abc_tint_switch_track.xml", "sha256": "356400c367a2776ac2200bca9748561c7b6cc013bc8325435613af4841f37af3", "type": "XML", "size": 772}, {"detection_ratio": [0, 74], "datetime": "2021-11-02 19:21:58", "filename": "res/layout-v17/notification_action_tombstone.xml", "sha256": "a4b0e4992464a105e8545fc796e3e0a2d769c143f15483988e542b1906e40f78", "type": "XML", "size": 104}, {"detection_ratio": [0, 73], "datetime": "2021-11-02 19:21:58", "filename": "res/color/abc_hint_foreground_material_light.xml", "sha256": "df31197b4e4094bbbcaf2e1cb8623efa4ff04d308a493af318faa9b353823a36", "type": "XML", "size": 512}, {"detection_ratio": [0, 74], "datetime": "2021-11-02 19:21:56", "filename": "res/drawable-xxhdpi/abc_ic_star_black_48dp.png", "sha256": "c848eaa2fc0ec3806e08f7edc2d75e795415c8702781a940ad4ead790324b41d", "type": "PNG", "size": 2088}, {"detection_ratio": [0, 73], "datetime": "2021-11-02 19:21:58", "filename": "res/color-v23/abc_tint_spinner.xml", "sha256": "5f6f3df6a6e9e8cc71bdec43bd89d33dfc37be9fabf9f6569097032906c07212", "type": "XML", "size": 672}, {"detection_ratio": [0, 75], "datetime": "2021-11-02 19:21:56", "filename": "res/drawable-xhdpi/abc_btn_switch_to_on_mtrl_00012.9.png", "sha256": "afedf965914f9e0bb79f57f9083c4f44972f2e8c69f2645a9e12dfe648f22db5", "type": "PNG", "size": 2606}, {"detection_ratio": [0, 74], "datetime": "2021-11-02 19:21:58", "filename": "res/color/abc_background_cache_hint_selector_material_dark.xml", "sha256": "a4b0e4992464a105e8545fc796e3e0a2d769c143f15483988e542b1906e40f78", "type": "XML", "size": 104}, {"detection_ratio": [0, 75], "datetime": "2021-11-02 19:21:56", "filename": "res/drawable-xhdpi/abc_text_select_handle_right_mtrl_dark.png", "sha256": "420442a347b85d3c75ca6ddbca046fc62e38a7f8ac3b604aa3004f6a8435a417", "type": "PNG", "size": 344}, {"detection_ratio": [0, 74], "datetime": "2021-11-02 19:21:58", "filename": "res/layout-v17/abc_dialog_title_material.xml", "sha256": "a4b0e4992464a105e8545fc796e3e0a2d769c143f15483988e542b1906e40f78", "type": "XML", "size": 104}, {"detection_ratio": [0, 75], "datetime": "2021-11-02 19:21:58", "filename": "res/layout/abc_search_view.xml", "sha256": "1731f79d74179225619b6118b81b16d0ef8a009b68d94bf924b519bda507e943", "type": "XML", "size": 3520}, {"detection_ratio": [0, 74], "datetime": "2021-11-02 19:21:56", "filename": "res/drawable-xhdpi/abc_spinner_mtrl_am_alpha.9.png", "sha256": "c6a403e2ee84f5ba230fc1acaa5c6b87b9defab26f7b679696ac885b7dfe4a21", "type": "PNG", "size": 489}, {"detection_ratio": [0, 75], "datetime": "2021-11-02 19:21:56", "filename": "res/drawable-xxhdpi/abc_ic_menu_paste_mtrl_am_alpha.png", "sha256": "ac17e96a02a456a827fb2700062d17049db252c7dd67bcb86217cf829391aef4", "type": "PNG", "size": 510}, {"detection_ratio": [0, 74], "datetime": "2021-11-02 19:21:56", "filename": "res/drawable-xhdpi/abc_scrubber_control_to_pressed_mtrl_005.png", "sha256": "dea1b719aa4b669933fc35759925cd89101cba206d18b1c02e28466d887c8e2a", "type": "PNG", "size": 556}, {"detection_ratio": [0, 73], "datetime": "2021-11-02 19:21:58", "filename": "res/drawable-v21/abc_ratingbar_small_material.xml", "sha256": "b2db1851afe6c9295907d6b29195558d9914d338bd227d0ecf25ad44176148b8", "type": "XML", "size": 812}, {"detection_ratio": [0, 73], "datetime": "2021-11-02 19:21:56", "filename": "res/drawable-xxxhdpi/abc_text_select_handle_right_mtrl_light.png", "sha256": "ae5cdefaa3814c9d513d4c16d4d1e75156f64524b7d8bd7e480393440be6369a", "type": "PNG", "size": 553}, {"detection_ratio": [0, 74], "datetime": "2021-11-02 19:21:58", "filename": "res/drawable/abc_ic_go_search_api_material.xml", "sha256": "01886c244c55a1463357c56c6efd1e58bbc37ab6b0a49d17d19ce7a931d21225", "type": "XML", "size": 832}, {"detection_ratio": [0, 75], "datetime": "2021-11-02 19:21:56", "filename": "res/drawable-xxhdpi/abc_text_select_handle_left_mtrl_light.png", "sha256": "7d98e7a2f6c4da770814a97cb46fb3c8219c84fc6822034b09a84509ffd730a4", "type": "PNG", "size": 444}, {"detection_ratio": [0, 75], "datetime": "2021-11-02 19:21:56", "filename": "res/drawable-xxhdpi/abc_text_select_handle_left_mtrl_dark.png", "sha256": "36909910a49ff9c5d3b44e363ee254b05e93b4711df8512428dd00007f33c0a3", "type": "PNG", "size": 444}, {"detection_ratio": [0, 74], "datetime": "2021-11-02 19:21:58", "filename": "res/layout-v17/notification_template_media_custom.xml", "sha256": "a4b0e4992464a105e8545fc796e3e0a2d769c143f15483988e542b1906e40f78", "type": "XML", "size": 104}, {"detection_ratio": [0, 75], "datetime": "2021-11-02 19:21:56", "filename": "res/drawable-mdpi/abc_ic_star_half_black_48dp.png", "sha256": "74d3900f09ca1ebbdfa3bbb9073f05246d0243f18bc4e68a55c8892d59a2c069", "type": "PNG", "size": 584}, {"detection_ratio": [0, 74], "datetime": "2021-11-02 19:21:56", "filename": "res/drawable-xxxhdpi/abc_scrubber_control_to_pressed_mtrl_005.png", "sha256": "1186bafac4df7a33c09184965a216ee4ee3a1afa2f2707b92d76ea410f3d2fd3", "type": "PNG", "size": 958}, {"detection_ratio": [0, 74], "datetime": "2021-11-02 19:21:56", "filename": "res/drawable-hdpi/abc_ic_menu_cut_mtrl_alpha.png", "sha256": "fe9951faab1cc5e224bb62a81df6550322704340b77ca97f379ce63006d24557", "type": "PNG", "size": 583}, {"detection_ratio": [0, 74], "datetime": "2021-11-02 19:21:56", "filename": "res/drawable-ldrtl-xxxhdpi-v17/abc_spinner_mtrl_am_alpha.9.png", "sha256": "21b9bc9ca5bf09b7390dc9848395f81aca27dc6a44dd71f44a4718ee2698176a", "type": "PNG", "size": 518}, {"detection_ratio": [0, 75], "datetime": "2021-11-02 19:21:56", "filename": "res/drawable-xxhdpi/abc_scrubber_control_to_pressed_mtrl_000.png", "sha256": "bd384cddb3c8553b51122abce889a97275694a9383719cd0c57fa8c6d9fef515", "type": "PNG", "size": 588}], "uncompressed_size": 1190134}}, "size": 773772, "authentihash": null, "times_submitted": 1, "harmless_votes": 0, "malicious_votes": 0, "sha256": "8668110a6415b1e6116d5a0d51b5c1f092452937da8db38209971c56ebafad57", "type": "Android", "scans": {"Bkav": {"detected": false, "version": "1.3.0.9899", "result": null, "update": "20211102"}, "Lionic": {"detected": true, "version": "4.2", "result": "Trojan.AndroidOS.SpyNote.C!c", "update": "20211103"}, "ClamAV": {"detected": false, "version": "0.104.0.0", "result": null, "update": "20211102"}, "CMC": {"detected": false, "version": "2.10.2019.1", "result": null, "update": "20211026"}, "CAT-QuickHeal": {"detected": true, "version": "14.00", "result": "Android.Spy.GEN27587", "update": "20211103"}, "McAfee": {"detected": true, "version": "6.0.6.653", "result": "Android/Tripoli", "update": "20211103"}, "ALYac": {"detected": false, "version": "1.1.3.1", "result": null, "update": "20211103"}, "Malwarebytes": {"detected": false, "version": "4.2.2.27", "result": null, "update": "20211103"}, "VIPRE": {"detected": false, "version": "96678", "result": null, "update": "20211103"}, "Sangfor": {"detected": true, "version": "2.9.0.0", "result": "Malware.Android-Script.Save.557766d0", "update": "20210930"}, "K7AntiVirus": {"detected": false, "version": "11.225.39131", "result": null, "update": "20211103"}, "BitDefender": {"detected": true, "version": "7.2", "result": "Trojan.GenericKD.44981516", "update": "20211103"}, "K7GW": {"detected": true, "version": "11.225.39131", "result": "Spyware ( 005383381 )", "update": "20211103"}, "Trustlook": {"detected": true, "version": "1.0", "result": "Android.Malware.General (score:4)", "update": "20211103"}, "Arcabit": {"detected": true, "version": "1.0.0.886", "result": "Trojan.Generic.D2AE5D0C", "update": "20211103"}, "Baidu": {"detected": false, "version": "1.0.0.2", "result": null, "update": "20190318"}, "Cyren": {"detected": true, "version": "6.3.0.2", "result": "AndroidOS/Banker.L", "update": "20211103"}, "SymantecMobileInsight": {"detected": false, "version": "2.0", "result": null, "update": "20210126"}, "ESET-NOD32": {"detected": true, "version": "24229", "result": "a variant of Android/Spy.Agent.BAT", "update": "20211103"}, "TrendMicro-HouseCall": {"detected": false, "version": "10.0.0.1040", "result": null, "update": "20211101"}, "Avast": {"detected": true, "version": "21.1.5827.0", "result": "Android:SpyMax-D [Spy]", "update": "20211103"}, "Cynet": {"detected": true, "version": "4.0.0.27", "result": "Malicious (score: 99)", "update": "20211103"}, "Kaspersky": {"detected": true, "version": "21.0.1.45", "result": "HEUR:Trojan-Spy.AndroidOS.SpyNote.an", "update": "20211103"}, "Alibaba": {"detected": false, "version": "0.3.0.5", "result": null, "update": "20190527"}, "NANO-Antivirus": {"detected": true, "version": "1.0.146.25370", "result": "Trojan.Android.Mlw.flfkkg", "update": "20211103"}, "SUPERAntiSpyware": {"detected": false, "version": "5.6.0.1032", "result": null, "update": "20211030"}, "MicroWorld-eScan": {"detected": true, "version": "14.0.409.0", "result": "Trojan.GenericKD.44981516", "update": "20211103"}, "Rising": {"detected": false, "version": "25.0.0.26", "result": null, "update": "20211103"}, "Ad-Aware": {"detected": false, "version": "3.0.21.193", "result": null, "update": "20211103"}, "Emsisoft": {"detected": true, "version": "2021.5.0.7597", "result": "Trojan.GenericKD.44981516 (B)", "update": "20211103"}, "Comodo": {"detected": true, "version": "34044", "result": "Malware@#28omzbaexgv12", "update": "20211102"}, "F-Secure": {"detected": false, "version": "12.0.86.52", "result": null, "update": "20211103"}, "DrWeb": {"detected": true, "version": "7.0.52.8270", "result": "Android.Backdoor.685.origin", "update": "20211103"}, "Zillya": {"detected": false, "version": "2.0.0.4487", "result": null, "update": "20211102"}, "TrendMicro": {"detected": false, "version": "11.0.0.1006", "result": null, "update": "20211103"}, "McAfee-GW-Edition": {"detected": true, "version": "v2019.1.2+3728", "result": "Android/Tripoli", "update": "20211102"}, "FireEye": {"detected": true, "version": "32.44.1.0", "result": "Trojan.GenericKD.44981516", "update": "20211103"}, "Sophos": {"detected": true, "version": "1.4.1.0", "result": "Andr/Spy-AZW", "update": "20211103"}, "Ikarus": {"detected": true, "version": "0.1.5.2", "result": "Trojan.AndroidOS.SpyNote", "update": "20211102"}, "Avast-Mobile": {"detected": true, "version": "211102-00", "result": "Android:Evo-gen [Trj]", "update": "20211102"}, "Jiangmin": {"detected": false, "version": "16.0.100", "result": null, "update": "20211102"}, "Avira": {"detected": true, "version": "8.3.3.12", "result": "ANDROID/Banker.FAAR.Gen", "update": "20211103"}, "Antiy-AVL": {"detected": true, "version": "3.0.0.1", "result": "Trojan/Generic.ASMalwAD.372", "update": "20211103"}, "Kingsoft": {"detected": false, "version": "2017.9.26.565", "result": null, "update": "20211103"}, "Gridinsoft": {"detected": false, "version": "1.0.60.158", "result": null, "update": "20211103"}, "Microsoft": {"detected": true, "version": "1.1.18700.4", "result": "Ransom:Win32/Eris", "update": "20211103"}, "ViRobot": {"detected": false, "version": "2014.3.20.0", "result": null, "update": "20211103"}, "ZoneAlarm": {"detected": true, "version": "1.0", "result": "HEUR:Trojan-Spy.AndroidOS.SpyNote.an", "update": "20211102"}, "GData": {"detected": true, "version": "A:25.31229B:27.25015", "result": "Trojan.GenericKD.44981516", "update": "20211103"}, "BitDefenderFalx": {"detected": true, "version": "2.0.936", "result": "Android.Riskware.FakeApp.MV", "update": "20210610"}, "AhnLab-V3": {"detected": true, "version": "3.21.1.10219", "result": "Spyware/Android.Agent.733520", "update": "20211103"}, "BitDefenderTheta": {"detected": false, "version": "7.2.37796.0", "result": null, "update": "20211021"}, "TACHYON": {"detected": false, "version": "2021-11-03.02", "result": null, "update": "20211103"}, "VBA32": {"detected": false, "version": "5.0.0", "result": null, "update": "20211102"}, "Zoner": {"detected": false, "version": "0.0.0.0", "result": null, "update": "20211102"}, "Tencent": {"detected": false, "version": "1.0.0.1", "result": null, "update": "20211103"}, "Yandex": {"detected": true, "version": "5.5.2.24", "result": "Trojan.Mober.bSzBF9.5", "update": "20211103"}, "MAX": {"detected": true, "version": "2019.9.16.1", "result": "malware (ai score=82)", "update": "20211103"}, "MaxSecure": {"detected": true, "version": "1.0.0.1", "result": "Android.spynote.j", "update": "20211102"}, "Fortinet": {"detected": true, "version": "6.2.142.0", "result": "Android/SpyNote.AN!tr.spy", "update": "20211103"}, "AVG": {"detected": true, "version": "21.1.5827.0", "result": "Android:SpyMax-D [Spy]", "update": "20211103"}, "Panda": {"detected": false, "version": "4.6.4.2", "result": null, "update": "20211102"}}, "tags": ["apk", "android"], "scan_id": "8668110a6415b1e6116d5a0d51b5c1f092452937da8db38209971c56ebafad57-1635925565", "unique_sources": 1, "positives": 35, "ssdeep": "12288:ZEJ6sgRALzdCJe4k4/A5WmpYshXZPbGwidNpgw:6J6s7LzdmeO/A5WmD9idNpr", "md5": "3a05ed0f04aaa8f1596ced2ff7f3dac9", "permalink": "https://www.virustotal.com/gui/file/8668110a6415b1e6116d5a0d51b5c1f092452937da8db38209971c56ebafad57/detection/f-8668110a6415b1e6116d5a0d51b5c1f092452937da8db38209971c56ebafad57-1635925565", "sha1": "1a06c89906d9ac4a00c41ae2b6b2ae8e27429d72", "submission": {"submitter_region": "?", "date": "2021-11-03 07:46:05", "submitter_country": "US", "filename": "/1/8/6/8668110a6415b1e6116d5a0d51b5c1f092452937da8db38209971c56ebafad57.file"}, "response_code": 1, "community_reputation": 0, "verbose_msg": "Scan finished, information embedded", "ITW_urls": [], "last_seen": "2021-11-03 07:46:05"}