{"vhash": "2c2e76c0640fa0dde008e1bd3e12e092", "submission_names": ["9d7989c69e72d623ef2072443803c711.virus"], "scan_date": "2021-11-03 08:38:43", "first_seen": "2021-11-03 08:38:43", "total": 61, "additional_info": {"exiftool": {"MIMEType": "application/zip", "ZipRequiredVersion": "0", "ZipCRC": "0x6c523052", "FileType": "ZIP", "ZipCompression": "Deflated", "ZipUncompressedSize": "3292", "ZipCompressedSize": "1068", "FileTypeExtension": "zip", "ZipFileName": "AndroidManifest.xml", "ZipBitFlag": "0", "ZipModifyDate": "1980:00:00 00:00:00"}, "trid": "Android Package (57.0%)\nJava Archive (20.0%)\nSweet Home 3D design (generic) (15.5%)\nZIP compressed archive (5.9%)\nPrintFox/Pagefox bitmap (640x800) (1.4%)", "androguard": {"Activities": ["com.faz7124.mymg.MainActivity"], "AndroidVersionCode": "1", "certificate": {"validto": "2046-07-06 09:12:21", "serialnumber": "3431784c", "Issuer": {"DN": "C:dg, CN:asdfghj, L:dgs, O:dfghs, ST:dts, OU:sdfghj", "C": "dg", "CN": "asdfghj", "L": "dgs", "O": "dfghs", "ST": "dts", "OU": "sdfghj"}, "thumbprint": "8898d400895b86388bb43c25236fa13e3afffae0", "validfrom": "2021-07-12 09:12:21", "Subject": {"DN": "C:dg, CN:asdfghj, L:dgs, O:dfghs, ST:dts, OU:sdfghj", "C": "dg", "CN": "asdfghj", "L": "dgs", "O": "dfghs", "ST": "dts", "OU": "sdfghj"}}, "VTAndroidInfo": 2, "AndroidApplication": 1, "Package": "com.faz7124.mymg", "AndroidApplicationError": false, "intent-filters": {"Activities": {"com.faz7124.mymg.MainActivity": {"action": ["android.intent.action.MAIN"], "category": ["android.intent.category.LAUNCHER"]}}}, "Main Activity": "com.faz7124.mymg.MainActivity", "StringsInformation": ["http://211.149.159.204:91", "http://219.234.1.199:91", "http://img.tfq0.cn:90", "http://schemas.android.com/apk/res/android"], "AndroidVersionName": "7.12", "RiskIndicator": {"APK": {"DEX": 1}, "PERM": {"DANGEROUS": 2, "INTERNET": 1, "SMS": 1, "PRIVACY": 3}}, "MinSdkVersion": "21", "AndroidApplicationInfo": "APK", "TargetSdkVersion": "29", "AndroguardVersion": "3.4.0a1", "Permissions": {"android.permission.READ_EXTERNAL_STORAGE": ["dangerous", "read the contents of your shared storage", "Allows the app to read the contents of your shared storage."], "android.permission.READ_PHONE_STATE": ["dangerous", "read phone status and identity", "Allows the app to access the phone\n      features of the device.  This permission allows the app to determine the\n      phone number and device IDs, whether a call is active, and the remote number\n      connected by a call."], "android.permission.INTERNET": ["normal|instant", "have full network access", "Allows the app to create\n     network sockets and use custom network protocols. The browser and other\n     applications provide means to send data to the internet, so this\n     permission is not required to send data to the internet."], "android.permission.WRITE_EXTERNAL_STORAGE": ["dangerous", "modify or delete the contents of your shared storage", "Allows the app to write the contents of your shared storage."], "android.permission.READ_CONTACTS": ["dangerous", "read your contacts", "Allows the app to read data about your contacts stored on your phone.\n      This permission allows apps to save your contact data, and malicious apps may share contact data without your knowledge."], "android.permission.READ_SMS": ["dangerous", "read your text messages (SMS or MMS)", "This app can read all SMS (text) messages stored on your phone."]}}, "magic": "Zip archive data", "compressedview": {"highest_datetime": "1980-00-00 00:00:00", "lowest_datetime": "1980-00-00 00:00:00", "num_children": 396, "extensions": {"dex": 1, "xml": 183, "MF": 1, "gz": 1, "jpg": 1, "RSA": 1, "SF": 1, "png": 183}, "file_types": {"DEX": 1, "XML": 183, "JPG": 1, "PNG": 183, "unknown": 28}, "type": "APK", "children": [{"datetime": "1980-00-00 00:00:00", "sha256": "ebeab7beaf2d14e1f3743dffc7b8abac6ce116ce12f3df45bcef2918179927aa", "type": "XML", "filename": "AndroidManifest.xml", "size": 3292}, {"datetime": "1980-00-00 00:00:00", "sha256": "53156061a04c541157f834a758d296877b072b5cfe85073287e1e9cd2e6c7df2", "type": "unknown", "filename": "META-INF/CERT.RSA", "size": 1322}, {"datetime": "1980-00-00 00:00:00", "sha256": "9979f370cc1ba6bd9e02739b93dd46994bb15afbd3ec26b8d4ac36b47982c202", "type": "unknown", "filename": "META-INF/CERT.SF", "size": 48179}, {"datetime": "1980-00-00 00:00:00", "sha256": "0c114548d3796f9d92108cd2b79575748b5f85abb9e51737a9908febcf9a9468", "type": "unknown", "filename": "META-INF/MANIFEST.MF", "size": 48142}, {"detection_ratio": [0, 73], "datetime": "1980-00-00 00:00:00", "filename": "META-INF/androidx.activity_activity.version", "sha256": "d82f34ae9aa41bc4a0cb529a1ac0898fed09d6b479fb1cc44cb66c34f15ee84d", "type": "unknown", "size": 6}, {"detection_ratio": [0, 73], "datetime": "1980-00-00 00:00:00", "filename": "META-INF/androidx.annotation_annotation-experimental.version", "sha256": "59854984853104df5c353e2f681a15fc7924742f9a2e468c29af248dce45ce03", "type": "unknown", "size": 6}, {"detection_ratio": [0, 72], "datetime": "1980-00-00 00:00:00", "filename": "META-INF/androidx.appcompat_appcompat-resources.version", "sha256": "64d23f858ef51b0f996e4966d4e27c0371b437e2d2787890b1f7ad22d4ec5663", "type": "unknown", "size": 6}, {"detection_ratio": [0, 72], "datetime": "1980-00-00 00:00:00", "filename": "META-INF/androidx.appcompat_appcompat.version", "sha256": "64d23f858ef51b0f996e4966d4e27c0371b437e2d2787890b1f7ad22d4ec5663", "type": "unknown", "size": 6}, {"detection_ratio": [0, 74], "datetime": "1980-00-00 00:00:00", "filename": "META-INF/androidx.arch.core_core-runtime.version", "sha256": "c89b87c262e9d5ffd20e73aac74a1772adcc9f5a21682cc33adcf5086e5fef5c", "type": "unknown", "size": 6}, {"detection_ratio": [0, 56], "datetime": "1980-00-00 00:00:00", "filename": "META-INF/androidx.core_core.version", "sha256": "acb57a7135b2d7d6e665f67f056e21353023b93835f54def1ae523bf76f1bfb3", "type": "unknown", "size": 6}, {"detection_ratio": [0, 73], "datetime": "1980-00-00 00:00:00", "filename": "META-INF/androidx.cursoradapter_cursoradapter.version", "sha256": "59854984853104df5c353e2f681a15fc7924742f9a2e468c29af248dce45ce03", "type": "unknown", "size": 6}, {"detection_ratio": [0, 73], "datetime": "1980-00-00 00:00:00", "filename": "META-INF/androidx.customview_customview.version", "sha256": "59854984853104df5c353e2f681a15fc7924742f9a2e468c29af248dce45ce03", "type": "unknown", "size": 6}, {"detection_ratio": [0, 73], "datetime": "1980-00-00 00:00:00", "filename": "META-INF/androidx.drawerlayout_drawerlayout.version", "sha256": "59854984853104df5c353e2f681a15fc7924742f9a2e468c29af248dce45ce03", "type": "unknown", "size": 6}, {"detection_ratio": [0, 60], "datetime": "1980-00-00 00:00:00", "filename": "META-INF/androidx.fragment_fragment.version", "sha256": "e0a72941ba72e471c37b0bce5e8c292659befc51dbf1c7ceea354b26642c39c3", "type": "unknown", "size": 6}, {"detection_ratio": [0, 73], "datetime": "1980-00-00 00:00:00", "filename": "META-INF/androidx.interpolator_interpolator.version", "sha256": "59854984853104df5c353e2f681a15fc7924742f9a2e468c29af248dce45ce03", "type": "unknown", "size": 6}, {"detection_ratio": [0, 74], "datetime": "1980-00-00 00:00:00", "filename": "META-INF/androidx.lifecycle_lifecycle-livedata-core.version", "sha256": "ad8650bc9057d9dfd809961b69dbad640c288d809fa44437d44d83d3b118c821", "type": "unknown", "size": 6}, {"detection_ratio": [0, 73], "datetime": "1980-00-00 00:00:00", "filename": "META-INF/androidx.lifecycle_lifecycle-livedata.version", "sha256": "c28fcca53637bc88e124af1725df13cb98c69dedefd62fb3cdbe1cdb6b760624", "type": "unknown", "size": 6}, {"detection_ratio": [0, 74], "datetime": "1980-00-00 00:00:00", "filename": "META-INF/androidx.lifecycle_lifecycle-runtime.version", "sha256": "ad8650bc9057d9dfd809961b69dbad640c288d809fa44437d44d83d3b118c821", "type": "unknown", "size": 6}, {"detection_ratio": [0, 74], "datetime": "1980-00-00 00:00:00", "filename": "META-INF/androidx.lifecycle_lifecycle-viewmodel-savedstate.version", "sha256": "ad8650bc9057d9dfd809961b69dbad640c288d809fa44437d44d83d3b118c821", "type": "unknown", "size": 6}, {"detection_ratio": [0, 74], "datetime": "1980-00-00 00:00:00", "filename": "META-INF/androidx.lifecycle_lifecycle-viewmodel.version", "sha256": "ad8650bc9057d9dfd809961b69dbad640c288d809fa44437d44d83d3b118c821", "type": "unknown", "size": 6}, {"detection_ratio": [0, 73], "datetime": "1980-00-00 00:00:00", "filename": "META-INF/androidx.loader_loader.version", "sha256": "59854984853104df5c353e2f681a15fc7924742f9a2e468c29af248dce45ce03", "type": "unknown", "size": 6}, {"detection_ratio": [0, 73], "datetime": "1980-00-00 00:00:00", "filename": "META-INF/androidx.savedstate_savedstate.version", "sha256": "1575e1af4a95f12f70b4ee6a6adce8160953d93ea17dc2611b90883ccc3ad3b8", "type": "unknown", "size": 6}, {"detection_ratio": [0, 73], "datetime": "1980-00-00 00:00:00", "filename": "META-INF/androidx.tracing_tracing.version", "sha256": "59854984853104df5c353e2f681a15fc7924742f9a2e468c29af248dce45ce03", "type": "unknown", "size": 6}, {"detection_ratio": [0, 73], "datetime": "1980-00-00 00:00:00", "filename": "META-INF/androidx.vectordrawable_vectordrawable-animated.version", "sha256": "1575e1af4a95f12f70b4ee6a6adce8160953d93ea17dc2611b90883ccc3ad3b8", "type": "unknown", "size": 6}, {"detection_ratio": [0, 73], "datetime": "1980-00-00 00:00:00", "filename": "META-INF/androidx.vectordrawable_vectordrawable.version", "sha256": "1575e1af4a95f12f70b4ee6a6adce8160953d93ea17dc2611b90883ccc3ad3b8", "type": "unknown", "size": 6}, {"detection_ratio": [0, 74], "datetime": "1980-00-00 00:00:00", "filename": "META-INF/androidx.versionedparcelable_versionedparcelable.version", "sha256": "cc52f678848b814373757b460383bf61960e4943c203735adde0a350b3e50989", "type": "unknown", "size": 6}, {"detection_ratio": [0, 73], "datetime": "1980-00-00 00:00:00", "filename": "META-INF/androidx.viewpager_viewpager.version", "sha256": "59854984853104df5c353e2f681a15fc7924742f9a2e468c29af248dce45ce03", "type": "unknown", "size": 6}, {"datetime": "1980-00-00 00:00:00", "sha256": "85a49a691b1dd9e68bde3458009076f7cbde08f6a743d9aa63402cf402ec9127", "type": "DEX", "filename": "classes.dex", "size": 3098632}, {"detection_ratio": [0, 72], "datetime": "1980-00-00 00:00:00", "filename": "publicsuffixes.gz", "sha256": "be8da686d208b34e4b3f0bf90aa2e0b7638295641132c3f0caa81b03499032ff", "type": "unknown", "size": 34000}, {"detection_ratio": [0, 74], "datetime": "1980-00-00 00:00:00", "filename": "res/anim-v21/fragment_fast_out_extra_slow_in.xml", "sha256": "236987e86f4304f402030921ad93b31e8af2cc699f3e54efd6228faf52c4aa76", "type": "XML", "size": 364}, {"detection_ratio": [0, 73], "datetime": "1980-00-00 00:00:00", "filename": "res/anim/abc_fade_in.xml", "sha256": "1ca9afbfad5bfdd0aef8179a31ada006ad6d32274ad6c1bd3c76e06a424069af", "type": "XML", "size": 388}, {"detection_ratio": [0, 73], "datetime": "1980-00-00 00:00:00", "filename": "res/anim/abc_fade_out.xml", "sha256": "7722a3c50c11219dadc25702683dcdf97b421dc29df34e813ba7315a8dfaaa1d", "type": "XML", "size": 388}, {"detection_ratio": [0, 73], "datetime": "1980-00-00 00:00:00", "filename": "res/anim/abc_grow_fade_in_from_bottom.xml", "sha256": "53fda89f9290d56836fa072c2c558cd55429365f4e6a971d692bb60233c45720", "type": "XML", "size": 852}, {"detection_ratio": [0, 73], "datetime": "1980-00-00 00:00:00", "filename": "res/anim/abc_popup_enter.xml", "sha256": "b7214a13f566e887088a8e3dc59d0529662c1925a7d368143b9c9ed14a609bf6", "type": "XML", "size": 508}, {"detection_ratio": [0, 73], "datetime": "1980-00-00 00:00:00", "filename": "res/anim/abc_popup_exit.xml", "sha256": "bd4cd6ede1af3106b6061ae46a06294d26f10951413d7541ae585627a07596c7", "type": "XML", "size": 508}, {"detection_ratio": [0, 73], "datetime": "1980-00-00 00:00:00", "filename": "res/anim/abc_shrink_fade_out_from_bottom.xml", "sha256": "cf0a43dae215b60188b0bbf2d961239085fcecda70df39c1ed168d9ece66ab3d", "type": "XML", "size": 852}, {"detection_ratio": [0, 73], "datetime": "1980-00-00 00:00:00", "filename": "res/anim/abc_slide_in_bottom.xml", "sha256": "744b4d77cb05790c27dc071979477d45e4eb6104490ddbced13ccc39f19e450f", "type": "XML", "size": 396}, {"detection_ratio": [0, 73], "datetime": "1980-00-00 00:00:00", "filename": "res/anim/abc_slide_in_top.xml", "sha256": "9031dd3dfd6c05cac3a2b301535e0407e01588d9e3ed848a5048a19923d1c5ea", "type": "XML", "size": 396}, {"detection_ratio": [0, 73], "datetime": "1980-00-00 00:00:00", "filename": "res/anim/abc_slide_out_bottom.xml", "sha256": "77e54d612c362c251b9a87fba15e1451bc1fc666bd25d1a5354912545269571a", "type": "XML", "size": 396}, {"detection_ratio": [0, 73], "datetime": "1980-00-00 00:00:00", "filename": "res/anim/abc_slide_out_top.xml", "sha256": "f68a823b57ce01867f086d225069b6674e638961e68c0804edeedbbec0f58719", "type": "XML", "size": 396}, {"detection_ratio": [0, 73], "datetime": "1980-00-00 00:00:00", "filename": "res/anim/abc_tooltip_enter.xml", "sha256": "06b5da2e941078282367cb0ce2b2ebb44e02cfe5171d0d7c60ad059eb5967ed9", "type": "XML", "size": 388}, {"detection_ratio": [0, 73], "datetime": "1980-00-00 00:00:00", "filename": "res/anim/abc_tooltip_exit.xml", "sha256": "bb482d993a2b3bddaa28a19202510a7f8564c9527016ba725391c52a32c919b8", "type": "XML", "size": 388}, {"detection_ratio": [0, 73], "datetime": "1980-00-00 00:00:00", "filename": "res/anim/btn_checkbox_to_checked_box_inner_merged_animation.xml", "sha256": "63b1c6f406d7e9d7e1c821aadefa2fce03c6930611bd13a0dfbb3a5ac0eb2026", "type": "XML", "size": 2124}, {"detection_ratio": [0, 73], "datetime": "1980-00-00 00:00:00", "filename": "res/anim/btn_checkbox_to_checked_box_outer_merged_animation.xml", "sha256": "54197be44eb340eba8330d763185c76113c66d8976f9b6be4c6a4a71edacc243", "type": "XML", "size": 2780}, {"detection_ratio": [0, 73], "datetime": "1980-00-00 00:00:00", "filename": "res/anim/btn_checkbox_to_checked_icon_null_animation.xml", "sha256": "9c67c393d9aee2ca469c7ea825d7ffd077df0143aaafbff38085ab881d8ce62c", "type": "XML", "size": 1196}, {"detection_ratio": [0, 73], "datetime": "1980-00-00 00:00:00", "filename": "res/anim/btn_checkbox_to_unchecked_box_inner_merged_animation.xml", "sha256": "421ee91518f0a2fdc8d990e0819d0d9bed38af471ada573c3a2f9cc67f53ed27", "type": "XML", "size": 2360}, {"detection_ratio": [0, 73], "datetime": "1980-00-00 00:00:00", "filename": "res/anim/btn_checkbox_to_unchecked_check_path_merged_animation.xml", "sha256": "996a651924a398b68989a21aa9401134ab092ff9ec90f02d957df2e08b357d72", "type": "XML", "size": 2520}, {"detection_ratio": [0, 73], "datetime": "1980-00-00 00:00:00", "filename": "res/anim/btn_checkbox_to_unchecked_icon_null_animation.xml", "sha256": "f37934598ea1359381eeb2f739f4dee4b4b1b89552a7fc05ad8af336869ae529", "type": "XML", "size": 1196}, {"detection_ratio": [0, 73], "datetime": "1980-00-00 00:00:00", "filename": "res/anim/btn_radio_to_off_mtrl_dot_group_animation.xml", "sha256": "f9b04071b6e7bce00fffcb423aa5016c93a7168357258529f4a479c444ab6dcb", "type": "XML", "size": 1656}, {"detection_ratio": [0, 73], "datetime": "1980-00-00 00:00:00", "filename": "res/anim/btn_radio_to_off_mtrl_ring_outer_animation.xml", "sha256": "cbd2f94788e3dbcd0f4313ebe23757ccccab73278babd031cd4e601794dcf142", "type": "XML", "size": 1656}, {"detection_ratio": [0, 73], "datetime": "1980-00-00 00:00:00", "filename": "res/anim/btn_radio_to_off_mtrl_ring_outer_path_animation.xml", "sha256": "d8a5a31f8c1a06b62936f365b138f49b83183da6cea37f354c70b9b1337a33c7", "type": "XML", "size": 1028}, {"detection_ratio": [0, 73], "datetime": "1980-00-00 00:00:00", "filename": "res/anim/btn_radio_to_on_mtrl_dot_group_animation.xml", "sha256": "8fc07cc9946f78b3f06395e383e2154146e0abf09229cfe05724469933a82221", "type": "XML", "size": 1656}, {"detection_ratio": [0, 73], "datetime": "1980-00-00 00:00:00", "filename": "res/anim/btn_radio_to_on_mtrl_ring_outer_animation.xml", "sha256": "57372647d00c435ee0d87a529d28a3890113caf39b946b87d1d9a9edaeb6516e", "type": "XML", "size": 1656}, {"detection_ratio": [0, 73], "datetime": "1980-00-00 00:00:00", "filename": "res/anim/btn_radio_to_on_mtrl_ring_outer_path_animation.xml", "sha256": "988938f47216d878bb2cbd0593df829db74ad92aa986562ca191e1c7254c6e12", "type": "XML", "size": 1028}, {"datetime": "1980-00-00 00:00:00", "sha256": "5f04862f0a7964100bd4667c07ccde8ff7e68ecf0baeff47308c76ef784d06a7", "type": "XML", "filename": "res/animator/fragment_close_enter.xml", "size": 1128}, {"datetime": "1980-00-00 00:00:00", "sha256": "9f5ae19e6899644244dd07863f9470ae20e58015710562686a962f34c9c17cdc", "type": "XML", "filename": "res/animator/fragment_close_exit.xml", "size": 1128}, {"detection_ratio": [0, 73], "datetime": "1980-00-00 00:00:00", "filename": "res/animator/fragment_fade_enter.xml", "sha256": "8ac5fddde57785197fcc59a140d585bfeed6e7cb4fb3c2d186b53624a78aea71", "type": "XML", "size": 452}, {"detection_ratio": [0, 73], "datetime": "1980-00-00 00:00:00", "filename": "res/animator/fragment_fade_exit.xml", "sha256": "bc55e4a96aeb7d44c7ead99d167656240d5b1fb76d51d6b28083164cbe0c4ef7", "type": "XML", "size": 452}, {"datetime": "1980-00-00 00:00:00", "sha256": "2280bc7ec7d3b6bd9e9750fb7ad2c763871130ccfae46b205e3f574af2df8f36", "type": "XML", "filename": "res/animator/fragment_open_enter.xml", "size": 1128}, {"datetime": "1980-00-00 00:00:00", "sha256": "3ab30cd20b531ac33977c573599da66b441e33e84d896ccd52ed69bcaa75755a", "type": "XML", "filename": "res/animator/fragment_open_exit.xml", "size": 1128}, {"detection_ratio": [0, 65], "datetime": "1980-00-00 00:00:00", "filename": "res/color-v21/abc_btn_colored_borderless_text_material.xml", "sha256": "4292e2fa6a78b44274c0d32d8d4e33e5871a9049fffe580544d8f065251d5afe", "type": "XML", "size": 464}, {"detection_ratio": [0, 68], "datetime": "1980-00-00 00:00:00", "filename": "res/color-v23/abc_btn_colored_borderless_text_material.xml", "sha256": "244cadfdd285b1f0f2a90733094e34058facdf921ffb2958f82a8af69ed12913", "type": "XML", "size": 500}, {"detection_ratio": [0, 73], "datetime": "1980-00-00 00:00:00", "filename": "res/color-v23/abc_btn_colored_text_material.xml", "sha256": "4383e4c5e69df10f7b153ef9b35575cc0e1b3d2fe36d3544738c03e1e0c35a9a", "type": "XML", "size": 500}, {"detection_ratio": [0, 70], "datetime": "1980-00-00 00:00:00", "filename": "res/color-v23/abc_color_highlight_material.xml", "sha256": "db5a4b502145dc7fddeb18791c7e25ad70ae06b91c1556178c192ad10d60d4b6", "type": "XML", "size": 544}, {"detection_ratio": [0, 69], "datetime": "1980-00-00 00:00:00", "filename": "res/color-v23/abc_tint_btn_checkable.xml", "sha256": "52f3cb144e8d205da27a5dae9d4e9199545e2ae22aabe223a58315023851082d", "type": "XML", "size": 624}, {"detection_ratio": [0, 68], "datetime": "1980-00-00 00:00:00", "filename": "res/color-v23/abc_tint_default.xml", "sha256": "c667e248ec1cb88a16f1131088a0ca88f9357bde5a6778d9986bf16f6cf5e59a", "type": "XML", "size": 1120}, {"detection_ratio": [0, 69], "datetime": "1980-00-00 00:00:00", "filename": "res/color-v23/abc_tint_edittext.xml", "sha256": "4a113fd9dc1032663365c130d95a18c4258cbfafcca0ae669df8745e6b184bf3", "type": "XML", "size": 668}, {"detection_ratio": [0, 69], "datetime": "1980-00-00 00:00:00", "filename": "res/color-v23/abc_tint_seek_thumb.xml", "sha256": "a80780ff70704b470dd47f46c3390f342b8c2777d8ec61e991e860835d238ed4", "type": "XML", "size": 500}, {"detection_ratio": [0, 69], "datetime": "1980-00-00 00:00:00", "filename": "res/color-v23/abc_tint_spinner.xml", "sha256": "4a113fd9dc1032663365c130d95a18c4258cbfafcca0ae669df8745e6b184bf3", "type": "XML", "size": 668}, {"detection_ratio": [0, 68], "datetime": "1980-00-00 00:00:00", "filename": "res/color-v23/abc_tint_switch_track.xml", "sha256": "6b7d96caa2ee3c95e66d21936ef85ae46a8f83e117d08bc26c8645c7a799aec9", "type": "XML", "size": 664}, {"detection_ratio": [0, 73], "datetime": "1980-00-00 00:00:00", "filename": "res/color/abc_background_cache_hint_selector_material_dark.xml", "sha256": "7d4dfd26cc88091c25e3b4acec3df9cf38d2c02d8714ba37f0ae49623f645d25", "type": "XML", "size": 468}, {"detection_ratio": [0, 73], "datetime": "1980-00-00 00:00:00", "filename": "res/color/abc_background_cache_hint_selector_material_light.xml", "sha256": "db68b79e2aee0dfd81849f31be7e8e707b23741e036414bf89021aea29575207", "type": "XML", "size": 468}, {"detection_ratio": [0, 69], "datetime": "1980-00-00 00:00:00", "filename": "res/color/abc_btn_colored_text_material.xml", "sha256": "5bdd95e7923d752f232ddf7c2e0e4186e335124ec448cb006bffe05644b7e304", "type": "XML", "size": 604}, {"detection_ratio": [0, 74], "datetime": "1980-00-00 00:00:00", "filename": "res/color/abc_hint_foreground_material_dark.xml", "sha256": "833a23de277d64bad6f1e0f7378c4858efc273ce4c8932f6f3fc92bf037e6dcd", "type": "XML", "size": 564}, {"detection_ratio": [0, 75], "datetime": "1980-00-00 00:00:00", "filename": "res/color/abc_hint_foreground_material_light.xml", "sha256": "5cc6787f3c288fb9905c711c1705e83861ad16a430c7ace1136e24eb3aa29cef", "type": "XML", "size": 564}, {"detection_ratio": [0, 73], "datetime": "1980-00-00 00:00:00", "filename": "res/color/abc_primary_text_disable_only_material_dark.xml", "sha256": "74c8e5e96fd1a53ea8707a04c823f51a6db5e4aa3d247a9e079d7a39ff173feb", "type": "XML", "size": 464}, {"detection_ratio": [0, 73], "datetime": "1980-00-00 00:00:00", "filename": "res/color/abc_primary_text_disable_only_material_light.xml", "sha256": "a24d58988c10376f453a017b70d6f7a42c1e5f0f0c6357aa9e3a8894a2326416", "type": "XML", "size": 464}, {"detection_ratio": [0, 65], "datetime": "1980-00-00 00:00:00", "filename": "res/color/abc_primary_text_material_dark.xml", "sha256": "4255bc879676ede165285a4ee2901b14bb46fe86ceec4232103eda1a762f534d", "type": "XML", "size": 464}, {"detection_ratio": [0, 73], "datetime": "1980-00-00 00:00:00", "filename": "res/color/abc_primary_text_material_light.xml", "sha256": "eaddbae792b98d2f5a1b1cc5bd435279526be07ceb66b1f5d1dc5942a060f1f4", "type": "XML", "size": 464}, {"detection_ratio": [0, 73], "datetime": "1980-00-00 00:00:00", "filename": "res/color/abc_search_url_text.xml", "sha256": "1e4171edfe1875ea4887fcbb8d04c78b72de421b3367df8f715e4941ba5f1b94", "type": "XML", "size": 588}, {"detection_ratio": [0, 72], "datetime": "1980-00-00 00:00:00", "filename": "res/color/abc_secondary_text_material_dark.xml", "sha256": "42df3134dae1a5cd25d727211724adb5ac7ccf7710bcdc8e42de54d541f9e228", "type": "XML", "size": 464}, {"detection_ratio": [0, 75], "datetime": "1980-00-00 00:00:00", "filename": "res/color/abc_secondary_text_material_light.xml", "sha256": "eb36d6e19c31c025cb93ea2f71c5921d72f87343b5d22c8cfc44929d4c57d360", "type": "XML", "size": 464}, {"detection_ratio": [0, 69], "datetime": "1980-00-00 00:00:00", "filename": "res/color/abc_tint_btn_checkable.xml", "sha256": "5ca0860ef9093693196bc62dfb6cafac45492b5ffede6a714b85feab70431bf5", "type": "XML", "size": 728}, {"detection_ratio": [0, 69], "datetime": "1980-00-00 00:00:00", "filename": "res/color/abc_tint_default.xml", "sha256": "6ca68ac1fd8eedebf0c46e92aa6361da75094358bc299230609ad2670daa4c9b", "type": "XML", "size": 1224}, {"detection_ratio": [0, 69], "datetime": "1980-00-00 00:00:00", "filename": "res/color/abc_tint_edittext.xml", "sha256": "bf5271c6a09d6ecfcc7bfa13a4eb1805ae749a358cc76f6de7ad0cf31180883e", "type": "XML", "size": 772}, {"detection_ratio": [0, 68], "datetime": "1980-00-00 00:00:00", "filename": "res/color/abc_tint_seek_thumb.xml", "sha256": "81c2e5cde13d60b915f9c2e324f766986b924a9f4632d3e83139b3ee487b7663", "type": "XML", "size": 604}, {"detection_ratio": [0, 69], "datetime": "1980-00-00 00:00:00", "filename": "res/color/abc_tint_spinner.xml", "sha256": "25b89162e40c657e4f4ec146ffdb393b9b316644b7f0e6d0f1ea3fccf46f9d85", "type": "XML", "size": 772}, {"detection_ratio": [0, 68], "datetime": "1980-00-00 00:00:00", "filename": "res/color/abc_tint_switch_track.xml", "sha256": "2cbb1d3a98c2a4642896c474c7b5b898c03491e40c6a8533d9dcef1757447db9", "type": "XML", "size": 768}, {"detection_ratio": [0, 65], "datetime": "1980-00-00 00:00:00", "filename": "res/color/switch_thumb_material_dark.xml", "sha256": "272d93ff6210b2844773243a5b3b66fe4af15f35ca7494ecc3e9f598ed0b5510", "type": "XML", "size": 464}, {"detection_ratio": [0, 73], "datetime": "1980-00-00 00:00:00", "filename": "res/color/switch_thumb_material_light.xml", "sha256": "050c2422e02621a4a43af9b3e971a07ca30084eb43c74fd2cecb15dd1ff81579", "type": "XML", "size": 464}, {"detection_ratio": [0, 75], "datetime": "1980-00-00 00:00:00", "filename": "res/drawable-hdpi-v4/abc_ab_share_pack_mtrl_alpha.9.png", "sha256": "991f73be600ad8821a6743db54af513f9b047058e95066e22fcdd1d72032bc58", "type": "PNG", "size": 272}, {"detection_ratio": [0, 73], "datetime": "1980-00-00 00:00:00", "filename": "res/drawable-hdpi-v4/abc_btn_check_to_on_mtrl_000.png", "sha256": "5eca0280bd38a6887b6e41765cf5da573133874625001eb90156eaeb35fbe088", "type": "PNG", "size": 227}, {"detection_ratio": [0, 73], "datetime": "1980-00-00 00:00:00", "filename": "res/drawable-hdpi-v4/abc_btn_check_to_on_mtrl_015.png", "sha256": "5ced2ab774853050255d7309e10b76217813d56f3f8ab8fb73ac3f635d90c676", "type": "PNG", "size": 404}, {"detection_ratio": [0, 75], "datetime": "1980-00-00 00:00:00", "filename": "res/drawable-hdpi-v4/abc_btn_radio_to_on_mtrl_000.png", "sha256": "5080b07eb486ba05ede737b567eb2bb89d7b79a3edb5c2ca8141c6eba012b75d", "type": "PNG", "size": 464}, {"detection_ratio": [0, 73], "datetime": "1980-00-00 00:00:00", "filename": "res/drawable-hdpi-v4/abc_btn_radio_to_on_mtrl_015.png", "sha256": "7442cda653acbacdf9aef256aa191e5ebb6071a1747312aec45e1db8252a3cfb", "type": "PNG", "size": 563}, {"detection_ratio": [0, 73], "datetime": "1980-00-00 00:00:00", "filename": "res/drawable-hdpi-v4/abc_btn_switch_to_on_mtrl_00001.9.png", "sha256": "9f849bcd788adceb32f4c1a5aa892749bd1e244a3787bfbfbd30d3b6f5d8e9db", "type": "PNG", "size": 1096}, {"detection_ratio": [0, 74], "datetime": "1980-00-00 00:00:00", "filename": "res/drawable-hdpi-v4/abc_btn_switch_to_on_mtrl_00012.9.png", "sha256": "ab94afcb2bb325544c0c1103bf5109b827bf070f441faef909f856ae295a1cf0", "type": "PNG", "size": 1243}, {"detection_ratio": [0, 73], "datetime": "1980-00-00 00:00:00", "filename": "res/drawable-hdpi-v4/abc_cab_background_top_mtrl_alpha.9.png", "sha256": "67e701476927078d89ab0bbb39fff12d69702592a7a428237a21168a21ec1038", "type": "PNG", "size": 226}, {"detection_ratio": [0, 73], "datetime": "1980-00-00 00:00:00", "filename": "res/drawable-hdpi-v4/abc_ic_commit_search_api_mtrl_alpha.png", "sha256": "239d602c9c65f156fe024613207955ac8fbdd395ae6ec3efa51be98e3a4473f4", "type": "PNG", "size": 171}, {"detection_ratio": [0, 73], "datetime": "1980-00-00 00:00:00", "filename": "res/drawable-hdpi-v4/abc_list_divider_mtrl_alpha.9.png", "sha256": "378694706fb7256dd2248e2af854efd71ec7e8885f61da2e16a2bd32fcf3d0a9", "type": "PNG", "size": 167}], "uncompressed_size": 4123868}}, "size": 2249617, "authentihash": null, "times_submitted": 1, "harmless_votes": 0, "malicious_votes": 0, "sha256": "a96a8f6a321eb78efca5fdc94d0f71d03d0953782987111ffbdf8f0b64239a42", "type": "Android", "scans": {"Bkav": {"detected": false, "version": "1.3.0.9899", "result": null, "update": "20211102"}, "Lionic": {"detected": false, "version": "4.2", "result": null, "update": "20211103"}, "ClamAV": {"detected": false, "version": "0.104.0.0", "result": null, "update": "20211102"}, "CMC": {"detected": false, "version": "2.10.2019.1", "result": null, "update": "20211026"}, "CAT-QuickHeal": {"detected": true, "version": "14.00", "result": "Android.ScytheSCF.PC", "update": "20211103"}, "McAfee": {"detected": true, "version": "6.0.6.653", "result": "Artemis!9D7989C69E72", "update": "20211103"}, "ALYac": {"detected": false, "version": "1.1.3.1", "result": null, "update": "20211103"}, "Malwarebytes": {"detected": false, "version": "4.2.2.27", "result": null, "update": "20211103"}, "VIPRE": {"detected": false, "version": "96678", "result": null, "update": "20211103"}, "Sangfor": {"detected": false, "version": "2.9.0.0", "result": null, "update": "20211103"}, "K7AntiVirus": {"detected": false, "version": "11.225.39131", "result": null, "update": "20211103"}, "Alibaba": {"detected": false, "version": "0.3.0.5", "result": null, "update": "20190527"}, "K7GW": {"detected": false, "version": "11.225.39131", "result": null, "update": "20211103"}, "Trustlook": {"detected": false, "version": "1.0", "result": null, "update": "20211103"}, "Arcabit": {"detected": false, "version": "1.0.0.886", "result": null, "update": "20211103"}, "Baidu": {"detected": false, "version": "1.0.0.2", "result": null, "update": "20190318"}, "Cyren": {"detected": false, "version": "6.3.0.2", "result": null, "update": "20211103"}, "SymantecMobileInsight": {"detected": true, "version": "2.0", "result": "AppRisk:Generisk", "update": "20210126"}, "ESET-NOD32": {"detected": true, "version": "24229", "result": "a variant of Android/Spy.Agent.BTN", "update": "20211103"}, "TrendMicro-HouseCall": {"detected": false, "version": "10.0.0.1040", "result": null, "update": "20211101"}, "Avast": {"detected": false, "version": "21.1.5827.0", "result": null, "update": "20211103"}, "Cynet": {"detected": true, "version": "4.0.0.27", "result": "Malicious (score: 99)", "update": "20211103"}, "Kaspersky": {"detected": true, "version": "21.0.1.45", "result": "HEUR:Trojan-Spy.AndroidOS.Agent.zq", "update": "20211103"}, "BitDefender": {"detected": false, "version": "7.2", "result": null, "update": "20211103"}, "NANO-Antivirus": {"detected": false, "version": "1.0.146.25370", "result": null, "update": "20211103"}, "SUPERAntiSpyware": {"detected": false, "version": "5.6.0.1032", "result": null, "update": "20211030"}, "MicroWorld-eScan": {"detected": false, "version": "14.0.409.0", "result": null, "update": "20211103"}, "Rising": {"detected": false, "version": "25.0.0.26", "result": null, "update": "20211103"}, "Ad-Aware": {"detected": false, "version": "3.0.21.193", "result": null, "update": "20211103"}, "Emsisoft": {"detected": false, "version": "2021.5.0.7597", "result": null, "update": "20211103"}, "Comodo": {"detected": false, "version": "34044", "result": null, "update": "20211102"}, "F-Secure": {"detected": false, "version": "12.0.86.52", "result": null, "update": "20211103"}, "DrWeb": {"detected": true, "version": "7.0.52.8270", "result": "Android.SmsSpy.11001", "update": "20211103"}, "Zillya": {"detected": false, "version": "2.0.0.4487", "result": null, "update": "20211102"}, "TrendMicro": {"detected": false, "version": "11.0.0.1006", "result": null, "update": "20211103"}, "McAfee-GW-Edition": {"detected": true, "version": "v2019.1.2+3728", "result": "Artemis", "update": "20211102"}, "FireEye": {"detected": false, "version": "32.44.1.0", "result": null, "update": "20211103"}, "Sophos": {"detected": false, "version": "1.4.1.0", "result": null, "update": "20211103"}, "Ikarus": {"detected": true, "version": "0.1.5.2", "result": "Trojan.AndroidOS.SmsSpy", "update": "20211102"}, "Avast-Mobile": {"detected": true, "version": "211102-00", "result": "Android:Evo-gen [Trj]", "update": "20211102"}, "Jiangmin": {"detected": false, "version": "16.0.100", "result": null, "update": "20211102"}, "Avira": {"detected": true, "version": "8.3.3.12", "result": "ANDROID/SpyAgent.FKFL.Gen", "update": "20211103"}, "Antiy-AVL": {"detected": false, "version": "3.0.0.1", "result": null, "update": "20211103"}, "Kingsoft": {"detected": false, "version": "2017.9.26.565", "result": null, "update": "20211103"}, "Gridinsoft": {"detected": false, "version": "1.0.60.158", "result": null, "update": "20211103"}, "Microsoft": {"detected": true, "version": "1.1.18700.4", "result": "Trojan:Script/Sabsik.TE.B!ml", "update": "20211103"}, "ViRobot": {"detected": false, "version": "2014.3.20.0", "result": null, "update": "20211103"}, "ZoneAlarm": {"detected": false, "version": "1.0", "result": null, "update": "20211102"}, "GData": {"detected": false, "version": "A:25.31229B:27.25015", "result": null, "update": "20211103"}, "BitDefenderFalx": {"detected": true, "version": "2.0.936", "result": "Android.Riskware.Agent.gGVGX", "update": "20210610"}, "AhnLab-V3": {"detected": true, "version": "3.21.1.10219", "result": "PUP/Android.FLPrev.1052795", "update": "20211103"}, "BitDefenderTheta": {"detected": false, "version": "7.2.37796.0", "result": null, "update": "20211021"}, "TACHYON": {"detected": false, "version": "2021-11-03.02", "result": null, "update": "20211103"}, "VBA32": {"detected": false, "version": "5.0.0", "result": null, "update": "20211102"}, "Zoner": {"detected": false, "version": "0.0.0.0", "result": null, "update": "20211102"}, "Tencent": {"detected": true, "version": "1.0.0.1", "result": "a.privacy.SexInfoSteal", "update": "20211103"}, "Yandex": {"detected": false, "version": "5.5.2.24", "result": null, "update": "20211103"}, "MAX": {"detected": false, "version": "2019.9.16.1", "result": null, "update": "20211103"}, "MaxSecure": {"detected": false, "version": "1.0.0.1", "result": null, "update": "20211102"}, "Fortinet": {"detected": true, "version": "6.2.142.0", "result": "Android/Agent.BTN!tr.spy", "update": "20211103"}, "Panda": {"detected": false, "version": "4.6.4.2", "result": null, "update": "20211102"}}, "tags": ["apk", "android"], "scan_id": "a96a8f6a321eb78efca5fdc94d0f71d03d0953782987111ffbdf8f0b64239a42-1635928723", "unique_sources": 1, "positives": 16, "ssdeep": "49152:AMUM3rvzXIWlkzpZVPx6Ol4KzFBTumvsggokVh1ageE:93jrhyz/VPIOl4K3TPvxRqTb", "md5": "9d7989c69e72d623ef2072443803c711", "permalink": "https://www.virustotal.com/gui/file/a96a8f6a321eb78efca5fdc94d0f71d03d0953782987111ffbdf8f0b64239a42/detection/f-a96a8f6a321eb78efca5fdc94d0f71d03d0953782987111ffbdf8f0b64239a42-1635928723", "sha1": "a481b82e6654150c4847c27a9d4ad291a2b8031a", "submission": {"submitter_region": "on", "date": "2021-11-03 08:38:43", "submitter_country": "CA", "filename": "9d7989c69e72d623ef2072443803c711.virus"}, "response_code": 1, "community_reputation": 0, "verbose_msg": "Scan finished, information embedded", "ITW_urls": [], "last_seen": "2021-11-03 08:38:43"}