{"vhash": "7d2a1eef1e9220fed1b1ec6abc2e0bba", "submission_names": ["433e1fbff2f247f79092c18d78deccb9.virus"], "scan_date": "2021-11-03 08:39:03", "first_seen": "2021-11-03 08:39:03", "total": 64, "additional_info": {"exiftool": {"MIMEType": "application/zip", "ZipRequiredVersion": "0", "ZipCRC": "0x90583148", "FileType": "ZIP", "ZipCompression": "Deflated", "ZipUncompressedSize": "62793", "ZipCompressedSize": "19310", "FileTypeExtension": "zip", "ZipFileName": "META-INF/MANIFEST.MF", "ZipBitFlag": "0", "ZipModifyDate": "2020:09:15 22:27:00"}, "trid": "Android Package (67.5%)\nJava Archive (23.6%)\nZIP compressed archive (7.0%)\nPrintFox/Pagefox bitmap (640x800) (1.7%)", "androguard": {"Activities": ["com.iapp.app.logoActivity", "com.iapp.app.run.mian", "com.iapp.app.run.main", "com.iapp.app.run.main2", "com.iapp.app.run.main3", "com.iapp.app.Webview", "com.iapp.app.Videoview", "com.iapp.app.DownList", "cn.hugo.android.scanner.CaptureActivity"], "AndroidVersionCode": "100001", "certificate": {"validto": "2050-11-07 13:27:00", "serialnumber": "3f343120", "Issuer": {"DN": "C:cn", "C": "cn"}, "thumbprint": "e189377eef15913bfcf4bde8df644d67979b6ba4", "validfrom": "2020-09-15 13:27:00", "Subject": {"DN": "C:cn", "C": "cn"}}, "VTAndroidInfo": 2, "AndroidApplication": 1, "Package": "dim.wannenbh", "AndroidApplicationError": false, "intent-filters": {"Activities": {"com.iapp.app.logoActivity": {"action": ["android.intent.action.MAIN"], "category": ["android.intent.category.LAUNCHER"]}}}, "Main Activity": "com.iapp.app.logoActivity", "StringsInformation": ["http://schemas.android.com/apk/res/android"], "Providers": ["android.support.v4.content.FileProvider"], "AndroidVersionName": "1.0", "RiskIndicator": {"APK": {"DEX": 1, "SHARED LIBRARIES": 6}, "PERM": {"DANGEROUS": 2, "INTERNET": 1}}, "MinSdkVersion": "15", "AndroidApplicationInfo": "APK", "TargetSdkVersion": "26", "AndroguardVersion": "3.4.0a1", "Permissions": {"android.permission.READ_EXTERNAL_STORAGE": ["dangerous", "read the contents of your SD card", "Allows the app to read the contents of your SD card."], "android.permission.WRITE_EXTERNAL_STORAGE": ["dangerous", "modify or delete the contents of your SD card", "Allows the app to write to the SD card."], "android.permission.INTERNET": ["normal|ephemeral", "have full network access", "Allows the app to create\n     network sockets and use custom network protocols. The browser and other\n     applications provide means to send data to the internet, so this\n     permission is not required to send data to the internet."]}}, "magic": "Zip archive data", "compressedview": {"highest_datetime": "2020-09-15 22:27:00", "lowest_datetime": "2020-09-15 22:27:00", "num_children": 641, "extensions": {"dex": 1, "xml": 254, "MF": 1, "RSA": 1, "jpg": 1, "gif": 5, "bsh": 55, "mp3": 1, "so": 7, "ogg": 1, "SF": 1, "png": 305}, "file_types": {"DEX": 1, "XML": 253, "unknown": 64, "ELF": 6, "JPG": 3, "GIF": 4, "HTML": 4, "MP3": 1, "OGG": 1, "PNG": 304}, "type": "APK", "children": [{"datetime": "2020-09-15 22:27:00", "sha256": "5071412372fdb2339ba2b9441e0edd71982d9e20758bb75b06ade97c2b5c63d4", "type": "unknown", "filename": "META-INF/MANIFEST.MF", "size": 62793}, {"datetime": "2020-09-15 22:27:00", "sha256": "e5c5206119f685b6820a028957f9744134c37e742c13f7c36e9a920fff46360c", "type": "unknown", "filename": "META-INF/CERT.SF", "size": 62726}, {"datetime": "2020-09-15 22:27:00", "sha256": "af7127646eee10d804d44e745a53730ce03a76658933c6688044c95ffeb84a59", "type": "unknown", "filename": "META-INF/CERT.RSA", "size": 1044}, {"detection_ratio": [2, 73], "datetime": "2020-09-15 22:27:00", "filename": "AndroidManifest.xml", "sha256": "6722275e49e4e747d5ea6a65c2a7065f9585ce41a4c8d1a7ab1a2beae706bd34", "type": "XML", "size": 5408}, {"datetime": "2020-09-15 22:27:00", "sha256": "ab979376fc0ff45a44d314193a1f25c20d6ed081c88d1188108e8e20b84d6b7b", "type": "unknown", "filename": "assets/lib.so", "size": 52744}, {"datetime": "2020-09-15 22:27:00", "sha256": "1ca047aa0e246b742aa335b8f925f2b05b242b552892c5b147d5fa310765ead8", "type": "MP3", "filename": "assets/res/1.mp3", "size": 452066}, {"datetime": "2020-09-15 22:27:00", "sha256": "8c16eb09911f5613dc3cf88be6c16bed9d7862cb52069649192e3e1e3305d23d", "type": "JPG", "filename": "assets/res/tp.png", "size": 332157}, {"detection_ratio": [0, 75], "datetime": "2020-09-15 22:27:00", "filename": "bsh/commands/addClassPath.bsh", "sha256": "32ff4ec3df86149d1b76769d2c159d98cd59ad305f5905da6bddd70dc384cc5e", "type": "unknown", "size": 658}, {"detection_ratio": [0, 74], "datetime": "2020-09-15 22:27:00", "filename": "bsh/commands/bg.bsh", "sha256": "39f58d5d246abaf9fa6f3e84b9029f78c79c4c8150be5af5e4227505595d26ad", "type": "unknown", "size": 488}, {"detection_ratio": [0, 75], "datetime": "2020-09-15 22:27:00", "filename": "bsh/commands/bind.bsh", "sha256": "4975e348ba98e9f3099c56ac5e24b2052f054897ed3b96a3048149a47fea1790", "type": "unknown", "size": 209}, {"detection_ratio": [0, 75], "datetime": "2020-09-15 22:27:00", "filename": "bsh/commands/browseClass.bsh", "sha256": "fa506db74a278666b870c63a388fe8424aaf3b72e49fc8af520a3c1df65d0676", "type": "unknown", "size": 1115}, {"detection_ratio": [0, 75], "datetime": "2020-09-15 22:27:00", "filename": "bsh/commands/cat.bsh", "sha256": "4d8509356bc3eab1162444d2bfb8cf37f625f9f8520bbc29d40989745efe231b", "type": "unknown", "size": 707}, {"detection_ratio": [0, 75], "datetime": "2020-09-15 22:27:00", "filename": "bsh/commands/cd.bsh", "sha256": "86d3a4c7267cf1d7104a915565feab72b91f10dd70c09d677a7cd9fabaeb0069", "type": "unknown", "size": 388}, {"detection_ratio": [0, 75], "datetime": "2020-09-15 22:27:00", "filename": "bsh/commands/classBrowser.bsh", "sha256": "01dccce7895759005f3742422b8340d37e8e9e1a8e9c1cf02e8897bda4149dc6", "type": "unknown", "size": 1085}, {"detection_ratio": [0, 75], "datetime": "2020-09-15 22:27:00", "filename": "bsh/commands/clear.bsh", "sha256": "f18f95b34f8ca90060dffd9d4bd44759a7c8487dd29e9a0e91204b1ea28d201b", "type": "unknown", "size": 242}, {"detection_ratio": [0, 74], "datetime": "2020-09-15 22:27:00", "filename": "bsh/commands/cp.bsh", "sha256": "baebbb1f1ad8baecb534f37161bdf0baf9c86c2f8af96f2fbc1aaa01cb480d54", "type": "unknown", "size": 474}, {"detection_ratio": [0, 75], "datetime": "2020-09-15 22:27:00", "filename": "bsh/commands/debug.bsh", "sha256": "2ebdf35f6b852af869cfde596880e5b3fb50940b62cc7a77ef201fcf46a7efdd", "type": "unknown", "size": 206}, {"detection_ratio": [0, 75], "datetime": "2020-09-15 22:27:00", "filename": "bsh/commands/desktop.bsh", "sha256": "a14d55a82831455af6d14c0c87c229f8b50b6b691957fd5c409b6c9fbfe7109c", "type": "unknown", "size": 5555}, {"detection_ratio": [0, 75], "datetime": "2020-09-15 22:27:00", "filename": "bsh/commands/dirname.bsh", "sha256": "b8e5f69966356b706f4bfa324f5bbecd84580352da0fae2544823fd8839c2627", "type": "unknown", "size": 837}, {"detection_ratio": [0, 74], "datetime": "2020-09-15 22:27:00", "filename": "bsh/commands/editor.bsh", "sha256": "06acb49e9c05fe9a033e79ab313e4bd23e06e6bf032abe41c49f4cde34bddf25", "type": "unknown", "size": 1021}, {"detection_ratio": [0, 75], "datetime": "2020-09-15 22:27:00", "filename": "bsh/commands/error.bsh", "sha256": "46d860e61ef3790ca5cc3742bed852c75b7f8b74b26d9fd94144e9465bf72aa9", "type": "unknown", "size": 224}, {"detection_ratio": [0, 74], "datetime": "2020-09-15 22:27:00", "filename": "bsh/commands/eval.bsh", "sha256": "c3c311283cfab39a00222b20a8a1c82200710cc9e03eb227a9f86b0a3833de3a", "type": "unknown", "size": 1890}, {"detection_ratio": [0, 75], "datetime": "2020-09-15 22:27:00", "filename": "bsh/commands/exec.bsh", "sha256": "24bab2b9133447183c3f04437ce81fcaa44be05194ad96d4142168fba29e5c62", "type": "unknown", "size": 373}, {"detection_ratio": [0, 75], "datetime": "2020-09-15 22:27:00", "filename": "bsh/commands/exit.bsh", "sha256": "53fbd3d227015803c2890cc934a1f7edd52d960c074eea2e00b62be96727788a", "type": "unknown", "size": 255}, {"detection_ratio": [0, 75], "datetime": "2020-09-15 22:27:00", "filename": "bsh/commands/extend.bsh", "sha256": "737d4aacfdc134dbfec6724f12759df49a32906edd541d6ddacf836032894963", "type": "unknown", "size": 1012}, {"detection_ratio": [0, 76], "datetime": "2020-09-15 22:27:00", "filename": "bsh/commands/fontMenu.bsh", "sha256": "0822b4b166698e65a651b3485aa8e2a29eec4fb6c1def5e237e64dc9e00bb37c", "type": "unknown", "size": 1990}, {"detection_ratio": [0, 75], "datetime": "2020-09-15 22:27:00", "filename": "bsh/commands/frame.bsh", "sha256": "86071c1e2474743c0dbaf3de827bfbffaac9d39696a9655f39b461870bdc2c41", "type": "unknown", "size": 1466}, {"detection_ratio": [0, 75], "datetime": "2020-09-15 22:27:00", "filename": "bsh/commands/getBshPrompt.bsh", "sha256": "174218ca0fc815ac290125642bd434c3489d6f608ac224fb8dfc1f1f0dd8061a", "type": "unknown", "size": 532}, {"detection_ratio": [0, 74], "datetime": "2020-09-15 22:27:00", "filename": "bsh/commands/getClass.bsh", "sha256": "10a0af79b11628fbd69d27a20022f74a3f8439e04bd7dd2a686ca9c969bd0220", "type": "unknown", "size": 641}, {"detection_ratio": [0, 75], "datetime": "2020-09-15 22:27:00", "filename": "bsh/commands/getClassPath.bsh", "sha256": "f185cb27dab3c4d1ce8dcb13ff8a1c873f8e9092257fdb5146136f9b2ac3c85e", "type": "unknown", "size": 325}, {"detection_ratio": [0, 75], "datetime": "2020-09-15 22:27:00", "filename": "bsh/commands/getResource.bsh", "sha256": "66e6c16a8cfaef81181f33fadf154f6d2dbecdba235f5d85786cb9cc2deea71f", "type": "unknown", "size": 353}, {"detection_ratio": [0, 75], "datetime": "2020-09-15 22:27:00", "filename": "bsh/commands/getSourceFileInfo.bsh", "sha256": "aea2365c0330e952dc008733471a139d3a51d8acd8826957ca4846195ebd50f4", "type": "unknown", "size": 1172}, {"detection_ratio": [0, 75], "datetime": "2020-09-15 22:27:00", "filename": "bsh/commands/importCommands.bsh", "sha256": "ee1191556b36ca5ca0c88a50aba669e3e6d501142d12e7ae64a2d42dc936de09", "type": "unknown", "size": 1051}, {"detection_ratio": [0, 75], "datetime": "2020-09-15 22:27:00", "filename": "bsh/commands/importObject.bsh", "sha256": "665ac475425c197267b2b0dd0a8d06ad2a6848bd63bb082dbee757e69eabd4a9", "type": "unknown", "size": 543}, {"detection_ratio": [0, 75], "datetime": "2020-09-15 22:27:00", "filename": "bsh/commands/javap.bsh", "sha256": "42183fcc3855f35720eebd6d70c8cf32934d839b3582029c0a2fc8a6b3ffe74a", "type": "unknown", "size": 1734}, {"detection_ratio": [0, 75], "datetime": "2020-09-15 22:27:00", "filename": "bsh/commands/load.bsh", "sha256": "067702daac4d8a4ba12719b126816f5120f76b0ed631186c1a53ca80e255d04a", "type": "unknown", "size": 2297}, {"detection_ratio": [0, 76], "datetime": "2020-09-15 22:27:00", "filename": "bsh/commands/makeWorkspace.bsh", "sha256": "f060c27d139e43a50c8679815c5ecc5e253ad37701341255f490ee928826a144", "type": "unknown", "size": 3367}, {"detection_ratio": [0, 75], "datetime": "2020-09-15 22:27:00", "filename": "bsh/commands/mv.bsh", "sha256": "e3f9bc53d01b5a486a234710669ebdf74deede9d7f9b67a0ee23d12be14159f0", "type": "unknown", "size": 228}, {"detection_ratio": [0, 75], "datetime": "2020-09-15 22:27:00", "filename": "bsh/commands/object.bsh", "sha256": "0a6243fe0667d5f8111a00a30f80e734dc1c0d6ab1faa08252335fdfba578f14", "type": "unknown", "size": 283}, {"detection_ratio": [0, 76], "datetime": "2020-09-15 22:27:00", "filename": "bsh/commands/pathToFile.bsh", "sha256": "9612dea593476d86091d3a8a4092e9d2263caf2937802126b4c40a51a9356b5d", "type": "unknown", "size": 289}, {"detection_ratio": [0, 75], "datetime": "2020-09-15 22:27:00", "filename": "bsh/commands/print.bsh", "sha256": "c035fa97d4f605d0136452b5e24bfebeeaaae30757a3ed99925818d69bb0de4d", "type": "unknown", "size": 1500}, {"detection_ratio": [0, 74], "datetime": "2020-09-15 22:27:00", "filename": "bsh/commands/printBanner.bsh", "sha256": "dc7c0973a54d9b0bff89e01b5e0bc68354952c21c0f497fef770029fd4b4a7cd", "type": "unknown", "size": 867}, {"detection_ratio": [0, 75], "datetime": "2020-09-15 22:27:00", "filename": "bsh/commands/pwd.bsh", "sha256": "ebeb407ca83488b0935687fb06b11ddb16554151a4a7da6bfbbda8aebfc4ae75", "type": "unknown", "size": 138}, {"detection_ratio": [0, 75], "datetime": "2020-09-15 22:27:00", "filename": "bsh/commands/reloadClasses.bsh", "sha256": "c59dd4742663934d23b71f0f8242d1cd8e658287b9a313affc66e84844a176de", "type": "unknown", "size": 1113}, {"detection_ratio": [0, 75], "datetime": "2020-09-15 22:27:00", "filename": "bsh/commands/rm.bsh", "sha256": "d81ce7fb8f9f2a247f39d406d5bcd2710b9f0a142e7f9c73e30ae19ba52d895f", "type": "unknown", "size": 353}, {"detection_ratio": [0, 75], "datetime": "2020-09-15 22:27:00", "filename": "bsh/commands/run.bsh", "sha256": "58d9bf736c39360ed574015982ac9e81e961b38a1ad1854460d8c2cc092af9fa", "type": "unknown", "size": 2176}, {"detection_ratio": [0, 76], "datetime": "2020-09-15 22:27:00", "filename": "bsh/commands/save.bsh", "sha256": "2cc0ec7cad1a7d5d3942d1cecdabdaf03526ef9b47ef7dc35bda51d8e31260ec", "type": "unknown", "size": 847}, {"detection_ratio": [0, 75], "datetime": "2020-09-15 22:27:00", "filename": "bsh/commands/server.bsh", "sha256": "1ed64a0fdc0fb000d92d8fba16ad93e1dcb65422604dcf573266d251200d11ac", "type": "unknown", "size": 441}, {"detection_ratio": [0, 75], "datetime": "2020-09-15 22:27:00", "filename": "bsh/commands/setAccessibility.bsh", "sha256": "404425c2490b61407e38ad406fe611b14df76d8f649d112e73688a845cf73b21", "type": "unknown", "size": 190}, {"detection_ratio": [0, 75], "datetime": "2020-09-15 22:27:00", "filename": "bsh/commands/setClassPath.bsh", "sha256": "d7f99b32180e01ed6162454e0c9b8bbae2d413fa03e0e55ac4af57f5f771a08f", "type": "unknown", "size": 321}, {"detection_ratio": [0, 75], "datetime": "2020-09-15 22:27:00", "filename": "bsh/commands/setFont.bsh", "sha256": "14e5e04ae2c227316973ff975c3abb88868b745d0b6f3ff23c2051be9c7c6f6a", "type": "unknown", "size": 655}, {"detection_ratio": [0, 76], "datetime": "2020-09-15 22:27:00", "filename": "bsh/commands/setNameCompletion.bsh", "sha256": "5c0d149febc1137b8044f773c07ef34e499895e6de15ce22ef4aa45950f96a44", "type": "unknown", "size": 618}, {"detection_ratio": [0, 75], "datetime": "2020-09-15 22:27:00", "filename": "bsh/commands/setNameSpace.bsh", "sha256": "dddf3a51109ec2e381df5aea1ab1c48ddfa1aa386e9f982e6439d3e61cdaa4d5", "type": "unknown", "size": 905}, {"detection_ratio": [0, 75], "datetime": "2020-09-15 22:27:00", "filename": "bsh/commands/setStrictJava.bsh", "sha256": "fa2663949db0be38662aebabcc25b26653fa8b2fa42a2019b0660e03a8b7a14f", "type": "unknown", "size": 755}, {"detection_ratio": [0, 74], "datetime": "2020-09-15 22:27:00", "filename": "bsh/commands/show.bsh", "sha256": "22a052e8464f7abdbeddf57dd23ce504249283c134957a5b50e4f2714c55a3d7", "type": "unknown", "size": 309}, {"detection_ratio": [0, 75], "datetime": "2020-09-15 22:27:00", "filename": "bsh/commands/source.bsh", "sha256": "a165c3f647cc89951566c29492ce487a5fd1613e4ddefcadea4b2cf7d10f39ad", "type": "unknown", "size": 705}, {"detection_ratio": [0, 74], "datetime": "2020-09-15 22:27:00", "filename": "bsh/commands/sourceRelative.bsh", "sha256": "ad5124e7fb20df2185b493b21c0329b2b0f93fc743d206fe402c96021193fb14", "type": "unknown", "size": 632}, {"detection_ratio": [0, 75], "datetime": "2020-09-15 22:27:00", "filename": "bsh/commands/thinBorder.bsh", "sha256": "f51f32c20890f7219c0dfa78303104f90e58db9b475eb5b15b4197204e7010e5", "type": "unknown", "size": 2071}, {"detection_ratio": [0, 74], "datetime": "2020-09-15 22:27:00", "filename": "bsh/commands/unset.bsh", "sha256": "97f6cd2a58ab96898aec9c53f5df930d74f74639117c3bb90fa2347b20293223", "type": "unknown", "size": 387}, {"detection_ratio": [0, 75], "datetime": "2020-09-15 22:27:00", "filename": "bsh/commands/which.bsh", "sha256": "d2ee44f55126421f7491a5e870ca2e7b9e0e2a055476ff135940ac51ba65fbc3", "type": "unknown", "size": 1228}, {"detection_ratio": [0, 75], "datetime": "2020-09-15 22:27:00", "filename": "bsh/commands/workspaceEditor.bsh", "sha256": "5b68e4d6df56e06c9277e054acab5fc3a02f843eb47a2519d3593677c8fb5fca", "type": "unknown", "size": 3156}, {"detection_ratio": [0, 75], "datetime": "2020-09-15 22:27:00", "filename": "bsh/servlet/error.template", "sha256": "cbb1e273d599844b7fd80c51a1e3efd7d079f32d8eee6ca3545fe5ca2ea1fdc5", "type": "unknown", "size": 152}, {"detection_ratio": [0, 74], "datetime": "2020-09-15 22:27:00", "filename": "bsh/servlet/getVersion.bsh", "sha256": "9bd724956a6eb60389198f2422e0e6d46ac96ce5bd69fe2ed3e5d31f8f6e1c59", "type": "unknown", "size": 515}, {"detection_ratio": [0, 75], "datetime": "2020-09-15 22:27:00", "filename": "bsh/servlet/page.template", "sha256": "5eddbcbb3ef439e4c4d215a02140a53f5189f29bd6e9223190882bf4fccb906b", "type": "HTML", "size": 595}, {"detection_ratio": [0, 75], "datetime": "2020-09-15 22:27:00", "filename": "bsh/servlet/result.template", "sha256": "a8f22812a8f71aa0241e990d3ccf5f5bd996ef155128b8e411eb8c67137eeb9a", "type": "unknown", "size": 223}, {"detection_ratio": [0, 75], "datetime": "2020-09-15 22:27:00", "filename": "bsh/util/lib/awtconsole.html", "sha256": "9d9df98a822644eab9b16cd15a5eb68e3d5237dbb626fffcdc471ac3268df84f", "type": "HTML", "size": 505}, {"detection_ratio": [0, 75], "datetime": "2020-09-15 22:27:00", "filename": "bsh/util/lib/eye.jpg", "sha256": "8915539515beeb419b86cebf4a9ccd74c99911724d6c6893447da367ec134720", "type": "JPG", "size": 2127}, {"detection_ratio": [0, 75], "datetime": "2020-09-15 22:27:00", "filename": "bsh/util/lib/icon.gif", "sha256": "3c638648e72fe111d9a5e4143bd9554c6818b240ed566d74a953800bfe960e26", "type": "GIF", "size": 1018}, {"detection_ratio": [0, 74], "datetime": "2020-09-15 22:27:00", "filename": "bsh/util/lib/jconsole.html", "sha256": "39a21eef3e856d89f7772813f5b17b3634d02fadec937e5cb49e76ebe856d311", "type": "HTML", "size": 1971}, {"detection_ratio": [0, 75], "datetime": "2020-09-15 22:27:00", "filename": "bsh/util/lib/remote.html", "sha256": "e1f4ac1cc4d6669db40886a8f82bea93607b610f4c04f080e47b8c975e36eacd", "type": "HTML", "size": 1226}, {"detection_ratio": [0, 75], "datetime": "2020-09-15 22:27:00", "filename": "bsh/util/lib/script.gif", "sha256": "3d35b08984055918883d830ae3415df9433299f90907e4808cf28229db2bc314", "type": "GIF", "size": 332}, {"detection_ratio": [0, 74], "datetime": "2020-09-15 22:27:00", "filename": "bsh/util/lib/small_bean_shell.gif", "sha256": "5f9c85612d98047edcff19bca505a3abd7f4b459918e54c542ab5d4e92f76b69", "type": "GIF", "size": 1533}, {"detection_ratio": [0, 75], "datetime": "2020-09-15 22:27:00", "filename": "bsh/util/lib/splash.gif", "sha256": "f55d671613a1d91403b8e2a76735ae00a5351f3a4d1aebfe35d5141824c4536c", "type": "JPG", "size": 7133}, {"detection_ratio": [0, 75], "datetime": "2020-09-15 22:27:00", "filename": "bsh/util/lib/workspace.gif", "sha256": "4ec889a3601bbf5f86b86dd22857e0af06a0898fdc96262bc6882cfd0c698a8e", "type": "GIF", "size": 599}, {"detection_ratio": [26, 74], "datetime": "2020-09-15 22:27:00", "filename": "classes.dex", "sha256": "312c95c55600e931177f62e71a4ab93e46d3c6079c71c99d690934bb65d61493", "type": "DEX", "size": 3983596}, {"detection_ratio": [0, 73], "datetime": "2020-09-15 22:27:00", "filename": "lib/armeabi-v7a/libluajava.so", "sha256": "e4f207de4d4b767b58a69c62a991b8aeecd6dce3d898a34b8dae161bb20550c7", "type": "ELF", "size": 137776}, {"detection_ratio": [0, 76], "datetime": "2020-09-15 22:27:00", "filename": "lib/armeabi-v7a/libpl_droidsonroids_gif.so", "sha256": "8a77b843cc89a03026ccacc8e9a1a118ee77e1092e4fea33d9ca08b5c3325c4c", "type": "ELF", "size": 34480}, {"detection_ratio": [0, 72], "datetime": "2020-09-15 22:27:00", "filename": "lib/armeabi-v7a/libygsiyu.so", "sha256": "6c43e4d847d107201e2dbd28a399de5029369ccd7555d3a811689f122e1b3987", "type": "ELF", "size": 42176}, {"detection_ratio": [0, 72], "datetime": "2020-09-15 22:27:00", "filename": "lib/x86/libluajava.so", "sha256": "69ac4e3dc9b21ab86eeb7903150bbe13e490a5a64fb0e3ff08970bac317232e0", "type": "ELF", "size": 276988}, {"detection_ratio": [0, 74], "datetime": "2020-09-15 22:27:00", "filename": "lib/x86/libpl_droidsonroids_gif.so", "sha256": "828e480e783dbf9f693eff25df8e05bc4f989d87aecc434f5b9cbd15ed83866d", "type": "ELF", "size": 42612}, {"detection_ratio": [0, 75], "datetime": "2020-09-15 22:27:00", "filename": "lib/x86/libygsiyu.so", "sha256": "7338326537f01e8c7ad5d162fb1372343fa77fd18cadf3b7b5ea19d82d3eb3ff", "type": "ELF", "size": 58452}, {"detection_ratio": [0, 73], "datetime": "2020-09-15 22:27:00", "filename": "res/anim-v21/design_bottom_sheet_slide_in.xml", "sha256": "59ef866d33ed377f1f8e0e1b302b111c92c01d31daab9365626e7326530de9e7", "type": "XML", "size": 616}, {"detection_ratio": [0, 73], "datetime": "2020-09-15 22:27:00", "filename": "res/anim-v21/design_bottom_sheet_slide_out.xml", "sha256": "9bfb9d1798832957fc2e17b8a68edc95489779958ebe916dd0614c4748f5049b", "type": "XML", "size": 616}, {"detection_ratio": [0, 73], "datetime": "2020-09-15 22:27:00", "filename": "res/anim/abc_fade_in.xml", "sha256": "1ca9afbfad5bfdd0aef8179a31ada006ad6d32274ad6c1bd3c76e06a424069af", "type": "XML", "size": 388}, {"detection_ratio": [0, 73], "datetime": "2020-09-15 22:27:00", "filename": "res/anim/abc_fade_out.xml", "sha256": "7722a3c50c11219dadc25702683dcdf97b421dc29df34e813ba7315a8dfaaa1d", "type": "XML", "size": 388}, {"detection_ratio": [0, 73], "datetime": "2020-09-15 22:27:00", "filename": "res/anim/abc_grow_fade_in_from_bottom.xml", "sha256": "53fda89f9290d56836fa072c2c558cd55429365f4e6a971d692bb60233c45720", "type": "XML", "size": 852}, {"detection_ratio": [0, 73], "datetime": "2020-09-15 22:27:00", "filename": "res/anim/abc_popup_enter.xml", "sha256": "b7214a13f566e887088a8e3dc59d0529662c1925a7d368143b9c9ed14a609bf6", "type": "XML", "size": 508}, {"detection_ratio": [0, 73], "datetime": "2020-09-15 22:27:00", "filename": "res/anim/abc_popup_exit.xml", "sha256": "bd4cd6ede1af3106b6061ae46a06294d26f10951413d7541ae585627a07596c7", "type": "XML", "size": 508}, {"detection_ratio": [0, 73], "datetime": "2020-09-15 22:27:00", "filename": "res/anim/abc_shrink_fade_out_from_bottom.xml", "sha256": "cf0a43dae215b60188b0bbf2d961239085fcecda70df39c1ed168d9ece66ab3d", "type": "XML", "size": 852}, {"detection_ratio": [0, 73], "datetime": "2020-09-15 22:27:00", "filename": "res/anim/abc_slide_in_bottom.xml", "sha256": "744b4d77cb05790c27dc071979477d45e4eb6104490ddbced13ccc39f19e450f", "type": "XML", "size": 396}, {"detection_ratio": [0, 73], "datetime": "2020-09-15 22:27:00", "filename": "res/anim/abc_slide_in_top.xml", "sha256": "9031dd3dfd6c05cac3a2b301535e0407e01588d9e3ed848a5048a19923d1c5ea", "type": "XML", "size": 396}, {"detection_ratio": [0, 73], "datetime": "2020-09-15 22:27:00", "filename": "res/anim/abc_slide_out_bottom.xml", "sha256": "77e54d612c362c251b9a87fba15e1451bc1fc666bd25d1a5354912545269571a", "type": "XML", "size": 396}, {"detection_ratio": [0, 73], "datetime": "2020-09-15 22:27:00", "filename": "res/anim/abc_slide_out_top.xml", "sha256": "f68a823b57ce01867f086d225069b6674e638961e68c0804edeedbbec0f58719", "type": "XML", "size": 396}, {"detection_ratio": [0, 73], "datetime": "2020-09-15 22:27:00", "filename": "res/anim/design_bottom_sheet_slide_in.xml", "sha256": "1ecefa8c945dea8953c3fa6133f8d3f5617361b28cc552653f772cbd997c41bc", "type": "XML", "size": 616}, {"detection_ratio": [0, 73], "datetime": "2020-09-15 22:27:00", "filename": "res/anim/design_bottom_sheet_slide_out.xml", "sha256": "71152fff1fe3799759f37da7dde4fb640b434d209eaa93ad9e15e49685edcf92", "type": "XML", "size": 616}, {"detection_ratio": [0, 73], "datetime": "2020-09-15 22:27:00", "filename": "res/anim/design_snackbar_in.xml", "sha256": "5e49b1ab4430e361247b493c1fa1a5a2fc75d9411bcd243b60c0bfc86bc4b89c", "type": "XML", "size": 312}, {"detection_ratio": [0, 73], "datetime": "2020-09-15 22:27:00", "filename": "res/anim/design_snackbar_out.xml", "sha256": "3ded1769049e3a3377c419ca54f385b4a3946b42db0b36fc1ecc65a8b5816dd8", "type": "XML", "size": 312}, {"detection_ratio": [0, 72], "datetime": "2020-09-15 22:27:00", "filename": "res/anim/fade.xml", "sha256": "b7d3b4600f06edd99381532b6251ce1b94eb4e4b8639f749b6ed9befec240768", "type": "XML", "size": 388}, {"detection_ratio": [0, 71], "datetime": "2020-09-15 22:27:00", "filename": "res/anim/hold.xml", "sha256": "f22b5c915cab6e7177201fdfaa99f16fa51c19d79767b31c5c6b54402cc97119", "type": "XML", "size": 396}], "uncompressed_size": 6520028}}, "size": 3421363, "authentihash": null, "times_submitted": 1, "harmless_votes": 0, "malicious_votes": 0, "sha256": "c5612f1dbb9888bcf4f4af2c7abd787d26c39bb377255748958cba195099119e", "type": "Android", "scans": {"Bkav": {"detected": false, "version": "1.3.0.9899", "result": null, "update": "20211102"}, "Lionic": {"detected": true, "version": "4.2", "result": "Riskware.AndroidOS.Dnotua.z!c", "update": "20211103"}, "Elastic": {"detected": false, "version": "4.0.29", "result": null, "update": "20211005"}, "Cynet": {"detected": true, "version": "4.0.0.27", "result": "Malicious (score: 99)", "update": "20211103"}, "CMC": {"detected": false, "version": "2.10.2019.1", "result": null, "update": "20211026"}, "CAT-QuickHeal": {"detected": true, "version": "14.00", "result": "Android.Agent.GEN1478", "update": "20211103"}, "McAfee": {"detected": true, "version": "6.0.6.653", "result": "Artemis!433E1FBFF2F2", "update": "20211103"}, "ALYac": {"detected": false, "version": "1.1.3.1", "result": null, "update": "20211103"}, "Malwarebytes": {"detected": false, "version": "4.2.2.27", "result": null, "update": "20211103"}, "VIPRE": {"detected": false, "version": "96678", "result": null, "update": "20211103"}, "Sangfor": {"detected": true, "version": "2.9.0.0", "result": "Malware.Android-Script.Save.a90dccf5", "update": "20210930"}, "K7AntiVirus": {"detected": false, "version": "11.225.39131", "result": null, "update": "20211103"}, "BitDefender": {"detected": false, "version": "7.2", "result": null, "update": "20211103"}, "K7GW": {"detected": true, "version": "11.225.39131", "result": "Trojan ( 0054e5061 )", "update": "20211103"}, "Trustlook": {"detected": true, "version": "1.0", "result": "Android.Malware.General (score:4)", "update": "20211103"}, "Arcabit": {"detected": false, "version": "1.0.0.886", "result": null, "update": "20211103"}, "Baidu": {"detected": false, "version": "1.0.0.2", "result": null, "update": "20190318"}, "Cyren": {"detected": true, "version": "6.3.0.2", "result": "AndroidOS/Clicker.I.gen!Eldorado", "update": "20211103"}, "SymantecMobileInsight": {"detected": true, "version": "2.0", "result": "Other:Android.Reputation.1", "update": "20210126"}, "Symantec": {"detected": true, "version": "1.16.0.0", "result": "Trojan.Gen.MBT", "update": "20211103"}, "ESET-NOD32": {"detected": true, "version": "24229", "result": "a variant of Android/Clicker.KN", "update": "20211103"}, "TrendMicro-HouseCall": {"detected": false, "version": "10.0.0.1040", "result": null, "update": "20211101"}, "Avast": {"detected": true, "version": "21.1.5827.0", "result": "Android:Agent-QEL [PUP]", "update": "20211103"}, "ClamAV": {"detected": false, "version": "0.104.0.0", "result": null, "update": "20211102"}, "Kaspersky": {"detected": true, "version": "21.0.1.45", "result": "not-a-virus:HEUR:RiskTool.AndroidOS.Dnotua.bbsx", "update": "20211103"}, "Alibaba": {"detected": false, "version": "0.3.0.5", "result": null, "update": "20190527"}, "NANO-Antivirus": {"detected": true, "version": "1.0.146.25370", "result": "Trojan.Android.Locker.iahmyi", "update": "20211103"}, "SUPERAntiSpyware": {"detected": false, "version": "5.6.0.1032", "result": null, "update": "20211030"}, "MicroWorld-eScan": {"detected": false, "version": "14.0.409.0", "result": null, "update": "20211103"}, "Rising": {"detected": false, "version": "25.0.0.26", "result": null, "update": "20211103"}, "Ad-Aware": {"detected": false, "version": "3.0.21.193", "result": null, "update": "20211103"}, "Emsisoft": {"detected": false, "version": "2021.5.0.7597", "result": null, "update": "20211103"}, "Comodo": {"detected": false, "version": "34044", "result": null, "update": "20211102"}, "F-Secure": {"detected": false, "version": "12.0.86.52", "result": null, "update": "20211103"}, "DrWeb": {"detected": true, "version": "7.0.52.8270", "result": "Android.Locker.1274.origin", "update": "20211103"}, "Zillya": {"detected": false, "version": "2.0.0.4487", "result": null, "update": "20211102"}, "TrendMicro": {"detected": false, "version": "11.0.0.1006", "result": null, "update": "20211103"}, "McAfee-GW-Edition": {"detected": true, "version": "v2019.1.2+3728", "result": "Artemis", "update": "20211102"}, "FireEye": {"detected": false, "version": "32.44.1.0", "result": null, "update": "20211103"}, "Sophos": {"detected": true, "version": "1.4.1.0", "result": "Andr/Xgen-ATJ", "update": "20211103"}, "Ikarus": {"detected": true, "version": "0.1.5.2", "result": "Trojan.AndroidOS.Clicker", "update": "20211102"}, "Avast-Mobile": {"detected": true, "version": "211102-00", "result": "Android:Evo-gen [Trj]", "update": "20211102"}, "Jiangmin": {"detected": true, "version": "16.0.100", "result": "RiskTool.AndroidOS.jhxj", "update": "20211102"}, "Avira": {"detected": true, "version": "8.3.3.12", "result": "ANDROID/Clicker.PAG.Gen", "update": "20211103"}, "Antiy-AVL": {"detected": true, "version": "3.0.0.1", "result": "Trojan/Generic.ASMalwAD.32", "update": "20211103"}, "Kingsoft": {"detected": false, "version": "2017.9.26.565", "result": null, "update": "20211103"}, "Gridinsoft": {"detected": false, "version": "1.0.60.158", "result": null, "update": "20211103"}, "Microsoft": {"detected": true, "version": "1.1.18700.4", "result": "Trojan:AndroidOS/Clicker.B!MTB", "update": "20211103"}, "ViRobot": {"detected": false, "version": "2014.3.20.0", "result": null, "update": "20211103"}, "ZoneAlarm": {"detected": false, "version": "1.0", "result": null, "update": "20211102"}, "GData": {"detected": false, "version": "A:25.31229B:27.25015", "result": null, "update": "20211103"}, "BitDefenderFalx": {"detected": true, "version": "2.0.936", "result": "Android.Riskware.Drolock.BT", "update": "20210610"}, "AhnLab-V3": {"detected": true, "version": "3.21.1.10219", "result": "PUP/Android.Agent.837296", "update": "20211103"}, "BitDefenderTheta": {"detected": false, "version": "7.2.37796.0", "result": null, "update": "20211021"}, "TACHYON": {"detected": false, "version": "2021-11-03.02", "result": null, "update": "20211103"}, "VBA32": {"detected": false, "version": "5.0.0", "result": null, "update": "20211102"}, "Zoner": {"detected": false, "version": "0.0.0.0", "result": null, "update": "20211102"}, "Tencent": {"detected": true, "version": "1.0.0.1", "result": "a.rogue.funnyjoke", "update": "20211103"}, "Yandex": {"detected": false, "version": "5.5.2.24", "result": null, "update": "20211103"}, "MAX": {"detected": false, "version": "2019.9.16.1", "result": null, "update": "20211103"}, "MaxSecure": {"detected": false, "version": "1.0.0.1", "result": null, "update": "20211102"}, "Fortinet": {"detected": true, "version": "6.2.142.0", "result": "Android/Clicker.JV!tr", "update": "20211103"}, "AVG": {"detected": true, "version": "21.1.5827.0", "result": "Android:Agent-QEL [PUP]", "update": "20211103"}, "Panda": {"detected": false, "version": "4.6.4.2", "result": null, "update": "20211102"}}, "tags": ["apk", "android", "contains-elf"], "scan_id": "c5612f1dbb9888bcf4f4af2c7abd787d26c39bb377255748958cba195099119e-1635928743", "unique_sources": 1, "positives": 28, "ssdeep": "49152:BGVgIGem7WCI0VN8E7QqbJ7FuWsnSSsvNQBzM8xi0BbtnCfZfA4z/dI/IcBWngM/:BT7xYE7QgI41Ofi0fChY4z11gM1R", "md5": "433e1fbff2f247f79092c18d78deccb9", "permalink": "https://www.virustotal.com/gui/file/c5612f1dbb9888bcf4f4af2c7abd787d26c39bb377255748958cba195099119e/detection/f-c5612f1dbb9888bcf4f4af2c7abd787d26c39bb377255748958cba195099119e-1635928743", "sha1": "75e265d5c60a6484af4e340e88e9893bbfee9517", "submission": {"submitter_region": "on", "date": "2021-11-03 08:39:03", "submitter_country": "CA", "filename": "433e1fbff2f247f79092c18d78deccb9.virus"}, "response_code": 1, "community_reputation": 0, "verbose_msg": "Scan finished, information embedded", "ITW_urls": [], "last_seen": "2021-11-03 08:39:03"}