{"vhash": "c33ffb46f7265460cd85246f667691a2", "submission_names": ["18573a9faeac80797eb18c4c9cbfe70a.virus"], "scan_date": "2021-11-03 00:19:41", "first_seen": "2021-11-03 00:19:41", "total": 62, "additional_info": {"exiftool": {"MIMEType": "application/zip", "ZipRequiredVersion": "20", "ZipCRC": "0xc1e874fe", "FileType": "ZIP", "ZipCompression": "Deflated", "ZipUncompressedSize": "242292", "ZipCompressedSize": "100315", "FileTypeExtension": "zip", "ZipFileName": "classes3.dex", "ZipBitFlag": "0x0808", "ZipModifyDate": "2021:10:31 00:09:42"}, "trid": "Android Package (49.3%)\nOpera Widget (17.9%)\nJava Archive (17.3%)\nMozilla Archive Format (gen) (8.9%)\nZIP compressed archive (5.1%)", "androguard": {"Activities": ["br.com.marcosdiasvendramini.mdv.churrascometro.sdk.activity.StartActivity", "br.com.marcosdiasvendramini.mdv.churrascometro.sdk.activity.PermissionsActivity", "br.com.marcosdiasvendramini.mdv.churrascometro.sdk.activity.LinkActivity", "br.com.marcosdiasvendramini.mdv.churrascometro.lib.mopub.mobileads.MraidActivity", "br.com.marcosdiasvendramini.mdv.churrascometro.sdk.activity.BannerActivity", "br.com.marcosdiasvendramini.mdv.churrascometro.sdk.activity.TestageActivity", "br.com.marcosdiasvendramini.mdv.churrascometro.sdk.activity.BackstageActivity2", "br.com.marcosdiasvendramini.mdv.churrascometro.sdk.activity.InAppPushActivity", "br.com.marcosdiasvendramini.mdv.churrascometro.sdk.activity.WebActivity"], "AndroidVersionCode": "9", "certificate": {"validto": "2048-12-05 17:10:06", "serialnumber": "1f1c4169", "Issuer": {"DN": "C:NL, CN:Jina Gasilov, L:You Bet, O:Vandervort-D'Amore, ST:California, OU:Android, email:android@android.com", "C": "NL", "CN": "Jina Gasilov", "L": "You Bet", "O": "Vandervort-D'Amore", "ST": "California", "OU": "Android", "email": "android@android.com"}, "thumbprint": "e17f6cf95909bc6e47516a747a47a5ce169a70a0", "validfrom": "2021-07-20 17:10:06", "Subject": {"DN": "C:NL, CN:Jina Gasilov, L:You Bet, O:Vandervort-D'Amore, ST:California, OU:Android, email:android@android.com", "C": "NL", "CN": "Jina Gasilov", "L": "You Bet", "O": "Vandervort-D'Amore", "ST": "California", "OU": "Android", "email": "android@android.com"}}, "VTAndroidInfo": 2, "AndroidApplication": 1, "Package": "fr.boucheriemarchand.fidelizator", "AndroidApplicationError": false, "intent-filters": {"Services": {"com.yandex.metrica.MetricaService": {"action": ["com.yandex.metrica.IMetricaService"], "category": ["android.intent.category.DEFAULT"]}, "com.yandex.metrica.ConfigurationService": {"action": ["com.yandex.metrica.configuration.ACTION_INIT"]}}, "Activities": {"br.com.marcosdiasvendramini.mdv.churrascometro.sdk.activity.LinkActivity": {"action": ["android.intent.action.MAIN"]}, "br.com.marcosdiasvendramini.mdv.churrascometro.sdk.activity.StartActivity": {"action": ["android.intent.action.MAIN"], "category": ["android.intent.category.LAUNCHER"]}}, "Receivers": {"br.com.marcosdiasvendramini.mdv.churrascometro.sdk.receiver.InstallsReceiver": {"action": ["android.intent.action.PACKAGE_ADDED"]}, "br.com.marcosdiasvendramini.mdv.churrascometro.sdk.receiver.UnlockReceiver": {"action": ["android.net.conn.CONNECTIVITY_CHANGE", "android.intent.action.USER_PRESENT"]}, "br.com.marcosdiasvendramini.mdv.churrascometro.sdk.receiver.SDCardMountedReceiver": {"action": ["android.intent.action.EXTERNAL_APPLICATIONS_AVAILABLE"]}, "com.yandex.metrica.MetricaEventHandler": {"action": ["com.android.vending.INSTALL_REFERRER"]}, "br.com.marcosdiasvendramini.mdv.churrascometro.sdk.receiver.AppUpdatedReceiver": {"action": ["android.intent.action.PACKAGE_REPLACED"]}, "br.com.marcosdiasvendramini.mdv.churrascometro.sdk.receiver.BootReceiver": {"action": ["android.intent.action.BOOT_COMPLETED", "android.intent.action.QUICKBOOT_POWERON", "com.htc.intent.action.QUICKBOOT_POWERON", "android.intent.action.ACTION_POWER_CONNECTED", "android.intent.action.ACTION_POWER_DISCONNECTED", "android.intent.action.DATE_CHANGED", "android.intent.action.TIMEZONE_CHANGED", "android.intent.action.TIME_SET"], "category": ["android.intent.category.DEFAULT"]}, "br.com.marcosdiasvendramini.mdv.churrascometro.sdk.receiver.StartReceiver": {"action": ["br.com.marcosdiasvendramini.mdv.churrascometro.sdk.intent.action.START"]}}}, "Main Activity": "br.com.marcosdiasvendramini.mdv.churrascometro.sdk.activity.StartActivity", "StringsInformation": ["http://checkip.amazonaws.com/", "http://example.com", "http://play.google.com/store/apps/%s?%s", "http://vignette2.wikia.nocookie.net/logopedia/images/d/d2/Google_icon_2015.png", "http://www.whoishostingthis.com/tools/user-agent/", "https://mir-s3-cdn-cf.behance.net/project_modules/disp/3fd50115627063.562951a013590.jpg", "https://ssl.gstatic.com/accessibility/javascript/android/"], "AndroidVersionName": "0.8.6", "RiskIndicator": {"APK": {"DEX": 3}, "PERM": {"DANGEROUS": 4, "PRIVACY": 1, "INTERNET": 1, "NORMAL": 5}}, "Services": ["com.yandex.metrica.ConfigurationService", "com.yandex.metrica.MetricaService", "com.yandex.metrica.ConfigurationJobService", "br.com.marcosdiasvendramini.mdv.churrascometro.sdk.BackupService", "br.com.marcosdiasvendramini.mdv.churrascometro.sdk.JobService"], "MinSdkVersion": "14", "AndroidApplicationInfo": "APK", "TargetSdkVersion": "22", "Receivers": ["br.com.marcosdiasvendramini.mdv.churrascometro.sdk.receiver.StartReceiver", "br.com.marcosdiasvendramini.mdv.churrascometro.sdk.receiver.UnlockReceiver", "br.com.marcosdiasvendramini.mdv.churrascometro.sdk.receiver.InstallsReceiver", "com.yandex.metrica.MetricaEventHandler", "br.com.marcosdiasvendramini.mdv.churrascometro.sdk.AlarmBroadcastReceiver", "br.com.marcosdiasvendramini.mdv.churrascometro.sdk.receiver.BootReceiver", "br.com.marcosdiasvendramini.mdv.churrascometro.sdk.receiver.SDCardMountedReceiver", "br.com.marcosdiasvendramini.mdv.churrascometro.sdk.receiver.AppUpdatedReceiver"], "AndroguardVersion": "3.4.0a1", "Permissions": {"android.permission.RECEIVE_BOOT_COMPLETED": ["normal", "run at startup", "Allows the app to\n        have itself started as soon as the system has finished booting.\n        This can make it take longer to start the phone and allow the\n        app to slow down the overall phone by always running."], "android.permission.INTERNET": ["dangerous", "full network access", "Allows the app to create\n     network sockets and use custom network protocols. The browser and other\n     applications provide means to send data to the internet, so this\n     permission is not required to send data to the internet."], "android.permission.QUICKBOOT_POWERON": ["normal", "Unknown permission from android reference", "Unknown permission from android reference"], "com.android.launcher.permission.INSTALL_SHORTCUT": ["dangerous", "install shortcuts", "Allows an application to add\n        Homescreen shortcuts without user intervention."], "com.samsung.android.providers.context.permission.WRITE_USE_APP_FEATURE_SURVEY": ["normal", "Unknown permission from android reference", "Unknown permission from android reference"], "android.permission.ACCESS_WIFI_STATE": ["normal", "view Wi-Fi connections", "Allows the app to view information\n      about Wi-Fi networking, such as whether Wi-Fi is enabled and name of\n      connected Wi-Fi devices."], "android.permission.WAKE_LOCK": ["normal", "prevent phone from sleeping", "Allows the app to prevent the phone from going to sleep."], "android.permission.GET_TASKS": ["normal", "retrieve running apps", "Allows the app to retrieve information\n       about currently and recently running tasks.  This may allow the app to\n       discover information about which applications are used on the device."], "android.permission.CHANGE_WIFI_STATE": ["dangerous", "connect and disconnect from Wi-Fi", "Allows the app to connect to and\n      disconnect from Wi-Fi access points and to make changes to device\n      configuration for Wi-Fi networks."], "android.permission.ACCESS_NETWORK_STATE": ["normal", "view network connections", "Allows the app to view\n      information about network connections such as which networks exist and are\n      connected."], "android.permission.READ_PHONE_STATE": ["dangerous", "read phone status and identity", "Allows the app to access the phone\n      features of the device.  This permission allows the app to determine the\n      phone number and device IDs, whether a call is active, and the remote number\n      connected by a call."], "android.permission.BLUETOOTH": ["dangerous", "pair with Bluetooth devices", "Allows the app to view the\n      configuration of the Bluetooth on the phone, and to make and accept\n      connections with paired devices."], "android.permission.WRITE_EXTERNAL_STORAGE": ["dangerous", "modify or delete the contents of your SD card", "Allows the app to write to the SD card."]}}, "magic": "Zip archive data, at least v2.0 to extract", "compressedview": {"highest_datetime": "2021-10-31 00:09:44", "lowest_datetime": "2021-10-31 00:09:42", "num_children": 48, "extensions": {"dex": 3, "xml": 2, "MF": 1, "RSA": 1, "js": 24, "dat": 1, "css": 3, "SF": 1, "png": 7}, "file_types": {"DEX": 3, "XML": 2, "JavaScript": 2, "PNG": 7, "unknown": 34}, "type": "APK", "children": [{"detection_ratio": [0, 75], "datetime": "2021-10-31 00:09:42", "filename": "classes3.dex", "sha256": "e6812041b4117b0be96e8f01d177c84d4486ebb3ff4b86dfce2002316b7e859d", "type": "DEX", "size": 242292}, {"detection_ratio": [11, 73], "datetime": "2021-10-31 00:09:42", "filename": "classes.dex", "sha256": "4649e930e626ff232fa6d30bc70cd00b9bef7c7e3d29abf2a09b0ca16d0a3583", "type": "DEX", "size": 471976}, {"datetime": "2021-10-31 00:09:42", "sha256": "d6a730da2834694674ff27f53236b2489ebcb1e0d30692577ee4440bf368ac55", "type": "XML", "filename": "AndroidManifest.xml", "size": 16856}, {"detection_ratio": [0, 73], "datetime": "2021-10-31 00:09:42", "filename": "META-INF/services/kotlinx.coroutines.CoroutineExceptionHandler", "sha256": "dd738ebf8728997917f202c7ec0d17bc4056e8e9b12ead159b34232c8e909b5e", "type": "unknown", "size": 53}, {"detection_ratio": [0, 72], "datetime": "2021-10-31 00:09:42", "filename": "META-INF/services/kotlinx.coroutines.internal.MainDispatcherFactory", "sha256": "5c4105af7d462e4327ff14d7f8d0335447a37b39852d056ec2f08aa51df025c1", "type": "unknown", "size": 51}, {"datetime": "2021-10-31 00:09:42", "sha256": "19cc24d0cfd4ba52ad83959872dae24744adf5a7319da1a13dc0897309329c46", "type": "DEX", "filename": "classes2.dex", "size": 5812616}, {"datetime": "2021-10-31 00:09:42", "sha256": "f45e4fb7b5ee9a3ed01de4145d6cdc0657f947951951b33f21b479fc56631c37", "type": "PNG", "filename": "res/mipmap-mdpi-v4/icon.png", "size": 4986}, {"datetime": "2021-10-31 00:09:42", "sha256": "f45e4fb7b5ee9a3ed01de4145d6cdc0657f947951951b33f21b479fc56631c37", "type": "PNG", "filename": "res/mipmap/icon.png", "size": 4986}, {"datetime": "2021-10-31 00:09:42", "sha256": "a4900e177b2a496a03e172f18d780a5955875b5df4b61c11a14b263a707afea5", "type": "XML", "filename": "res/xml/config.xml", "size": 2468}, {"datetime": "2021-10-31 00:09:42", "sha256": "f45e4fb7b5ee9a3ed01de4145d6cdc0657f947951951b33f21b479fc56631c37", "type": "PNG", "filename": "res/mipmap-hdpi-v4/icon.png", "size": 4986}, {"detection_ratio": [0, 75], "datetime": "2021-10-31 00:09:42", "filename": "res/drawable/kpyaqvmqhdri.png", "sha256": "6462e856db59aecd3c452399d231f396dad261d0f9464ca048aa61b17e8d7f0f", "type": "PNG", "size": 133}, {"datetime": "2021-10-31 00:09:42", "sha256": "f45e4fb7b5ee9a3ed01de4145d6cdc0657f947951951b33f21b479fc56631c37", "type": "PNG", "filename": "res/mipmap-xhdpi-v4/icon.png", "size": 4986}, {"datetime": "2021-10-31 00:09:42", "sha256": "be46b80d2889aca1c64c465ed02aa39d2f36519e4faf9eadefed7d016b91e11c", "type": "unknown", "filename": "resources.arsc", "size": 1624}, {"datetime": "2021-10-31 00:09:42", "sha256": "97aa57d33aaba5a4d72ab28e0d9892068b5e30bc30ddf450d178a25e29ce3c7d", "type": "unknown", "filename": "assets/www/storage_chrome.js", "size": 331}, {"datetime": "2021-10-31 00:09:42", "sha256": "41bf9a24833e027652c63e535681cf3df08477fcbd0cd22cd5716aa404487765", "type": "unknown", "filename": "assets/www/sketch_menus.js", "size": 13043}, {"datetime": "2021-10-31 00:09:42", "sha256": "b0a367c439d473f5a18481456c8f11c27d954f8d7e2d9ee1e2181e59df221151", "type": "unknown", "filename": "assets/www/sketch_display.js", "size": 34851}, {"datetime": "2021-10-31 00:09:42", "sha256": "6dd4de16cffafcdac3d60e8fec3f588d1e1f781f452ca563602cd451a2e823ea", "type": "unknown", "filename": "assets/www/sketch_stroke_display.js", "size": 31089}, {"datetime": "2021-10-31 00:09:42", "sha256": "c9052ab772ef46e600bd136e759cbf08cb72b500a03f5400ced16e40a6a7fce2", "type": "unknown", "filename": "assets/www/sketch_toolinput.js", "size": 26835}, {"datetime": "2021-10-31 00:09:42", "sha256": "1b1d1eb9a6084eb021f1fb06b7fdf0ff7c56261c9426d072b91ac941f77b90c0", "type": "unknown", "filename": "assets/www/sketch_geometry.js", "size": 8785}, {"datetime": "2021-10-31 00:09:42", "sha256": "65a6cdde76976ea14b7c4c104e9f83d3b6d530e78b35066194e8a0efe11e7374", "type": "unknown", "filename": "assets/www/display2d.js", "size": 5792}, {"detection_ratio": [0, 74], "datetime": "2021-10-31 00:09:42", "filename": "assets/www/phonegap.js", "sha256": "d530deb732ed667aa6db3222be65f69187ea1edbd3286beb5335f5311024d8c5", "type": "unknown", "size": 72751}, {"datetime": "2021-10-31 00:09:42", "sha256": "ba74d5eebcd5ea0cdb9585f90b1e2ddf822951662317735bb9c664979b549b5c", "type": "PNG", "filename": "assets/www/icon.png", "size": 4520}, {"datetime": "2021-10-31 00:09:42", "sha256": "6ce0bdc405af4ee404937637adf65ef20c8ae067d7eda753e78b32729547035c", "type": "unknown", "filename": "assets/www/sketch_color.js", "size": 4262}, {"datetime": "2021-10-31 00:09:42", "sha256": "9abc61f03a13e60ae515b213b7b60ebf387b6150e8c7491185b65451a15e306b", "type": "unknown", "filename": "assets/www/help.html", "size": 5928}, {"datetime": "2021-10-31 00:09:42", "sha256": "69834f0b592c7e4aabe576ab07afc403ccd3c66c0338ad28786bd992a022effa", "type": "unknown", "filename": "assets/www/draw15.css", "size": 5968}, {"datetime": "2021-10-31 00:09:42", "sha256": "956241d11a58462abc5a07b5f231032f01fbfeaead2ab3a9e11aa14149dca1cf", "type": "unknown", "filename": "assets/www/lisp_markup.js", "size": 32985}, {"datetime": "2021-10-31 00:09:42", "sha256": "445c25a7ecdcb7d09f85c7b13eddc0f38ca13389e31b842059f58ea5c781162a", "type": "JavaScript", "filename": "assets/www/sketch_init.js", "size": 5947}, {"datetime": "2021-10-31 00:09:42", "sha256": "573ca1c51ed3880f535a88ffe095e8e3e336d78cb88a4e6aa0ed1a58247d2188", "type": "unknown", "filename": "assets/www/sketch_saveload.js", "size": 6564}, {"datetime": "2021-10-31 00:09:42", "sha256": "6c0d09a6d808f0e595a9f5f12bb00daf6c6abaffbf7e96a5b30ba069d8f1397e", "type": "unknown", "filename": "assets/www/sketch_animate.js", "size": 3182}, {"detection_ratio": [0, 74], "datetime": "2021-10-31 00:09:42", "filename": "assets/www/filesaver.min.js", "sha256": "0d2dc12c5c1a486291bc45b41252d48561b9a98f0668f063e314b957a764fb30", "type": "unknown", "size": 2448}, {"datetime": "2021-10-31 00:09:42", "sha256": "06d92ed8dafba5a0e6a55cd638358e76e2636c02f8bdd125dc5b248d513cea8e", "type": "unknown", "filename": "assets/www/sketch_vector.js", "size": 1292}, {"datetime": "2021-10-31 00:09:42", "sha256": "5fa77e82640c39fc66941f252bf68f4e3a32f0969a25e6d2b45e1de7c217f1d5", "type": "unknown", "filename": "assets/www/sketch_menu_actions.js", "size": 13342}, {"datetime": "2021-10-31 00:09:42", "sha256": "5fdb03ffc5ae8ab44d6c072e3e8f75ff5499d0f7bc6144ae6abf7a89df43ac24", "type": "unknown", "filename": "assets/www/sketch_drawing.js", "size": 13196}, {"datetime": "2021-10-31 00:09:42", "sha256": "7adb2615f99e3c22fd11223e126d1824ea8c4a1b4c67d82a0a5991056ab42ba0", "type": "PNG", "filename": "assets/www/icon2.png", "size": 5736}, {"datetime": "2021-10-31 00:09:42", "sha256": "91592b0f7f46a402342bfeccc1e22f47338dfdba4a4e4ee19ea244b5b427d4ed", "type": "JavaScript", "filename": "assets/www/sketch_buttons.js", "size": 7898}, {"datetime": "2021-10-31 00:09:42", "sha256": "739240c6fc8b84e7ce391c673b959f5b2ebb1ff3502969a676bcf8443fdaf9bb", "type": "unknown", "filename": "assets/www/sketch_stroke_drawing.js", "size": 7279}, {"datetime": "2021-10-31 00:09:42", "sha256": "35d621e9a7968f435ae3d8db16618b7cdce9e8e9681bc59fabece99d0ed27fda", "type": "unknown", "filename": "assets/www/sketch_page.js", "size": 1200}, {"detection_ratio": [0, 74], "datetime": "2021-10-31 00:09:42", "filename": "assets/www/cordova.js", "sha256": "d530deb732ed667aa6db3222be65f69187ea1edbd3286beb5335f5311024d8c5", "type": "unknown", "size": 72751}, {"datetime": "2021-10-31 00:09:42", "sha256": "3d8dc8dd8b09bda9d1343d11a712a94d7a4c3e9bb5e39a5ee816c0fedd443f61", "type": "unknown", "filename": "assets/www/sketch.js", "size": 11095}, {"datetime": "2021-10-31 00:09:42", "sha256": "e7d3bebd14bffd7772a7054ac7173eea4c689160cd1b21718e7ddf6c27a92e9e", "type": "unknown", "filename": "assets/www/index.html", "size": 1671}, {"datetime": "2021-10-31 00:09:42", "sha256": "f1382af960986ad03e6bd1b9857c1f5154ab50e576cd4a2146d377a34351f1b4", "type": "unknown", "filename": "assets/www/available_version.js", "size": 98}, {"datetime": "2021-10-31 00:09:42", "sha256": "9b405c17ce7541437f0c031499882ee178a39d7478ba1098eacd059c8e2b1067", "type": "unknown", "filename": "assets/www/menu.css", "size": 3917}, {"datetime": "2021-10-31 00:09:42", "sha256": "51fbfc7805f31031c4a91d31482bf5ade9873fa2f66aacb48b2406066c23de57", "type": "unknown", "filename": "assets/www/modal.css", "size": 913}, {"datetime": "2021-10-31 00:09:42", "sha256": "dd53a35f6f95376bbf66c975ba8a1f5660979ce6033dabe4469060ff470f6f4c", "type": "unknown", "filename": "assets/www/storage_chrome_local_shim.js", "size": 1310}, {"datetime": "2021-10-31 00:09:44", "sha256": "297e22c8c2b047356185c81095dc56c5fb1dd54c125b6219cde1c68387531a6b", "type": "unknown", "filename": "META-INF/P1DSD8JH.SF", "size": 3668}, {"datetime": "2021-10-31 00:09:44", "sha256": "65334f73776aef1013e7e95eac819eb562d96bc1fcf42aa9fbe61031c817d37b", "type": "unknown", "filename": "META-INF/P1DSD8JH.RSA", "size": 1516}, {"datetime": "2021-10-31 00:09:44", "sha256": "eddbff917e1d666ee36a52d65de0eabb2537068dc0bd4c9ca429bc40e57c0521", "type": "unknown", "filename": "META-INF/MANIFEST.MF", "size": 3588}], "uncompressed_size": 6983764}}, "size": 2669106, "authentihash": null, "times_submitted": 1, "harmless_votes": 0, "malicious_votes": 0, "sha256": "ce4b35593ad5de87c2db0d5d66acffa6a83c8cd4dc21e658d87a4270d599e623", "type": "Android", "scans": {"Bkav": {"detected": false, "version": "1.3.0.9899", "result": null, "update": "20211102"}, "Lionic": {"detected": false, "version": "4.2", "result": null, "update": "20211103"}, "ClamAV": {"detected": false, "version": "0.104.0.0", "result": null, "update": "20211102"}, "CMC": {"detected": false, "version": "2.10.2019.1", "result": null, "update": "20211026"}, "CAT-QuickHeal": {"detected": true, "version": "14.00", "result": "Android.Mobby.GEN20554 (PUP)", "update": "20211102"}, "McAfee": {"detected": true, "version": "6.0.6.653", "result": "Artemis!919A1900C529", "update": "20211102"}, "ALYac": {"detected": false, "version": "1.1.3.1", "result": null, "update": "20211102"}, "Malwarebytes": {"detected": false, "version": "4.2.2.27", "result": null, "update": "20211102"}, "VIPRE": {"detected": false, "version": "96670", "result": null, "update": "20211102"}, "Sangfor": {"detected": false, "version": "2.9.0.0", "result": null, "update": "20210930"}, "K7AntiVirus": {"detected": false, "version": "11.225.39123", "result": null, "update": "20211102"}, "Alibaba": {"detected": false, "version": "0.3.0.5", "result": null, "update": "20190527"}, "K7GW": {"detected": true, "version": "11.225.39127", "result": "Trojan ( 005537a81 )", "update": "20211102"}, "Trustlook": {"detected": true, "version": "1.0", "result": "Android.Malware.General (score:8)", "update": "20211103"}, "Arcabit": {"detected": false, "version": "1.0.0.886", "result": null, "update": "20211102"}, "Baidu": {"detected": false, "version": "1.0.0.2", "result": null, "update": "20190318"}, "Cyren": {"detected": false, "version": "6.3.0.2", "result": null, "update": "20211102"}, "SymantecMobileInsight": {"detected": true, "version": "2.0", "result": "Trojan:Malapp", "update": "20210126"}, "Symantec": {"detected": false, "version": "1.16.0.0", "result": null, "update": "20211103"}, "ESET-NOD32": {"detected": true, "version": "24227", "result": "a variant of Android/AdDisplay.Mobby.I potentially unwanted", "update": "20211102"}, "TrendMicro-HouseCall": {"detected": false, "version": "10.0.0.1040", "result": null, "update": "20211101"}, "Avast": {"detected": false, "version": "21.1.5827.0", "result": null, "update": "20211102"}, "Cynet": {"detected": true, "version": "4.0.0.27", "result": "Malicious (score: 99)", "update": "20211102"}, "Kaspersky": {"detected": true, "version": "21.0.1.45", "result": "not-a-virus:HEUR:AdWare.AndroidOS.Ewind.kp", "update": "20211103"}, "BitDefender": {"detected": false, "version": "7.2", "result": null, "update": "20211102"}, "NANO-Antivirus": {"detected": false, "version": "1.0.146.25370", "result": null, "update": "20211102"}, "SUPERAntiSpyware": {"detected": false, "version": "5.6.0.1032", "result": null, "update": "20211030"}, "MicroWorld-eScan": {"detected": false, "version": "14.0.409.0", "result": null, "update": "20211102"}, "Rising": {"detected": false, "version": "25.0.0.26", "result": null, "update": "20211102"}, "Ad-Aware": {"detected": false, "version": "3.0.21.193", "result": null, "update": "20211102"}, "Emsisoft": {"detected": false, "version": "2021.5.0.7597", "result": null, "update": "20211102"}, "Comodo": {"detected": false, "version": "34044", "result": null, "update": "20211102"}, "F-Secure": {"detected": false, "version": "12.0.86.52", "result": null, "update": "20211102"}, "DrWeb": {"detected": true, "version": "7.0.52.8270", "result": "Adware.Mobby.5.origin", "update": "20211102"}, "Zillya": {"detected": false, "version": "2.0.0.4487", "result": null, "update": "20211102"}, "TrendMicro": {"detected": false, "version": "11.0.0.1006", "result": null, "update": "20211102"}, "McAfee-GW-Edition": {"detected": true, "version": "v2019.1.2+3728", "result": "Artemis", "update": "20211102"}, "FireEye": {"detected": false, "version": "32.44.1.0", "result": null, "update": "20211102"}, "Sophos": {"detected": true, "version": "1.4.1.0", "result": "Android Ewind (PUA)", "update": "20211102"}, "Ikarus": {"detected": true, "version": "0.1.5.2", "result": "PUA.AndroidOS.Mobby", "update": "20211102"}, "Avast-Mobile": {"detected": true, "version": "211102-00", "result": "Android:Evo-gen [Trj]", "update": "20211102"}, "Jiangmin": {"detected": false, "version": "16.0.100", "result": null, "update": "20211102"}, "Avira": {"detected": true, "version": "8.3.3.12", "result": "ADWARE/ANDR.Agent.FOKP.Gen", "update": "20211102"}, "Antiy-AVL": {"detected": false, "version": "3.0.0.1", "result": null, "update": "20211102"}, "Kingsoft": {"detected": false, "version": "2017.9.26.565", "result": null, "update": "20211103"}, "Gridinsoft": {"detected": false, "version": "1.0.60.158", "result": null, "update": "20211102"}, "Microsoft": {"detected": true, "version": "1.1.18700.4", "result": "Adware:AndroidOS/Ewind.A", "update": "20211102"}, "ViRobot": {"detected": false, "version": "2014.3.20.0", "result": null, "update": "20211102"}, "ZoneAlarm": {"detected": false, "version": "1.0", "result": null, "update": "20211102"}, "GData": {"detected": false, "version": "A:25.31226B:27.25011", "result": null, "update": "20211102"}, "BitDefenderFalx": {"detected": true, "version": "2.0.936", "result": "Android.Riskware.HiddenAds.HA", "update": "20210610"}, "AhnLab-V3": {"detected": true, "version": "3.21.1.10219", "result": "PUP/Android.Agent.995918", "update": "20211102"}, "BitDefenderTheta": {"detected": false, "version": "7.2.37796.0", "result": null, "update": "20211021"}, "TACHYON": {"detected": false, "version": "2021-11-02.02", "result": null, "update": "20211102"}, "VBA32": {"detected": false, "version": "5.0.0", "result": null, "update": "20211102"}, "Zoner": {"detected": false, "version": "0.0.0.0", "result": null, "update": "20211102"}, "Tencent": {"detected": false, "version": "1.0.0.1", "result": null, "update": "20211103"}, "Yandex": {"detected": false, "version": "5.5.2.24", "result": null, "update": "20211102"}, "MAX": {"detected": false, "version": "2019.9.16.1", "result": null, "update": "20211103"}, "MaxSecure": {"detected": true, "version": "1.0.0.1", "result": "Android.WIN32.Ewind.kp", "update": "20211102"}, "Fortinet": {"detected": true, "version": "6.2.142.0", "result": "Android/Erwind.A!tr", "update": "20211102"}, "Panda": {"detected": false, "version": "4.6.4.2", "result": null, "update": "20211102"}}, "tags": ["apk", "android", "reflection", "runtime-modules", "obfuscated", "telephony"], "scan_id": "ce4b35593ad5de87c2db0d5d66acffa6a83c8cd4dc21e658d87a4270d599e623-1635898781", "unique_sources": 1, "positives": 19, "ssdeep": "49152:MzA9xycWu+StULgd4LH/S/tCIBM/El+ZEz7D1jq8mGzu/l:MsTSIAAW/sC6SEi4cV", "md5": "18573a9faeac80797eb18c4c9cbfe70a", "permalink": "https://www.virustotal.com/gui/file/ce4b35593ad5de87c2db0d5d66acffa6a83c8cd4dc21e658d87a4270d599e623/detection/f-ce4b35593ad5de87c2db0d5d66acffa6a83c8cd4dc21e658d87a4270d599e623-1635898781", "sha1": "2fe9445d887071771000a323ced800facfabbb9b", "submission": {"submitter_region": "on", "date": "2021-11-03 00:19:41", "submitter_country": "CA", "filename": "18573a9faeac80797eb18c4c9cbfe70a.virus"}, "response_code": 1, "community_reputation": 0, "verbose_msg": "Scan finished, information embedded", "ITW_urls": [], "last_seen": "2021-11-03 00:19:41"}