{"vhash": "9708400427599b6263bf5ce1a3c0d702", "submission_names": ["e968f8d4782f23e24bbab1860446a22338887cf26c77b501161fd1801b351aff.apk", "base.apk", "/home/develop/almacen/E9/e968f8d4782f23e24bbab1860446a22338887cf26c77b501161fd1801b351aff", "/vdepot2/apk/E9/B1/E9B1BDF2A86A0074DBE0AD4ACDE69C21"], "scan_date": "2021-11-03 08:21:46", "first_seen": "2019-06-17 11:13:57", "total": 62, "additional_info": {"email_parents": [], "magic": "Zip archive data", "sigcheck": {}, "exiftool": {"MIMEType": "application/zip", "ZipRequiredVersion": "0", "ZipCRC": "0xd341a3a4", "FileType": "ZIP", "ZipCompression": "Deflated", "ZipUncompressedSize": "5948", "ZipCompressedSize": "1659", "FileTypeExtension": "zip", "ZipFileName": "AndroidManifest.xml", "ZipBitFlag": "0", "ZipModifyDate": "1980:00:00 00:00:00"}, "trid": "Android Package (67.5%)\nJava Archive (23.6%)\nZIP compressed archive (7.0%)\nPrintFox/Pagefox bitmap (640x800) (1.7%)", "positives_delta": 0, "compressedview": {"highest_datetime": "1980-00-00 00:00:00", "lowest_datetime": "1980-00-00 00:00:00", "num_children": 74, "extensions": {"dex": 1, "xml": 36, "MF": 1, "RSA": 1, "SF": 1, "png": 25}, "file_types": {"DEX": 1, "XML": 36, "PNG": 25, "unknown": 12}, "type": "APK", "children": [{"datetime": "1980-00-00 00:00:00", "sha256": "9daf85daf3504c117a83f89934c7f0ad8e701721827adc0a9fd246e3f73ce5c8", "type": "XML", "filename": "AndroidManifest.xml", "size": 5948}, {"datetime": "1980-00-00 00:00:00", "sha256": "0d33335fb8c47b9ea328baea0ea8e76f6e1e3df52c4c52e5413e12cd367fc3a7", "type": "unknown", "filename": "META-INF/CERT.RSA", "size": 1428}, {"datetime": "1980-00-00 00:00:00", "sha256": "58e6f255b110ee4ec98b46c2acf4bfbd98be9d616c6a73c13c9236ca0d8fdefc", "type": "unknown", "filename": "META-INF/CERT.SF", "size": 7033}, {"datetime": "1980-00-00 00:00:00", "sha256": "d395a389a1c73883a51b9eeb1b7f9795e3569a2f5e66be50d97e10268045cb18", "type": "unknown", "filename": "META-INF/MANIFEST.MF", "size": 6990}, {"detection_ratio": [12, 73], "datetime": "1980-00-00 00:00:00", "filename": "classes.dex", "sha256": "acd37864f7337a28ec508551c831ae23e17830a7cfdf4cae92d05eb411f01745", "type": "DEX", "size": 4513628}, {"detection_ratio": [0, 75], "datetime": "1980-00-00 00:00:00", "filename": "play-services-ads-base.properties", "sha256": "7d3222fcfd7221cabbc6e6ed867e96022578f653e12211730e86ce56b49c137e", "type": "unknown", "size": 82}, {"detection_ratio": [0, 74], "datetime": "1980-00-00 00:00:00", "filename": "play-services-ads-identifier.properties", "sha256": "c8441daf7af42bad9a2eb3bebe81c49f741f6999237741d841ffa5ca3d9bcf8e", "type": "unknown", "size": 94}, {"detection_ratio": [0, 75], "datetime": "1980-00-00 00:00:00", "filename": "play-services-ads-lite.properties", "sha256": "cfac07cbc26a482ff82379cbd732a978a9f7cb0602814d08b8f22ff02b3502b9", "type": "unknown", "size": 82}, {"detection_ratio": [0, 75], "datetime": "1980-00-00 00:00:00", "filename": "play-services-ads.properties", "sha256": "a908358686990bc7ff0b5cc6a138c1da8b167c0b492a82ef08c8b7f4d95d7067", "type": "unknown", "size": 72}, {"detection_ratio": [0, 75], "datetime": "1980-00-00 00:00:00", "filename": "play-services-basement.properties", "sha256": "ce5461a8261e867e3695ecb9e261a706b691d97df88488a0f0d2af939fdc68e6", "type": "unknown", "size": 82}, {"detection_ratio": [0, 74], "datetime": "1980-00-00 00:00:00", "filename": "play-services-gass.properties", "sha256": "c61fea59c53e7f90de7e604f6cb3a5dc326e7dff5b5ffce9d592ad7442d0713b", "type": "unknown", "size": 74}, {"detection_ratio": [0, 75], "datetime": "1980-00-00 00:00:00", "filename": "play-services-measurement-base.properties", "sha256": "709b14e7f18b1f9e25e56bc56df698ece0a8e1b0ccf753fd42b852dc4ea48e37", "type": "unknown", "size": 98}, {"detection_ratio": [0, 74], "datetime": "1980-00-00 00:00:00", "filename": "play-services-measurement-sdk-api.properties", "sha256": "7c8715aeeb38c344be3b2b51be6143de6a55c8fd8c4c81ac3323fd914cb6ad33", "type": "unknown", "size": 104}, {"detection_ratio": [0, 74], "datetime": "1980-00-00 00:00:00", "filename": "res/drawable-hdpi-v4/notification_bg_low_normal.9.png", "sha256": "21f0b55280be10b187ceff8edef4a5a7047683e6e9fcf47de410aa3839f41094", "type": "PNG", "size": 212}, {"detection_ratio": [0, 74], "datetime": "1980-00-00 00:00:00", "filename": "res/drawable-hdpi-v4/notification_bg_low_pressed.9.png", "sha256": "42aee0b03883e94df5e543348a397d1302c1b8221895871a83b81899f5a9647b", "type": "PNG", "size": 225}, {"detection_ratio": [0, 74], "datetime": "1980-00-00 00:00:00", "filename": "res/drawable-hdpi-v4/notification_bg_normal.9.png", "sha256": "0c6328c7b2420570a7ec38b3beb3bac9a29d895ac1ab7239315aba7266418593", "type": "PNG", "size": 212}, {"detection_ratio": [0, 74], "datetime": "1980-00-00 00:00:00", "filename": "res/drawable-hdpi-v4/notification_bg_normal_pressed.9.png", "sha256": "18b328d8017e677d5aad3dbd66bae356b5cac978c6f0670938ea648e51d0eb66", "type": "PNG", "size": 225}, {"detection_ratio": [0, 74], "datetime": "1980-00-00 00:00:00", "filename": "res/drawable-hdpi-v4/notify_panel_notification_icon_bg.png", "sha256": "8430ec003e003f3f2ba2f78d48fd150e25407667e530e82e87a7d4841c0fd676", "type": "PNG", "size": 107}, {"detection_ratio": [0, 74], "datetime": "1980-00-00 00:00:00", "filename": "res/drawable-mdpi-v4/notification_bg_low_normal.9.png", "sha256": "2f7fbda0ba6e53e9a47e2fc0e24e32c447c613a5808c2d6285dc651e83a07ad7", "type": "PNG", "size": 215}, {"detection_ratio": [0, 73], "datetime": "1980-00-00 00:00:00", "filename": "res/drawable-mdpi-v4/notification_bg_low_pressed.9.png", "sha256": "e17761ed280edd93d7141bd504b70f9e9e15a8652288d9e6333bf4ce964ef844", "type": "PNG", "size": 223}, {"detection_ratio": [0, 74], "datetime": "1980-00-00 00:00:00", "filename": "res/drawable-mdpi-v4/notification_bg_normal.9.png", "sha256": "a8676a1793ac8310ffb12986232df66df092d29c242aeedc2b73556c010d38dc", "type": "PNG", "size": 215}, {"detection_ratio": [0, 74], "datetime": "1980-00-00 00:00:00", "filename": "res/drawable-mdpi-v4/notification_bg_normal_pressed.9.png", "sha256": "99c14d6855b8be296d58017d3751b8dc849c47b6d1d80ab614ff9075080e461b", "type": "PNG", "size": 223}, {"detection_ratio": [0, 74], "datetime": "1980-00-00 00:00:00", "filename": "res/drawable-mdpi-v4/notify_panel_notification_icon_bg.png", "sha256": "0d773e62c756422313262846c787e58f67e0ee87e45e1ae9942002e816c4cb9e", "type": "PNG", "size": 98}, {"detection_ratio": [0, 72], "datetime": "1980-00-00 00:00:00", "filename": "res/drawable-v21/notification_action_background.xml", "sha256": "2b3eb68f147a3c2c839428f9fc2f767fa8c93977045339287a367c23e7e97d9a", "type": "XML", "size": 1180}, {"detection_ratio": [0, 74], "datetime": "1980-00-00 00:00:00", "filename": "res/drawable-xhdpi-v4/notification_bg_low_normal.9.png", "sha256": "3e09afa21c45372c035598c017c8fb405a6d678e6cb84dc857581cb3b40e482d", "type": "PNG", "size": 221}, {"detection_ratio": [0, 68], "datetime": "1980-00-00 00:00:00", "filename": "res/drawable-xhdpi-v4/notification_bg_low_pressed.9.png", "sha256": "20343222f9f79dd565c3a2248494d452e70820ac1c437173c38badd45f962afd", "type": "PNG", "size": 252}, {"detection_ratio": [0, 74], "datetime": "1980-00-00 00:00:00", "filename": "res/drawable-xhdpi-v4/notification_bg_normal.9.png", "sha256": "559bf783d765c02338e97952bdc9c6689c7ff99090b8c9813369118da8b080f0", "type": "PNG", "size": 221}, {"detection_ratio": [0, 73], "datetime": "1980-00-00 00:00:00", "filename": "res/drawable-xhdpi-v4/notification_bg_normal_pressed.9.png", "sha256": "d27af435101ca4cbec0c840bd30687918cd39eb83aab1487420855623a45998b", "type": "PNG", "size": 247}, {"detection_ratio": [0, 74], "datetime": "1980-00-00 00:00:00", "filename": "res/drawable-xhdpi-v4/notify_panel_notification_icon_bg.png", "sha256": "b44eeda34d7a529c2fe55719eb098fa29707caa91d18de06a7a775d6e6bcf973", "type": "PNG", "size": 138}, {"detection_ratio": [0, 73], "datetime": "1980-00-00 00:00:00", "filename": "res/drawable/notification_bg.xml", "sha256": "79a7e3feef336b84ee981e6bfb2d191b2bf65ce20c1df54619bcaf551728b459", "type": "XML", "size": 532}, {"detection_ratio": [0, 73], "datetime": "1980-00-00 00:00:00", "filename": "res/drawable/notification_bg_low.xml", "sha256": "59d7e89c4e88987ddb55c9fffe2e4a264c64ace2c0a6ca4a833c1d0f4943951a", "type": "XML", "size": 532}, {"detection_ratio": [0, 75], "datetime": "1980-00-00 00:00:00", "filename": "res/drawable/notification_icon_background.xml", "sha256": "8c9f6153d0809ca0d4ff69ab13854fe486f968e0a5d638d07c3ccb7af18d2673", "type": "XML", "size": 372}, {"detection_ratio": [0, 72], "datetime": "1980-00-00 00:00:00", "filename": "res/drawable/notification_tile_bg.xml", "sha256": "8309cbd1a2b8b03da29e86e39b99c071d4e3507ff954e62df38b756788183e6f", "type": "XML", "size": 304}, {"datetime": "1980-00-00 00:00:00", "sha256": "ea0a56277f3ad39ea5f6ca61f336a3c8820c0c69168f1e837fbeb0e664d6ae6c", "type": "XML", "filename": "res/layout-v16/notification_template_custom_big.xml", "size": 3012}, {"detection_ratio": [0, 70], "datetime": "1980-00-00 00:00:00", "filename": "res/layout-v17/notification_action.xml", "sha256": "75c379141d39d975cfb2c51c51189f0f833988a4fbc98de266b836d422f41043", "type": "XML", "size": 1156}, {"detection_ratio": [0, 74], "datetime": "1980-00-00 00:00:00", "filename": "res/layout-v17/notification_action_tombstone.xml", "sha256": "85af2c3094d2a54f2b6fea2ecb4a15880c3e045436fba76dd0738be45a20da37", "type": "XML", "size": 1332}, {"detection_ratio": [0, 75], "datetime": "1980-00-00 00:00:00", "filename": "res/layout-v17/notification_template_big_media.xml", "sha256": "327e6affa5d6457d6cd0a2e2945b2637a3d776ad5d6371644cc0b1c9c99c3dca", "type": "XML", "size": 1696}, {"detection_ratio": [0, 76], "datetime": "1980-00-00 00:00:00", "filename": "res/layout-v17/notification_template_big_media_custom.xml", "sha256": "143fd6af688988bc50b580227724c44b3ccce237ed8eba64dafdc86e4fc88faf", "type": "XML", "size": 3044}, {"detection_ratio": [0, 76], "datetime": "1980-00-00 00:00:00", "filename": "res/layout-v17/notification_template_big_media_narrow.xml", "sha256": "dbc53b9a21763ed1cb654015512ccbba925473076aaa6c5fe661cab0a9d49560", "type": "XML", "size": 1824}, {"datetime": "1980-00-00 00:00:00", "sha256": "5dd16b3cbe6765a7f6d9c70140993e448d48e34988c815643f346c62b0c50d2c", "type": "XML", "filename": "res/layout-v17/notification_template_big_media_narrow_custom.xml", "size": 3216}, {"datetime": "1980-00-00 00:00:00", "sha256": "75dd00da29d503ba21acd020e65d8490c2b68b6844367148a7a13ef628c1080b", "type": "XML", "filename": "res/layout-v17/notification_template_custom_big.xml", "size": 3208}, {"detection_ratio": [0, 74], "datetime": "1980-00-00 00:00:00", "filename": "res/layout-v17/notification_template_lines_media.xml", "sha256": "258eb1b50115c867dae98137bbf3317d29e31bafb5507b024271a94ca6a381a6", "type": "XML", "size": 2872}, {"detection_ratio": [0, 74], "datetime": "1980-00-00 00:00:00", "filename": "res/layout-v17/notification_template_media.xml", "sha256": "7dedda08505cc83911765a75a065d6160d50524a6adedaaeaf3004ed7e729e7c", "type": "XML", "size": 1292}, {"datetime": "1980-00-00 00:00:00", "sha256": "54341b25d843cd384c4352219cb5380799f4ce1f82403dc33d2fcf048c88b532", "type": "XML", "filename": "res/layout-v17/notification_template_media_custom.xml", "size": 2756}, {"detection_ratio": [0, 73], "datetime": "1980-00-00 00:00:00", "filename": "res/layout-v21/notification_action.xml", "sha256": "42234819aa014f026786d49b1b810beaecd899f4f54011933f33aadcff49823f", "type": "XML", "size": 1052}, {"detection_ratio": [0, 67], "datetime": "1980-00-00 00:00:00", "filename": "res/layout-v21/notification_action_tombstone.xml", "sha256": "ca54157e11e8869c630811333c9c02ed118b3ee829ce1f99e8beac02742133b6", "type": "XML", "size": 1228}, {"datetime": "1980-00-00 00:00:00", "sha256": "f09be7d9f1f743214879e779066b143fc5a745bcf2ef63bd1372544cef704a39", "type": "XML", "filename": "res/layout-v21/notification_template_custom_big.xml", "size": 2456}, {"detection_ratio": [0, 68], "datetime": "1980-00-00 00:00:00", "filename": "res/layout-v21/notification_template_icon_group.xml", "sha256": "c5938c3a5dec8579d06b3e3578fa2cfd4cfdadb18ff8b447c2daf0dc9155954d", "type": "XML", "size": 988}, {"detection_ratio": [0, 75], "datetime": "1980-00-00 00:00:00", "filename": "res/layout/activity_main.xml", "sha256": "7b14b84beb94b36c2913a9f05c3e4f58d8821e2d6efa07d807cbba84470f5c92", "type": "XML", "size": 364}, {"detection_ratio": [0, 71], "datetime": "1980-00-00 00:00:00", "filename": "res/layout/notification_action.xml", "sha256": "2646ade3a8706d65f1f09359a3c2c85b47951261e98cd103ef65e0f71a9fcb1f", "type": "XML", "size": 1092}, {"detection_ratio": [0, 72], "datetime": "1980-00-00 00:00:00", "filename": "res/layout/notification_action_tombstone.xml", "sha256": "d118a77506734d00651550b5a4a31054ecb675cf58b3a180f4aceac190ffe952", "type": "XML", "size": 1268}, {"detection_ratio": [0, 74], "datetime": "1980-00-00 00:00:00", "filename": "res/layout/notification_media_action.xml", "sha256": "12756ae9039f749876cc837885bb868b1bbd8eac183e5db4bc26af22f8474b15", "type": "XML", "size": 564}, {"detection_ratio": [0, 72], "datetime": "1980-00-00 00:00:00", "filename": "res/layout/notification_media_cancel_action.xml", "sha256": "e06a6376aaa441d7d3d8109fee9dcc0217901fac333069c06619d054cc3d5ecb", "type": "XML", "size": 744}, {"detection_ratio": [0, 74], "datetime": "1980-00-00 00:00:00", "filename": "res/layout/notification_template_big_media.xml", "sha256": "7c34302ad2c61ddc0f2e6d9041f90c9ac77e3447806c7df88d03edc0f0736acd", "type": "XML", "size": 1504}, {"datetime": "1980-00-00 00:00:00", "sha256": "371ad8c4f7c92befb1dd2b8f533bb660323cb42306b76eb0fa575dcfaf0cc362", "type": "XML", "filename": "res/layout/notification_template_big_media_custom.xml", "size": 2760}, {"detection_ratio": [0, 75], "datetime": "1980-00-00 00:00:00", "filename": "res/layout/notification_template_big_media_narrow.xml", "sha256": "7c9a55b5fae10a32a62f6eae913e7fe2271d5ef4aed1524886d2913fb163fedf", "type": "XML", "size": 1564}, {"datetime": "1980-00-00 00:00:00", "sha256": "ce0792d734b0e75e16a4e29d11ab234ff5a513a6ac8a26ba9a16f6427772daaf", "type": "XML", "filename": "res/layout/notification_template_big_media_narrow_custom.xml", "size": 2868}, {"detection_ratio": [0, 71], "datetime": "1980-00-00 00:00:00", "filename": "res/layout/notification_template_icon_group.xml", "sha256": "4cdf300b3a78b9333c8e98ccc53369c44c7331ec0ba943858ace4be409413e4d", "type": "XML", "size": 392}, {"detection_ratio": [0, 73], "datetime": "1980-00-00 00:00:00", "filename": "res/layout/notification_template_lines_media.xml", "sha256": "9600fd0d4063aa61e3d0820c41f09c195054f75292c0c590df607001f7bff0d5", "type": "XML", "size": 2660}, {"detection_ratio": [0, 71], "datetime": "1980-00-00 00:00:00", "filename": "res/layout/notification_template_media.xml", "sha256": "3eeb6cbe5d6546025bdf4208f991692e92548cb97085037dff4d34640735a7f5", "type": "XML", "size": 1200}, {"datetime": "1980-00-00 00:00:00", "sha256": "79300459c07a8ccade8e797c8be0a4b77f18f1e8aefe82fc9794de989fcfdd4c", "type": "XML", "filename": "res/layout/notification_template_media_custom.xml", "size": 2528}, {"detection_ratio": [0, 73], "datetime": "1980-00-00 00:00:00", "filename": "res/layout/notification_template_part_chronometer.xml", "sha256": "34fb23e8550b0e34055bfcb094caf30ca643246dc08e7c6157c8894c883f788b", "type": "XML", "size": 440}, {"detection_ratio": [0, 69], "datetime": "1980-00-00 00:00:00", "filename": "res/layout/notification_template_part_time.xml", "sha256": "f4159eda6a09a199e71eda3450102e4d63b929725cc2a245579e0f3766cafa0d", "type": "XML", "size": 440}, {"datetime": "1980-00-00 00:00:00", "sha256": "cc6bf5f91590acf3068c86f4768579bc04a9ea0589fab84dbac74fe57942a703", "type": "PNG", "filename": "res/mipmap-hdpi-v4/ic_launcher.png", "size": 3548}, {"datetime": "1980-00-00 00:00:00", "sha256": "297c7b20d90870f8d5198899d8c391962b37dea9c2fb74269b5a52e154c677f3", "type": "PNG", "filename": "res/mipmap-hdpi-v4/ic_whatsapp.png", "size": 1514}, {"datetime": "1980-00-00 00:00:00", "sha256": "292d6ff5b06c483aebdc4fb33b29a63b961cd7df3b2bb6b8dca19e518df3a82d", "type": "PNG", "filename": "res/mipmap-mdpi-v4/ic_launcher.png", "size": 1994}, {"datetime": "1980-00-00 00:00:00", "sha256": "40fb91bbc2130bc9c04126d78dee76a306e2b62ad4aa626b336c34628070f686", "type": "PNG", "filename": "res/mipmap-mdpi-v4/ic_whatsapp.png", "size": 1079}, {"datetime": "1980-00-00 00:00:00", "sha256": "f6336bf8b724b46a6557dd40e4561f995d901490f928c2b652d39357338513e6", "type": "PNG", "filename": "res/mipmap-xhdpi-v4/ic_launcher.png", "size": 4208}, {"datetime": "1980-00-00 00:00:00", "sha256": "f50c826e78fc53d63a1d3804ea318c5a2328a11791009913f71f886a4e5fb0e3", "type": "PNG", "filename": "res/mipmap-xhdpi-v4/ic_whatsapp.png", "size": 2441}, {"datetime": "1980-00-00 00:00:00", "sha256": "fce1d7e56db4f71e5eed0d3e1ce9e1c47e5ec3fc0f6763b53ec68f6242787629", "type": "PNG", "filename": "res/mipmap-xxhdpi-v4/ic_launcher.png", "size": 6699}, {"datetime": "1980-00-00 00:00:00", "sha256": "1b1c029cdf1f4072db79ddd0a1c63d87d310a477d8eaeb394571c3da8f1186ed", "type": "PNG", "filename": "res/mipmap-xxhdpi-v4/ic_whatsapp.png", "size": 4471}, {"datetime": "1980-00-00 00:00:00", "sha256": "e780d7d55b1b985ce6df69bfa03aeaf3df35e18e1032b62f3dadd6422ad62d83", "type": "PNG", "filename": "res/mipmap-xxxhdpi-v4/ic_launcher.png", "size": 9447}, {"datetime": "1980-00-00 00:00:00", "sha256": "d0e0f027f10303802bb0a73ecfb07d61cb39659a85cab617a6d7cabc20f5d95e", "type": "PNG", "filename": "res/mipmap-xxxhdpi-v4/ic_whatsapp.png", "size": 7099}, {"datetime": "1980-00-00 00:00:00", "sha256": "ec4c5705b36a5c3625baa8057b8c52cd913bc6c53184cc52a0e74bb40dd7d2d9", "type": "unknown", "filename": "resources.arsc", "size": 73540}], "uncompressed_size": 4709229}, "androguard": {"Activities": ["com.parking.game.coach.bus.parking.simulator.driver.MainActivity", "com.parking.game.coach.bus.parking.simulator.driver.ThemeActivity", "com.google.android.gms.ads.AdActivity"], "AndroidVersionCode": "3", "certificate": {"validto": "2144-02-15 02:28:47", "serialnumber": "138eef78", "Issuer": {"DN": "C:US, CN:Regan Stachler, L:Kansas, O:Regan Stachler, ST:Texas, OU:Bus Parking Simulator", "C": "US", "CN": "Regan Stachler", "L": "Kansas", "O": "Regan Stachler", "ST": "Texas", "OU": "Bus Parking Simulator"}, "thumbprint": "738969390dd5017583ff7dedc78a27b0257f4b06", "validfrom": "2019-03-17 02:28:47", "Subject": {"DN": "C:US, CN:Regan Stachler, L:Kansas, O:Regan Stachler, ST:Texas, OU:Bus Parking Simulator", "C": "US", "CN": "Regan Stachler", "L": "Kansas", "O": "Regan Stachler", "ST": "Texas", "OU": "Bus Parking Simulator"}}, "VTAndroidInfo": 2, "AndroidApplication": 1, "Package": "com.parking.game.coach.bus.parking.simulator.driver", "AndroidApplicationError": false, "intent-filters": {"Activities": {"com.parking.game.coach.bus.parking.simulator.driver.MainActivity": {"action": ["android.intent.action.MAIN"], "category": ["android.intent.category.DEFAULT"]}}, "Receivers": {"com.parking.game.coach.bus.parking.simulator.driver.StartUpReceiver": {"action": ["android.net.conn.CONNECTIVITY_CHANGE", "android.intent.action.BOOT_COMPLETED"]}}}, "StringsInformation": ["http://schemas.android.com/apk/res/android", "http://www.example.com", "http://www.google.com", "https://csi.gstatic.com/csi", "https://googleads.g.doubleclick.net/mads/static/mad/sdk/native/mraid/v2/mraid_app_banner.js", "https://googleads.g.doubleclick.net/mads/static/mad/sdk/native/mraid/v2/mraid_app_expanded_banner.js", "https://googleads.g.doubleclick.net/mads/static/mad/sdk/native/mraid/v2/mraid_app_interstitial.js", "https://googleads.g.doubleclick.net/mads/static/mad/sdk/native/native_ads.html", "https://googleads.g.doubleclick.net/mads/static/mad/sdk/native/production/native_ads.js", "https://googleads.g.doubleclick.net/mads/static/mad/sdk/native/production/sdk-core-v40-impl.html", "https://googleads.g.doubleclick.net/mads/static/mad/sdk/native/production/sdk-core-v40-impl.js", "https://googleads.g.doubleclick.net/mads/static/mad/sdk/native/sdk-core-v40-loader.html", "https://imasdk.googleapis.com/admob/sdkloader/native_video.html", "https://pagead2.googlesyndication.com/pagead/gen_204?id=gmob-apps", "https://plus.google.com/", "https://support.google.com/dfp_premium/answer/7160685#push", "https://www.google.com/dfp/debugSignals", "https://www.google.com/dfp/inAppPreview", "https://www.google.com/dfp/linkDevice", "https://www.google.com/dfp/sendDebugData", "https://www.googleapis.com/auth/appstate", "https://www.googleapis.com/auth/datastoremobile", "https://www.googleapis.com/auth/drive", "https://www.googleapis.com/auth/drive.appdata", "https://www.googleapis.com/auth/drive.apps", "https://www.googleapis.com/auth/drive.file", "https://www.googleapis.com/auth/fitness.activity.read", "https://www.googleapis.com/auth/fitness.activity.write", "https://www.googleapis.com/auth/fitness.blood_glucose.read", "https://www.googleapis.com/auth/fitness.blood_glucose.write", "https://www.googleapis.com/auth/fitness.blood_pressure.read", "https://www.googleapis.com/auth/fitness.blood_pressure.write", "https://www.googleapis.com/auth/fitness.body.read", "https://www.googleapis.com/auth/fitness.body.write", "https://www.googleapis.com/auth/fitness.body_temperature.read", "https://www.googleapis.com/auth/fitness.body_temperature.write", "https://www.googleapis.com/auth/fitness.location.read", "https://www.googleapis.com/auth/fitness.location.write", "https://www.googleapis.com/auth/fitness.nutrition.read", "https://www.googleapis.com/auth/fitness.nutrition.write", "https://www.googleapis.com/auth/fitness.oxygen_saturation.read", "https://www.googleapis.com/auth/fitness.oxygen_saturation.write", "https://www.googleapis.com/auth/fitness.reproductive_health.read", "https://www.googleapis.com/auth/fitness.reproductive_health.write", "https://www.googleapis.com/auth/games", "https://www.googleapis.com/auth/games.firstparty", "https://www.googleapis.com/auth/games_lite", "https://www.googleapis.com/auth/plus.login", "https://www.googleapis.com/auth/plus.me"], "Providers": ["com.google.android.gms.ads.MobileAdsInitProvider"], "AndroidVersionName": "1.3", "RiskIndicator": {"APK": {"DEX": 1}, "PERM": {"INTERNET": 1, "EPHEMERAL": 2, "NORMAL": 4}}, "Services": ["com.parking.game.coach.bus.parking.simulator.driver.SkinService"], "MinSdkVersion": "16", "AndroidApplicationInfo": "APK", "TargetSdkVersion": "26", "Receivers": ["com.parking.game.coach.bus.parking.simulator.driver.StartUpReceiver", "com.parking.game.coach.bus.parking.simulator.driver.ThemeReceiver"], "AndroguardVersion": "3.4.0a1", "Permissions": {"android.permission.RECEIVE_BOOT_COMPLETED": ["normal", "run at startup", "Allows the app to\n        have itself started as soon as the system has finished booting.\n        This can make it take longer to start the phone and allow the\n        app to slow down the overall phone by always running."], "android.permission.ACCESS_NETWORK_STATE": ["normal|ephemeral", "view network connections", "Allows the app to view\n      information about network connections such as which networks exist and are\n      connected."], "android.permission.WAKE_LOCK": ["normal|ephemeral", "prevent phone from sleeping", "Allows the app to prevent the phone from going to sleep."], "android.permission.ACCESS_WIFI_STATE": ["normal", "view Wi-Fi connections", "Allows the app to view information\n      about Wi-Fi networking, such as whether Wi-Fi is enabled and name of\n      connected Wi-Fi devices."], "android.permission.INTERNET": ["normal|ephemeral", "have full network access", "Allows the app to create\n     network sockets and use custom network protocols. The browser and other\n     applications provide means to send data to the internet, so this\n     permission is not required to send data to the internet."], "android.permission.FOREGROUND_SERVICE": ["normal", "Unknown permission from android reference", "Unknown permission from android reference"]}}}, "size": 1928652, "authentihash": null, "times_submitted": 3543, "harmless_votes": 0, "malicious_votes": 0, "sha256": "e968f8d4782f23e24bbab1860446a22338887cf26c77b501161fd1801b351aff", "type": "Android", "scans": {"Bkav": {"detected": false, "version": "1.3.0.9899", "result": null, "update": "20211102"}, "Lionic": {"detected": true, "version": "4.2", "result": "Adware.AndroidOS.Dnotua.A!c", "update": "20211103"}, "ClamAV": {"detected": false, "version": "0.104.0.0", "result": null, "update": "20211102"}, "CMC": {"detected": false, "version": "2.10.2019.1", "result": null, "update": "20211026"}, "CAT-QuickHeal": {"detected": true, "version": "14.00", "result": "Android.Hiddad.A34f", "update": "20211103"}, "McAfee": {"detected": true, "version": "6.0.6.653", "result": "Artemis!E9B1BDF2A86A", "update": "20211103"}, "ALYac": {"detected": false, "version": "1.1.3.1", "result": null, "update": "20211103"}, "Malwarebytes": {"detected": false, "version": "4.2.2.27", "result": null, "update": "20211103"}, "VIPRE": {"detected": false, "version": "96678", "result": null, "update": "20211103"}, "Sangfor": {"detected": false, "version": "2.9.0.0", "result": null, "update": "20210930"}, "K7AntiVirus": {"detected": false, "version": "11.225.39131", "result": null, "update": "20211103"}, "Alibaba": {"detected": true, "version": "0.3.0.5", "result": "AdWare:Android/Dnotua.7112b341", "update": "20190527"}, "K7GW": {"detected": true, "version": "11.225.39131", "result": "Trojan ( 0054c2c81 )", "update": "20211103"}, "Trustlook": {"detected": true, "version": "1.0", "result": "Android.Malware.General", "update": "20211103"}, "Arcabit": {"detected": false, "version": "1.0.0.886", "result": null, "update": "20211103"}, "Baidu": {"detected": false, "version": "1.0.0.2", "result": null, "update": "20190318"}, "Cyren": {"detected": true, "version": "6.3.0.2", "result": "Trojan.DKHM-33", "update": "20211103"}, "SymantecMobileInsight": {"detected": true, "version": "2.0", "result": "AdLibrary:Generisk", "update": "20210126"}, "Symantec": {"detected": false, "version": "1.16.0.0", "result": null, "update": "20211103"}, "ESET-NOD32": {"detected": true, "version": "24229", "result": "a variant of Android/Hiddad.ABF", "update": "20211103"}, "TrendMicro-HouseCall": {"detected": false, "version": "10.0.0.1040", "result": null, "update": "20211101"}, "Avast": {"detected": false, "version": "21.1.5827.0", "result": null, "update": "20211103"}, "Cynet": {"detected": false, "version": "4.0.0.27", "result": null, "update": "20211103"}, "Kaspersky": {"detected": false, "version": "21.0.1.45", "result": null, "update": "20211103"}, "BitDefender": {"detected": false, "version": "7.2", "result": null, "update": "20211103"}, "NANO-Antivirus": {"detected": false, "version": "1.0.146.25370", "result": null, "update": "20211103"}, "SUPERAntiSpyware": {"detected": false, "version": "5.6.0.1032", "result": null, "update": "20211030"}, "MicroWorld-eScan": {"detected": false, "version": "14.0.409.0", "result": null, "update": "20211103"}, "Rising": {"detected": false, "version": "25.0.0.26", "result": null, "update": "20211103"}, "Ad-Aware": {"detected": false, "version": "3.0.21.193", "result": null, "update": "20211103"}, "Emsisoft": {"detected": false, "version": "2021.5.0.7597", "result": null, "update": "20211103"}, "Comodo": {"detected": false, "version": "34044", "result": null, "update": "20211102"}, "F-Secure": {"detected": false, "version": "12.0.86.52", "result": null, "update": "20211103"}, "DrWeb": {"detected": false, "version": "7.0.52.8270", "result": null, "update": "20211103"}, "Zillya": {"detected": true, "version": "2.0.0.4487", "result": "Trojan.HiddenAd.Android.2538", "update": "20211102"}, "TrendMicro": {"detected": false, "version": "11.0.0.1006", "result": null, "update": "20211103"}, "McAfee-GW-Edition": {"detected": true, "version": "v2019.1.2+3728", "result": "Artemis!Trojan", "update": "20211102"}, "FireEye": {"detected": false, "version": "32.44.1.0", "result": null, "update": "20211103"}, "Sophos": {"detected": false, "version": "1.4.1.0", "result": null, "update": "20211103"}, "Ikarus": {"detected": true, "version": "0.1.5.2", "result": "Trojan.AndroidOS.Hiddad", "update": "20211102"}, "Avast-Mobile": {"detected": false, "version": "211102-00", "result": null, "update": "20211102"}, "Jiangmin": {"detected": false, "version": "16.0.100", "result": null, "update": "20211102"}, "Avira": {"detected": false, "version": "8.3.3.12", "result": null, "update": "20211103"}, "Antiy-AVL": {"detected": true, "version": "3.0.0.1", "result": "Trojan/Generic.ASMalwAD.56", "update": "20211103"}, "Kingsoft": {"detected": false, "version": "2017.9.26.565", "result": null, "update": "20211103"}, "Gridinsoft": {"detected": false, "version": "1.0.60.158", "result": null, "update": "20211103"}, "Microsoft": {"detected": true, "version": "1.1.18700.4", "result": "Program:AndroidOS/Multiverze", "update": "20211103"}, "ViRobot": {"detected": false, "version": "2014.3.20.0", "result": null, "update": "20211103"}, "ZoneAlarm": {"detected": false, "version": "1.0", "result": null, "update": "20211102"}, "GData": {"detected": false, "version": "A:25.31229B:27.25015", "result": null, "update": "20211103"}, "BitDefenderFalx": {"detected": false, "version": "2.0.936", "result": null, "update": "20210610"}, "AhnLab-V3": {"detected": false, "version": "3.21.1.10219", "result": null, "update": "20211103"}, "BitDefenderTheta": {"detected": false, "version": "7.2.37796.0", "result": null, "update": "20211021"}, "TACHYON": {"detected": false, "version": "2021-11-03.02", "result": null, "update": "20211103"}, "VBA32": {"detected": false, "version": "5.0.0", "result": null, "update": "20211102"}, "Zoner": {"detected": false, "version": "0.0.0.0", "result": null, "update": "20211102"}, "Tencent": {"detected": true, "version": "1.0.0.1", "result": "a.gray.adwtb", "update": "20211103"}, "Yandex": {"detected": false, "version": "5.5.2.24", "result": null, "update": "20211103"}, "MAX": {"detected": false, "version": "2019.9.16.1", "result": null, "update": "20211103"}, "MaxSecure": {"detected": false, "version": "1.0.0.1", "result": null, "update": "20211102"}, "Fortinet": {"detected": true, "version": "6.2.142.0", "result": "Adware/Dnotua!Android", "update": "20211103"}, "Panda": {"detected": false, "version": "4.6.4.2", "result": null, "update": "20211102"}}, "tags": ["apk", "android", "runtime-modules"], "scan_id": "e968f8d4782f23e24bbab1860446a22338887cf26c77b501161fd1801b351aff-1635927706", "unique_sources": 4, "positives": 16, "ssdeep": "49152:s+p0/12HiU30F5uamlv54PgtKMnYGjYD4qpXZCgJm0:3p0/SEFfIYqwVDPXfP", "md5": "e9b1bdf2a86a0074dbe0ad4acde69c21", "permalink": "https://www.virustotal.com/gui/file/e968f8d4782f23e24bbab1860446a22338887cf26c77b501161fd1801b351aff/detection/f-e968f8d4782f23e24bbab1860446a22338887cf26c77b501161fd1801b351aff-1635927706", "sha1": "089da3b18da2d71669343746d7c87498448dfe0d", "submission": {"submitter_region": "s", "date": "2021-11-03 08:21:46", "submitter_country": "BO", "filename": null}, "response_code": 1, "community_reputation": 0, "verbose_msg": "Scan finished, information embedded", "ITW_urls": [], "last_seen": "2021-11-03 08:21:46"}