{"vhash": "358836a13c4561fce0743947cc0f5fa1", "submission_names": ["com.rumibalkhi.ahmadmahmoodimperator.apk"], "scan_date": "2021-11-03 08:30:58", "first_seen": "2017-03-20 21:27:22", "total": 62, "additional_info": {"email_parents": [], "magic": "Zip archive data, at least v2.0 to extract", "exiftool": {"MIMEType": "application/zip", "ZipRequiredVersion": "20", "ZipCRC": "0x1d4315e9", "FileType": "ZIP", "ZipCompression": "Deflated", "ZipUncompressedSize": "6168", "ZipCompressedSize": "2402", "FileTypeExtension": "zip", "ZipFileName": "META-INF/MANIFEST.MF", "ZipBitFlag": "0x0808", "ZipModifyDate": "2017:01:14 21:03:00"}, "trid": "Android Package (60.1%)\nJava Archive (21.0%)\nMozilla Archive Format (gen) (10.9%)\nZIP compressed archive (6.2%)\nPrintFox/Pagefox bitmap (640x800) (1.5%)", "positives_delta": 1, "compressedview": {"highest_datetime": "2017-01-14 21:03:02", "lowest_datetime": "2016-09-27 11:13:02", "num_children": 78, "extensions": {"dex": 1, "xml": 6, "MF": 1, "htc": 2, "svg": 1, "RSA": 1, "jpg": 13, "js": 7, "otf": 1, "eot": 1, "SF": 1, "ttf": 1, "css": 3, "png": 23}, "file_types": {"DEX": 1, "XML": 7, "JPG": 13, "PNG": 23, "unknown": 34}, "type": "APK", "children": [{"datetime": "2017-01-14 21:03:00", "sha256": "aac468828e162678c065da7866306366242b1e8bde29be2314d8433573ac71f8", "type": "unknown", "filename": "META-INF/MANIFEST.MF", "size": 6168}, {"datetime": "2017-01-14 21:03:00", "sha256": "7c121693cf89806b98afca9b245f065df62a0d0bf695204a689f2deb78927483", "type": "unknown", "filename": "META-INF/CERT.SF", "size": 6221}, {"datetime": "2017-01-14 21:03:00", "sha256": "e3c15320d6703088d3a6dd9aed86698f0cf4c7279566f33c61019944a52395ce", "type": "unknown", "filename": "META-INF/CERT.RSA", "size": 1597}, {"detection_ratio": [0, 70], "datetime": "2017-01-14 21:02:58", "filename": "res/drawable-xhdpi/exit.png", "sha256": "f1bd0146c56fb19615aa5517b66b22d52a8dda7638eb8b6333087ffd0497ab30", "type": "PNG", "size": 1118}, {"detection_ratio": [0, 59], "datetime": "2017-01-14 21:03:02", "filename": "assets/assets/sass/ie8.scss", "sha256": "86bc62d8899a2f7a1175d7e09234fbba3d06cb1b8ed7fd2429227fca8ba0094c", "type": "unknown", "size": 1394}, {"datetime": "2017-01-14 15:12:20", "sha256": "4e631d639812d8dbb3008129d6a2e9ca55d0521593de955fdaaa4ed7f7daae8d", "type": "PNG", "filename": "assets/images/avatar.png", "size": 58558}, {"detection_ratio": [0, 63], "datetime": "2017-01-14 21:03:02", "filename": "assets/assets/sass/libs/_functions.scss", "sha256": "9a337e6f399fa4408abdd31f8aeb6e0d137adcf26a360e156aeb672e90568c14", "type": "unknown", "size": 787}, {"detection_ratio": [0, 70], "datetime": "2017-01-14 21:02:58", "filename": "res/drawable-xxxhdpi/ic_share_white_24dp.png", "sha256": "65a29c879879236b8d0abea59a3d090e59cebb5fd026d1e73665c7668ead3b78", "type": "PNG", "size": 1491}, {"detection_ratio": [0, 74], "datetime": "2017-01-14 21:03:02", "filename": "assets/assets/fonts/fontawesome-webfont.svg", "sha256": "8e3586389bb4cd01b3f85bb3b622739bde6627f28bba63a020c223ca9cf1b9ae", "type": "XML", "size": 391622}, {"detection_ratio": [0, 74], "datetime": "2017-01-14 21:03:02", "filename": "assets/assets/fonts/fontawesome-webfont.ttf", "sha256": "ae19e2e4c04f2b04bf030684c4c1db8faf5c8fe3ee03d1e0c409046608b38912", "type": "unknown", "size": 152796}, {"detection_ratio": [0, 73], "datetime": "2017-01-14 21:03:02", "filename": "assets/assets/js/ie/PIE.htc", "sha256": "7f460ab002f1bfbed953d1cd100ca515fd453fbc076c6737724a9e4875875d96", "type": "unknown", "size": 41041}, {"datetime": "2017-01-14 21:02:58", "sha256": "1600a15f57630b3c3616b2b0cd7ee9ef07c9b350d8fba92f60d0a1583f2824f3", "type": "PNG", "filename": "res/drawable/wheel.png", "size": 5561}, {"datetime": "2017-01-14 21:03:02", "sha256": "1b607506b2583426fd9e6c66b460fb192e08cc7455b34378a951b5f75056590f", "type": "unknown", "filename": "assets/assets/css/main.css", "size": 54906}, {"datetime": "2017-01-14 21:03:02", "sha256": "bec448f2e5222d6beb3220954d2af5a84e6551db5e44c88a6d07334134311cd5", "type": "unknown", "filename": "assets/masnavi.html", "size": 25148}, {"detection_ratio": [0, 56], "datetime": "2016-09-27 11:13:02", "filename": "assets/images/thumbs/05.jpg", "sha256": "cc0d1463dc0efacdf8c85174719f786750d56ea4f7685ce72cbedb0e3753c1fb", "type": "JPG", "size": 3104}, {"detection_ratio": [0, 55], "datetime": "2017-01-14 21:03:02", "filename": "assets/assets/sass/libs/_skel.scss", "sha256": "9c9808d763372a91ed7c458121a8f08c56e39c083647087cd17d88c96ffae82d", "type": "unknown", "size": 16468}, {"datetime": "2017-01-14 20:44:56", "sha256": "b0e6360008a0efc261969dfee57c0788ce75a6b5bd17834d98f1b210c468e386", "type": "PNG", "filename": "assets/icon.png", "size": 59905}, {"detection_ratio": [0, 74], "datetime": "2017-01-14 21:03:02", "filename": "assets/assets/js/skel.min.js", "sha256": "ddef8dbceabe0ffc9e272d6aad6a5890452be9294e08be661e97369d97d7ef81", "type": "unknown", "size": 9085}, {"detection_ratio": [0, 70], "datetime": "2017-01-14 21:03:02", "filename": "assets/assets/js/ie/respond.min.js", "sha256": "82069c15edd6943dfaa59f5ac3f6acc86fd44a28fe925e410ccdcadec194a8ba", "type": "unknown", "size": 4591}, {"detection_ratio": [0, 71], "datetime": "2017-01-14 21:02:58", "filename": "res/drawable-mdpi/ic_share_white_24dp.png", "sha256": "864fb871696d0f37514911cf785e31cce704ba12982004a46ef26a8233470e38", "type": "PNG", "size": 512}, {"detection_ratio": [0, 56], "datetime": "2016-09-27 11:13:02", "filename": "assets/images/fulls/01.jpg", "sha256": "d2e0622ccc9d7cf8d44fc27cdff4a8b7f59dae05dc61dc7f50c7b2039397e877", "type": "JPG", "size": 8710}, {"detection_ratio": [0, 74], "datetime": "2017-01-14 21:03:02", "filename": "assets/assets/css/font-awesome.min.css", "sha256": "008a1d103902f15fdb1c191fcb1ce8954330e7b8de43d09abb08555ba609f420", "type": "unknown", "size": 29063}, {"detection_ratio": [0, 57], "datetime": "2016-09-27 11:13:02", "filename": "assets/assets/css/images/overlay.png", "sha256": "2613ee21f97feec378b8cfbb6f25a285c5e9a422dc7ef80f9720be2b78e7a101", "type": "PNG", "size": 24034}, {"detection_ratio": [0, 70], "datetime": "2017-01-14 21:02:58", "filename": "res/drawable-mdpi/exit.png", "sha256": "4c6f9eaa9b20bb8f6ebb7de2b01f6f2ba3ab992b0a8f9e3f6e8b0ae11975fa4a", "type": "PNG", "size": 577}, {"detection_ratio": [0, 60], "datetime": "2017-01-14 21:03:02", "filename": "assets/assets/sass/main.scss", "sha256": "7087a760af7e79a3857e46252f3f919e4348bb0edcffff59d7f713d111841317", "type": "unknown", "size": 24630}, {"detection_ratio": [0, 74], "datetime": "2017-01-14 21:03:02", "filename": "assets/assets/fonts/FontAwesome.otf", "sha256": "ecd72f31910a8ee2726fd17bd459be26f230779f3f3ed5f69ebf829e4b12e768", "type": "unknown", "size": 124988}, {"detection_ratio": [0, 73], "datetime": "2016-09-27 11:13:02", "filename": "assets/assets/fonts/fontawesome-webfont.woff2", "sha256": "7dacf83f51179de8d7980a513e67ab3a08f2c6272bb5946df8fd77c0d1763b73", "type": "unknown", "size": 71896}, {"detection_ratio": [0, 73], "datetime": "2017-01-14 21:03:02", "filename": "assets/assets/js/jquery.poptrox.min.js", "sha256": "2ec91867e80df3ceaa9ba627a9938cc4aba97096be618cf3adc230156e8a7fd8", "type": "unknown", "size": 12113}, {"detection_ratio": [0, 75], "datetime": "2017-01-14 21:03:02", "filename": "assets/assets/js/ie/backgroundsize.min.htc", "sha256": "cbdb6d9bf1733c7937dd54c356f4b883d1c3313baf8fc07e39dd83fdb74359db", "type": "unknown", "size": 3810}, {"detection_ratio": [0, 71], "datetime": "2017-01-14 21:02:58", "filename": "res/drawable-hdpi/about.png", "sha256": "0b53a0be6e2d27358a1ac5d248a22033075375a83a1e122db8efa83328d821ae", "type": "PNG", "size": 743}, {"detection_ratio": [0, 56], "datetime": "2016-09-27 11:13:02", "filename": "assets/images/thumbs/06.jpg", "sha256": "19b2c2c797b08fae39e39bd5328507595e81a2f9a1ef84faef7eaf51609199b1", "type": "JPG", "size": 3102}, {"datetime": "2017-01-14 21:02:58", "sha256": "02e3001e3d39036582b915deafa76a259d5fe3eef82899820622d3e851194ead", "type": "unknown", "filename": "resources.arsc", "size": 5140}, {"detection_ratio": [0, 75], "datetime": "2017-01-14 21:02:58", "filename": "res/drawable-mdpi/about.png", "sha256": "dc0902f1bc2460db4a2a75f00c88d75be3f30490ce85230b133b85ba3e1df505", "type": "PNG", "size": 497}, {"datetime": "2017-01-14 21:03:02", "sha256": "58cdf55d6f9bbd600fe57662cc1cc4027f228105036493e99669c7ea57cc3e5c", "type": "unknown", "filename": "assets/qasaid.html", "size": 37358}, {"detection_ratio": [0, 56], "datetime": "2016-09-27 11:13:02", "filename": "assets/images/fulls/02.jpg", "sha256": "325b55c2cbbd79b3a926d7740a81449391f49699a0369f37431d55fea83a1ce9", "type": "JPG", "size": 8367}, {"datetime": "2017-01-14 21:03:02", "sha256": "8aeacde564498770ba9fa499ccb0846bf68c75bfa65527d16d214428e6c4a5b2", "type": "unknown", "filename": "assets/index.html", "size": 21130}, {"detection_ratio": [0, 70], "datetime": "2017-01-14 21:02:58", "filename": "res/drawable-hdpi/exit.png", "sha256": "0c0485e13e24014b7cd3ed8b3646f51553cdae993d6b671c1bbcc67e1f658b69", "type": "PNG", "size": 839}, {"detection_ratio": [0, 56], "datetime": "2016-09-27 11:13:02", "filename": "assets/images/thumbs/02.jpg", "sha256": "5f143c08d46dde3f65b00409038f5e45d695b1383f282ac0d75eec592e9546cd", "type": "JPG", "size": 3631}, {"datetime": "2017-01-14 21:03:02", "sha256": "c53310c1ec7e5a924d0378f03c06536d7539c7aadc3922b685e7eac45a9e1e9c", "type": "XML", "filename": "AndroidManifest.xml", "size": 3152}, {"detection_ratio": [0, 56], "datetime": "2016-09-27 11:13:02", "filename": "assets/images/fulls/03.jpg", "sha256": "4ad237db5615ae115914d4f6b75e0dda71b36205bb5431704989f87fcabfce7e", "type": "JPG", "size": 9379}, {"datetime": "2017-01-14 21:03:02", "sha256": "9a8e4d3b226b6d3b28f9ed836ca17dfd9ebbb8533f76fd90aec8958b6f87ebfd", "type": "unknown", "filename": "assets/musadas.html", "size": 36362}, {"detection_ratio": [0, 72], "datetime": "2017-01-14 21:03:02", "filename": "res/layout/video_progress.xml", "sha256": "6dce398742e1715c0f3b2f73b17dfb8954a5e621516c0aa9d096acd62a756d6e", "type": "XML", "size": 1016}, {"detection_ratio": [0, 69], "datetime": "2017-01-14 21:02:58", "filename": "res/drawable-xxhdpi/ic_share_white_24dp.png", "sha256": "2dcc12e20690a4444ac683ae421f95d55fcc18cdb0b6223be26a75e75e655241", "type": "PNG", "size": 1142}, {"datetime": "2017-01-14 21:02:58", "sha256": "b05fefd441a275391b6e3e93ec85f62604f7a11862855fb38e2416b65bd67242", "type": "PNG", "filename": "res/drawable/ic_launcher.png", "size": 57054}, {"detection_ratio": [0, 71], "datetime": "2017-01-14 21:03:02", "filename": "assets/assets/js/main.js", "sha256": "b13cda1f91f52029f7757dfc449d612a9713debcba85a2a98c55b695a9be9ba6", "type": "unknown", "size": 3037}, {"detection_ratio": [0, 74], "datetime": "2017-01-14 21:03:02", "filename": "res/layout-v17/activity_main.xml", "sha256": "12cefba1245fb618d2e9d7b59265a087e892c639c09509039a3e3053b9110c1d", "type": "XML", "size": 2064}, {"detection_ratio": [0, 56], "datetime": "2017-01-14 21:03:02", "filename": "assets/assets/sass/libs/_vars.scss", "sha256": "97ad14f48739a82cb46daf8266b60f7e4f69fafac4dcef0317ca856bdd286ca5", "type": "unknown", "size": 1193}, {"detection_ratio": [0, 76], "datetime": "2017-01-14 21:02:58", "filename": "res/drawable-xxhdpi/exit.png", "sha256": "2ee248c037a6172896c4562fd6dfd6e749508c352290d8f586f37bd363ed6af8", "type": "PNG", "size": 1527}, {"detection_ratio": [0, 70], "datetime": "2017-01-14 21:02:58", "filename": "res/drawable-xxxhdpi/exit.png", "sha256": "33b1c92a2dd135ae21cfda34ab6f7608f4af32397e5c496c0181a2998c396c2a", "type": "PNG", "size": 2027}, {"detection_ratio": [0, 73], "datetime": "2017-01-14 21:03:02", "filename": "assets/assets/js/ie/html5shiv.js", "sha256": "7d8c569f72ce69b0cbae60a34672416ddc41aabd58df8b889728750f1f69d2bc", "type": "unknown", "size": 2380}, {"detection_ratio": [0, 71], "datetime": "2017-01-14 21:02:58", "filename": "res/drawable-xxxhdpi/about.png", "sha256": "14fbf5f9e9581766848c8dea7c645ef50481a580a82179be47c6a09d068345f6", "type": "PNG", "size": 1846}, {"detection_ratio": [0, 56], "datetime": "2016-09-27 11:13:02", "filename": "assets/images/thumbs/01.jpg", "sha256": "cb9f1de20ae484f8f1b3f542c9401648e9cabf6c52cf781ba0afcbe5026bf7fb", "type": "JPG", "size": 3795}, {"datetime": "2017-01-14 21:02:58", "sha256": "cdf785e6b9fea7c14cd94de349e516177a5c400f4b2197c778f4725b37e8c1a6", "type": "PNG", "filename": "res/drawable/splash.png", "size": 146877}, {"detection_ratio": [0, 74], "datetime": "2017-01-14 21:03:02", "filename": "assets/404r.html", "sha256": "5f7517265c637c7e0e864eb64c06203f6694cf6e77b12e9012f1b3fde899ba76", "type": "unknown", "size": 215}, {"detection_ratio": [0, 60], "datetime": "2017-01-14 21:03:02", "filename": "assets/assets/css/ie8.css", "sha256": "c8e477100e6400511fd48c63ec0c335b6de5b1f8605ee88f5ef59137742785d4", "type": "unknown", "size": 1230}, {"detection_ratio": [0, 54], "datetime": "2017-01-14 21:03:02", "filename": "assets/assets/sass/libs/_mixins.scss", "sha256": "b9e92f657d4007ef6f9b966762da9d620d8ad6545de5276c9443af4c0a8a89cf", "type": "unknown", "size": 1723}, {"detection_ratio": [0, 74], "datetime": "2017-01-14 21:03:02", "filename": "res/menu/menu_main.xml", "sha256": "90beb5bc6edced37a536638559bfffd0a66d8360f361ad9d6490e341534f7b71", "type": "XML", "size": 852}, {"datetime": "2017-01-14 21:03:02", "sha256": "bc35130b65046b1eb21e10f391153a9ef93d5314b66af63ed3c5c5478912a472", "type": "unknown", "filename": "assets/ghazals.html", "size": 63621}, {"detection_ratio": [0, 72], "datetime": "2017-01-14 21:03:02", "filename": "assets/assets/js/util.js", "sha256": "c2e1e72b0de356f6ce184e3af4fa8ab6590a2581162905a27d77886b2d960e00", "type": "unknown", "size": 12433}, {"detection_ratio": [0, 56], "datetime": "2016-09-27 11:13:02", "filename": "assets/images/fulls/04.jpg", "sha256": "94529aa2dd2fd7f13f052dc22f38011302e4c57897562f06f784c21a1adebf92", "type": "JPG", "size": 7489}, {"datetime": "2017-01-14 15:10:52", "sha256": "823fb7e13650e0a167619534afe0b89713f21e0a6bcc6b934971c086c06a90aa", "type": "PNG", "filename": "assets/Loading.png", "size": 171458}, {"detection_ratio": [0, 71], "datetime": "2017-01-14 21:02:58", "filename": "res/drawable-xxhdpi/about.png", "sha256": "630b7d58c5a4cf31a253f4b1e2a2d9595e691163e8783d3b90e6206c4d986750", "type": "PNG", "size": 1385}, {"detection_ratio": [0, 56], "datetime": "2016-09-27 11:13:02", "filename": "assets/images/fulls/06.jpg", "sha256": "63c1d2fed094152584a29600d988d4412a74b8b2c5b9e6a51929035f079ac55b", "type": "JPG", "size": 6790}, {"detection_ratio": [0, 74], "datetime": "2017-01-14 21:03:02", "filename": "res/layout/spinr.xml", "sha256": "8d2a48fa2a14d8069b4dc614241bfb64611a01ab70a069d6cf357843b54c7c2c", "type": "XML", "size": 560}, {"detection_ratio": [0, 72], "datetime": "2016-09-27 11:13:02", "filename": "assets/assets/fonts/fontawesome-webfont.woff", "sha256": "adbc4f95eb6d7f2738959cf0ecbc374672fce47e856050a8e9791f457623ac2c", "type": "unknown", "size": 90412}, {"detection_ratio": [0, 56], "datetime": "2016-09-27 11:13:02", "filename": "assets/images/thumbs/04.jpg", "sha256": "41d04f7ed11008c20bcd61eee04372fa1397d2bec660c3ec6451dfee8ebe125e", "type": "JPG", "size": 3487}, {"detection_ratio": [0, 74], "datetime": "2017-01-14 21:03:02", "filename": "res/layout/activity_main.xml", "sha256": "3d5820bca404b8caa08fdae76380bed0befacaef82228934b1ae5b49bb396c67", "type": "XML", "size": 1848}, {"datetime": "2017-01-14 15:13:06", "sha256": "8c9e6ab14bf907e09ec3c5d021064c0dcfc7f7c9afd7a9c385f3057821f2b7c1", "type": "JPG", "filename": "assets/images/bg.jpg", "size": 216365}, {"detection_ratio": [0, 70], "datetime": "2017-01-14 21:02:58", "filename": "res/drawable-hdpi/ic_share_white_24dp.png", "sha256": "665649b59c0eff6eb826db768f77b0597c3550ee7ab88d70f39dcd22f00424e9", "type": "PNG", "size": 758}, {"detection_ratio": [0, 56], "datetime": "2016-09-27 11:13:02", "filename": "assets/images/fulls/05.jpg", "sha256": "63040b7304078d2f8d8bcb02b0f634ba14e063d91945d558b613df8dc4970104", "type": "JPG", "size": 6799}, {"datetime": "2017-01-14 15:22:44", "sha256": "cffc5f69dae6b02afa40585bbfc0d328ea65127a9bcdfdb3751ae1634f299e1e", "type": "PNG", "filename": "assets/1024x500.png", "size": 72491}, {"detection_ratio": [0, 71], "datetime": "2017-01-14 21:02:58", "filename": "res/drawable-xhdpi/ic_share_white_24dp.png", "sha256": "50847fad934b514f2f26dfc473355df57756e83975e1fef282606aa20892de1e", "type": "PNG", "size": 889}, {"detection_ratio": [0, 73], "datetime": "2017-01-14 21:03:02", "filename": "assets/assets/js/jquery.min.js", "sha256": "ecb916133a9376911f10bc5c659952eb0031e457f5df367cde560edbfba38fb8", "type": "unknown", "size": 95957}, {"detection_ratio": [0, 56], "datetime": "2016-09-27 11:13:02", "filename": "assets/images/thumbs/03.jpg", "sha256": "1196decb667e447fbf4890ee2d516f746018ecd08cc326e3ff59aa0fa59c5b73", "type": "JPG", "size": 3931}, {"datetime": "2017-01-14 21:03:02", "sha256": "430293c0ed529056824a2b319f27c53d2f190b5f8d051ebeb97f35732b45d037", "type": "unknown", "filename": "assets/mukhamas.html", "size": 64933}, {"detection_ratio": [0, 76], "datetime": "2017-01-14 21:02:58", "filename": "res/drawable-xhdpi/about.png", "sha256": "1cfd35b9eea5588861dd9dab1ba2cc87bbabf4bb82c10746cf21dbed6c51bbed", "type": "PNG", "size": 992}, {"detection_ratio": [3, 75], "datetime": "2017-01-14 21:03:02", "filename": "classes.dex", "sha256": "c939f08f256f741668ab2f62f5773290d9e372ae469d34626a1e752fff7c6ddd", "type": "DEX", "size": 19380}, {"detection_ratio": [0, 73], "datetime": "2016-09-27 11:13:02", "filename": "assets/assets/fonts/fontawesome-webfont.eot", "sha256": "50bbe9192697e791e2ee4ef73917aeb1b03e727dff08a1fc8d74f00e4aa812e1", "type": "unknown", "size": 76518}], "uncompressed_size": 2418068}, "androguard": {"Activities": ["com.rumibalkhi.ahmadmahmoodimperator.MainActivity"], "AndroidVersionCode": "1", "certificate": {"validto": "2070-05-19 17:50:56", "serialnumber": "a19cbe2e64a16371", "Issuer": {"DN": "C:IN, CN:Pravesh Agrawal, L:Jabalpur, O:Goyal, ST:Madhya-Pradesh, OU:Goyal Traders, email:praveshagrawal97@gmail.com", "C": "IN", "CN": "Pravesh Agrawal", "L": "Jabalpur", "O": "Goyal", "ST": "Madhya-Pradesh", "OU": "Goyal Traders", "email": "praveshagrawal97@gmail.com"}, "thumbprint": "6d2aa36c370d8b6156dba70798a8c6c728265404", "validfrom": "2015-08-16 17:50:56", "Subject": {"DN": "C:IN, CN:Pravesh Agrawal, L:Jabalpur, O:Goyal, ST:Madhya-Pradesh, OU:Goyal Traders, email:praveshagrawal97@gmail.com", "C": "IN", "CN": "Pravesh Agrawal", "L": "Jabalpur", "O": "Goyal", "ST": "Madhya-Pradesh", "OU": "Goyal Traders", "email": "praveshagrawal97@gmail.com"}}, "VTAndroidInfo": 2, "AndroidApplication": 1, "Package": "com.rumibalkhi.ahmadmahmoodimperator", "intent-filters": {"Activities": {"com.rumibalkhi.ahmadmahmoodimperator.MainActivity": {"action": ["android.intent.action.MAIN"], "category": ["android.intent.category.LAUNCHER"]}}}, "Main Activity": "com.rumibalkhi.ahmadmahmoodimperator.MainActivity", "AndroidApplicationError": false, "AndroidVersionName": "1.0", "RiskIndicator": {"APK": {"DEX": 1}, "PERM": {"DANGEROUS": 1, "GPS": 1, "NORMAL": 3, "PRIVACY": 2, "INTERNET": 1}}, "MinSdkVersion": "11", "AndroidApplicationInfo": "APK", "TargetSdkVersion": "22", "AndroguardVersion": "3.4.0a1", "Permissions": {"android.permission.ACCESS_FINE_LOCATION": ["dangerous", "precise location (GPS and\n      network-based)", "Allows the app to get your\n      precise location using the Global Positioning System (GPS) or network\n      location sources such as cell towers and Wi-Fi. These location services\n      must be turned on and available to your device for the app to use them.\n      Apps may use this to determine where you are, and may consume additional\n      battery power."], "android.permission.VIBRATE": ["normal", "control vibration", "Allows the app to control the vibrator."], "android.permission.READ_EXTERNAL_STORAGE": ["normal", "read the contents of your SD card", "Allows the app to read the contents of your SD card."], "android.permission.ACCESS_NETWORK_STATE": ["normal", "view network connections", "Allows the app to view\n      information about network connections such as which networks exist and are\n      connected."], "android.permission.CAMERA": ["dangerous", "take pictures and videos", "Allows the app to take pictures and videos\n      with the camera.  This permission allows the app to use the camera at any\n      time without your confirmation."], "android.permission.INTERNET": ["dangerous", "full network access", "Allows the app to create\n     network sockets and use custom network protocols. The browser and other\n     applications provide means to send data to the internet, so this\n     permission is not required to send data to the internet."], "android.permission.WRITE_EXTERNAL_STORAGE": ["dangerous", "modify or delete the contents of your SD card", "Allows the app to write to the SD card."]}}, "f-prot-unpacker": "UTF-8"}, "size": 1629650, "authentihash": null, "times_submitted": 3, "harmless_votes": 0, "malicious_votes": 0, "sha256": "fde80d07daef3876e6312e7884e6fa417395cdcc863342de20bd69c95860024d", "type": "Android", "scans": {"Bkav": {"detected": false, "version": "1.3.0.9899", "result": null, "update": "20211102"}, "Lionic": {"detected": true, "version": "4.2", "result": "Trojan.AndroidOS.Generic.C!c", "update": "20211103"}, "ClamAV": {"detected": false, "version": "0.104.0.0", "result": null, "update": "20211102"}, "CMC": {"detected": false, "version": "2.10.2019.1", "result": null, "update": "20211026"}, "CAT-QuickHeal": {"detected": true, "version": "14.00", "result": "Android.AndroidosCAD.ZE", "update": "20211103"}, "McAfee": {"detected": true, "version": "6.0.6.653", "result": "Artemis!26AF7B239BAA", "update": "20211103"}, "ALYac": {"detected": false, "version": "1.1.3.1", "result": null, "update": "20211103"}, "Malwarebytes": {"detected": false, "version": "4.2.2.27", "result": null, "update": "20211103"}, "VIPRE": {"detected": false, "version": "96678", "result": null, "update": "20211103"}, "Sangfor": {"detected": false, "version": "2.9.0.0", "result": null, "update": "20210930"}, "K7AntiVirus": {"detected": false, "version": "11.225.39131", "result": null, "update": "20211103"}, "Alibaba": {"detected": false, "version": "0.3.0.5", "result": null, "update": "20190527"}, "K7GW": {"detected": true, "version": "11.225.39131", "result": "Trojan ( 0053ca141 )", "update": "20211103"}, "Trustlook": {"detected": true, "version": "1.0", "result": "Android.PUA.General", "update": "20211103"}, "Arcabit": {"detected": false, "version": "1.0.0.886", "result": null, "update": "20211103"}, "Baidu": {"detected": false, "version": "1.0.0.2", "result": null, "update": "20190318"}, "Cyren": {"detected": false, "version": "6.3.0.2", "result": null, "update": "20211103"}, "SymantecMobileInsight": {"detected": true, "version": "2.0", "result": "Other:Android.Reputation.2", "update": "20210126"}, "Symantec": {"detected": true, "version": "1.16.0.0", "result": "Trojan.Gen.2", "update": "20211103"}, "ESET-NOD32": {"detected": false, "version": "24229", "result": null, "update": "20211103"}, "TrendMicro-HouseCall": {"detected": false, "version": "10.0.0.1040", "result": null, "update": "20211101"}, "Avast": {"detected": false, "version": "21.1.5827.0", "result": null, "update": "20211103"}, "Cynet": {"detected": true, "version": "4.0.0.27", "result": "Malicious (score: 99)", "update": "20211103"}, "Kaspersky": {"detected": false, "version": "21.0.1.45", "result": null, "update": "20211103"}, "BitDefender": {"detected": false, "version": "7.2", "result": null, "update": "20211103"}, "NANO-Antivirus": {"detected": false, "version": "1.0.146.25370", "result": null, "update": "20211103"}, "SUPERAntiSpyware": {"detected": false, "version": "5.6.0.1032", "result": null, "update": "20211030"}, "MicroWorld-eScan": {"detected": false, "version": "14.0.409.0", "result": null, "update": "20211103"}, "Rising": {"detected": false, "version": "25.0.0.26", "result": null, "update": "20211103"}, "Ad-Aware": {"detected": false, "version": "3.0.21.193", "result": null, "update": "20211103"}, "Emsisoft": {"detected": false, "version": "2021.5.0.7597", "result": null, "update": "20211103"}, "Comodo": {"detected": false, "version": "34044", "result": null, "update": "20211102"}, "F-Secure": {"detected": false, "version": "12.0.86.52", "result": null, "update": "20211103"}, "DrWeb": {"detected": false, "version": "7.0.52.8270", "result": null, "update": "20211103"}, "Zillya": {"detected": false, "version": "2.0.0.4487", "result": null, "update": "20211102"}, "TrendMicro": {"detected": false, "version": "11.0.0.1006", "result": null, "update": "20211103"}, "McAfee-GW-Edition": {"detected": true, "version": "v2019.1.2+3728", "result": "Artemis", "update": "20211102"}, "FireEye": {"detected": false, "version": "32.44.1.0", "result": null, "update": "20211103"}, "Sophos": {"detected": false, "version": "1.4.1.0", "result": null, "update": "20211103"}, "Ikarus": {"detected": true, "version": "0.1.5.2", "result": "Trojan.AndroidOS.FakeApp", "update": "20211102"}, "Avast-Mobile": {"detected": true, "version": "211102-00", "result": "APK:RepSandbox [Trj]", "update": "20211102"}, "Jiangmin": {"detected": false, "version": "16.0.100", "result": null, "update": "20211102"}, "Avira": {"detected": true, "version": "8.3.3.12", "result": "ANDROID/Clicker.AMAC.Gen", "update": "20211103"}, "Antiy-AVL": {"detected": false, "version": "3.0.0.1", "result": null, "update": "20211103"}, "Kingsoft": {"detected": false, "version": "2017.9.26.565", "result": null, "update": "20211103"}, "Gridinsoft": {"detected": false, "version": "1.0.60.158", "result": null, "update": "20211103"}, "Microsoft": {"detected": true, "version": "1.1.18700.4", "result": "Trojan:Script/Wacatac.B!ml", "update": "20211103"}, "ViRobot": {"detected": false, "version": "2014.3.20.0", "result": null, "update": "20211103"}, "ZoneAlarm": {"detected": false, "version": "1.0", "result": null, "update": "20211102"}, "GData": {"detected": false, "version": "A:25.31229B:27.25015", "result": null, "update": "20211103"}, "BitDefenderFalx": {"detected": false, "version": "2.0.936", "result": null, "update": "20210610"}, "AhnLab-V3": {"detected": false, "version": "3.21.1.10219", "result": null, "update": "20211103"}, "BitDefenderTheta": {"detected": false, "version": "7.2.37796.0", "result": null, "update": "20211021"}, "TACHYON": {"detected": false, "version": "2021-11-03.02", "result": null, "update": "20211103"}, "VBA32": {"detected": false, "version": "5.0.0", "result": null, "update": "20211102"}, "Zoner": {"detected": false, "version": "0.0.0.0", "result": null, "update": "20211102"}, "Tencent": {"detected": true, "version": "1.0.0.1", "result": "Android.Trojan.Fakeapp.Hrzj", "update": "20211103"}, "Yandex": {"detected": false, "version": "5.5.2.24", "result": null, "update": "20211103"}, "MAX": {"detected": false, "version": "2019.9.16.1", "result": null, "update": "20211103"}, "MaxSecure": {"detected": false, "version": "1.0.0.1", "result": null, "update": "20211102"}, "Fortinet": {"detected": true, "version": "6.2.142.0", "result": "Android/Clicker.KK!tr", "update": "20211103"}, "Panda": {"detected": false, "version": "4.6.4.2", "result": null, "update": "20211102"}}, "tags": ["apk", "android", "reflection", "telephony"], "scan_id": "fde80d07daef3876e6312e7884e6fa417395cdcc863342de20bd69c95860024d-1635928258", "unique_sources": 2, "positives": 15, "ssdeep": "49152:0vxIr+0ut9vS0ANfZrA2C6vPxxkRHremZnSwBYi:cxsutJpyxrA2lx4LPZnhD", "md5": "26af7b239baaa0f602f898ab54941159", "permalink": "https://www.virustotal.com/gui/file/fde80d07daef3876e6312e7884e6fa417395cdcc863342de20bd69c95860024d/detection/f-fde80d07daef3876e6312e7884e6fa417395cdcc863342de20bd69c95860024d-1635928258", "sha1": "675f95840b7806de51aef9b0b8a62ff53531e115", "submission": {"submitter_region": "l", "date": "2021-11-03 08:30:58", "submitter_country": "LU", "filename": "FDE80D07DAEF3876E6312E7884E6FA417395CDCC863342DE20BD69C95860024D"}, "response_code": 1, "community_reputation": 0, "verbose_msg": "Scan finished, information embedded", "ITW_urls": [], "last_seen": "2021-11-03 08:30:58"}