"0","json_df_filtrados<-sha_datos_scans.detected"
"0","colnames(json_df_filtrados)<-gsub(""-"" , ""."", colnames(json_df_filtrados))"
"0","json_df_filtrados<-as.data.frame(json_df_filtrados)"
"0","i<-1"
"0","total_filas<-0"
"0","total<-nrow(sha_datos_scans.detected)"
"0","while (total_filas < total*0.9) {"
"0","  mayor<- nombres_eliminar[i]"
"0","  json_df_filtrados <- select(json_df_filtrados, -mayor)"
"0","  total_filas <- nrow (na.omit(json_df_filtrados))"
"0","  i<-i+1"
"0","}"
"1","Note: Using an external vector in selections is ambiguous.
[34mi[39m Use `all_of(mayor)` instead of `mayor` to silence this message.
[34mi[39m See <https://tidyselect.r-lib.org/reference/faq-external-vector.html>.
[90mThis message is displayed once per session.[39m
"
"0","json_df_filtrados<- na.omit(json_df_filtrados)"
"0","colnames(json_df_filtrados) <- gsub(""scans."","""",colnames(json_df_filtrados))"
"0","colnames(json_df_filtrados) <- gsub("".detected"","""",colnames(json_df_filtrados))"
"0","datos_df_filtrados <- as.data.frame(select(json_df_filtrados, -c(""sha256"",""total"",""positives"")))"
"0","tabla <- sapply(datos_df_filtrados , table)"
"0","tabla_df <- data.frame(t(unlist(tabla)))"
"0","tabla_unos <- as.data.frame(t(select(tabla_df , matches( ""*.TRUE$""))))"
