{"chunk_definitions":[{"row":13,"row_count":1,"visible":true,"expansion_state":0,"options":{"engine":"r","echo":false,"label":"unnamed-chunk-25"},"document_id":"C2334BC3","chunk_id":"c1dxfgdj5i71p","chunk_label":"unnamed-chunk-2"},{"row":67,"row_count":1,"visible":true,"expansion_state":0,"options":{"engine":"r","include":false,"label":"unnamed-chunk-36"},"document_id":"C2334BC3","chunk_id":"cx777mz691ndq","chunk_label":"unnamed-chunk-3"},{"row":75,"row_count":1,"visible":true,"expansion_state":0,"options":{"engine":"r","label":"unnamed-chunk-27"},"document_id":"C2334BC3","chunk_id":"cufrqa0c8wb5i","chunk_label":"unnamed-chunk-4"},{"row":101,"row_count":1,"visible":true,"expansion_state":0,"options":{"engine":"r","label":"unnamed-chunk-28"},"document_id":"C2334BC3","chunk_id":"cv9cd2lp1bdes","chunk_label":"unnamed-chunk-5"},{"row":114,"row_count":1,"visible":true,"expansion_state":0,"options":{"engine":"r","label":"unnamed-chunk-29"},"document_id":"C2334BC3","chunk_id":"cugrhu9m9zcvl","chunk_label":"unnamed-chunk-6"},{"row":127,"row_count":1,"visible":true,"expansion_state":0,"options":{"engine":"r","label":"unnamed-chunk-30"},"document_id":"C2334BC3","chunk_id":"cjxekugoffex9","chunk_label":"unnamed-chunk-7"},{"row":138,"row_count":1,"visible":true,"expansion_state":0,"options":{"engine":"r","label":"unnamed-chunk-31"},"document_id":"C2334BC3","chunk_id":"cacu7sdzliow7","chunk_label":"unnamed-chunk-8"},{"row":163,"row_count":1,"visible":true,"expansion_state":0,"options":{"engine":"r","warning":false,"message":false,"label":"unnamed-chunk-32"},"document_id":"C2334BC3","chunk_id":"craje6n0xiqke","chunk_label":"unnamed-chunk-9"}],"doc_write_time":1653842210}