"0","files <- dir(path, pattern = ""*.json"")"
"0","cl <- makeCluster(detectCores() -1 )"
"0","json_files<-list.files(path =path,pattern=""*.json"",full.names = TRUE)"
"0",""
"0",""
"0",""
"0",""
"0","json_list<-parLapply(cl,json_files,function(x) jsonlite::read_json(path = x , simplifyVector = TRUE))"
"0",""
"0","for (j in 1:length(json_list)) {"
"0","  if(length(json_list[[j]][[""additional_info""]][[""androguard""]][[""Permissions""]]) >0){"
"0","    for (k in 1:length(json_list[[j]][[""additional_info""]][[""androguard""]][[""Permissions""]])){"
"0","      json_list[[j]][[""additional_info""]][[""androguard""]][[""Permissions""]][[k]] <- TRUE"
"0","    }"
"0","  }"
"0","}"
"0",""
"0","stopCluster(cl)"
"0","json_tabla_permisos_cambiados <- json_list %>%"
"0","  spread_all()"
"0",""
