"0","library(jsonlite)"
"0","library(curl)"
"0","library(tidyjson)"
"0","library(dplyr)"
"0","library(purrr)"
"0","library(tidyverse)"
"0","library(jsonlite)"
"0","library(rjson)"
"0","library(cluster)"
"0","library(arules)"
"0","library(tree)"
"0","library(rpart)"
"0","library(rpart.plot)"
"0","library(caTools)"
"0","library(caret)"
"0","library(parallel)"
"0","library(kableExtra)"
"0","library(factoextra)"
"0","library(fpc)"
"0","library(reshape2)"
"0","library(FactoMineR)"
"0","library(MASS)"
"0","library(fcaR)"
"0","library(plotly)"
"0",""
