{"chunk_definitions":[{"row":31,"row_count":1,"visible":true,"expansion_state":0,"options":{"engine":"r","include":false,"label":"unnamed-chunk-54"},"document_id":"B799C3B7","chunk_id":"cu6yq32v0kld7","chunk_label":"unnamed-chunk-1"},{"row":37,"row_count":1,"visible":true,"expansion_state":0,"options":{"engine":"r","label":"unnamed-chunk-41"},"document_id":"B799C3B7","chunk_id":"cnhfjdpwp5250","chunk_label":"unnamed-chunk-2"},{"row":63,"row_count":1,"visible":true,"expansion_state":0,"options":{"engine":"r","label":"unnamed-chunk-42"},"document_id":"B799C3B7","chunk_id":"cnao7z8cw8i2n","chunk_label":"unnamed-chunk-3"},{"row":72,"row_count":1,"visible":true,"expansion_state":0,"options":{"engine":"r","label":"unnamed-chunk-43"},"document_id":"B799C3B7","chunk_id":"cbcyfaw3lfq8a","chunk_label":"unnamed-chunk-4"},{"row":81,"row_count":1,"visible":true,"expansion_state":0,"options":{"engine":"r","label":"unnamed-chunk-44"},"document_id":"B799C3B7","chunk_id":"cumgwzhmtc0ky","chunk_label":"unnamed-chunk-5"},{"row":85,"row_count":1,"visible":true,"expansion_state":0,"options":{"engine":"r","message":true,"warning":false,"echo":true,"results":"hide","label":"unnamed-chunk-45"},"document_id":"B799C3B7","chunk_id":"cdac9hh1fqwzb","chunk_label":"unnamed-chunk-6"},{"row":91,"row_count":1,"visible":true,"expansion_state":0,"options":{"engine":"r","label":"unnamed-chunk-46"},"document_id":"B799C3B7","chunk_id":"cwtdwmpopmic5","chunk_label":"unnamed-chunk-7"},{"row":114,"row_count":1,"visible":true,"expansion_state":0,"options":{"engine":"r","label":"unnamed-chunk-47"},"document_id":"B799C3B7","chunk_id":"cb4ma6flvjpq0","chunk_label":"unnamed-chunk-9"},{"row":130,"row_count":1,"visible":true,"expansion_state":0,"options":{"engine":"r","label":"unnamed-chunk-48"},"document_id":"B799C3B7","chunk_id":"cl9l3it8pih56","chunk_label":"unnamed-chunk-10"},{"row":153,"row_count":1,"visible":true,"expansion_state":0,"options":{"engine":"r","label":"unnamed-chunk-49"},"document_id":"B799C3B7","chunk_id":"cgfsznc15jjn9","chunk_label":"unnamed-chunk-11"},{"row":168,"row_count":1,"visible":true,"expansion_state":0,"options":{"engine":"r","label":"unnamed-chunk-75"},"document_id":"B799C3B7","chunk_id":"cov68xpbtep74","chunk_label":"unnamed-chunk-12"}],"doc_write_time":1653846399}