{
    "sources": [
        {
            "URL": "http://yihui.org/knitr/",
            "author": [
                {
                    "family": "Xie",
                    "given": "Yihui"
                }
            ],
            "edition": "2nd",
            "id": "xie2015",
            "issued": {
                "date-parts": [
                    [
                        2015
                    ]
                ]
            },
            "note": "ISBN 978-1498716963",
            "publisher": "Chapman; Hall/CRC",
            "publisher-place": "Boca Raton, Florida",
            "title": "Dynamic documents with R and knitr",
            "type": "book"
        },
        {
            "URL": "https://www.R-project.org/",
            "author": [
                {
                    "literal": "R Core Team"
                }
            ],
            "id": "R-base",
            "issued": {
                "date-parts": [
                    [
                        2021
                    ]
                ]
            },
            "publisher": "R Foundation for Statistical Computing",
            "publisher-place": "Vienna, Austria",
            "title": "R: A language and environment for statistical computing",
            "title-short": "R",
            "type": "book"
        },
        {
            "URL": "https://bioconductor.org/packages/BiocGenerics",
            "author": [
                {
                    "family": "Team",
                    "given": "The Bioconductor Dev"
                }
            ],
            "id": "R-BiocGenerics",
            "issued": {
                "date-parts": [
                    [
                        2021
                    ]
                ]
            },
            "note": "R package version 0.40.0",
            "title": "BiocGenerics: S4 generic functions used in bioconductor",
            "title-short": "BiocGenerics",
            "type": "book"
        },
        {
            "URL": "https://CRAN.R-project.org/package=bookdown",
            "author": [
                {
                    "family": "Xie",
                    "given": "Yihui"
                }
            ],
            "id": "R-bookdown",
            "issued": {
                "date-parts": [
                    [
                        2021
                    ]
                ]
            },
            "note": "R package version 0.24",
            "title": "Bookdown: Authoring books and technical documents with r markdown",
            "title-short": "Bookdown",
            "type": "book"
        },
        {
            "URL": "https://CRAN.R-project.org/package=curl",
            "author": [
                {
                    "family": "Ooms",
                    "given": "Jeroen"
                }
            ],
            "id": "R-curl",
            "issued": {
                "date-parts": [
                    [
                        2021
                    ]
                ]
            },
            "note": "R package version 4.3.2",
            "title": "Curl: A modern and flexible web client for r",
            "title-short": "Curl",
            "type": "book"
        },
        {
            "URL": "https://github.com/plotly/dashR",
            "author": [
                {
                    "family": "Parmer",
                    "given": "Chris"
                },
                {
                    "family": "Kyle",
                    "given": "Ryan Patrick"
                },
                {
                    "family": "Sievert",
                    "given": "Carson"
                },
                {
                    "family": "Khan",
                    "given": "Hammad"
                }
            ],
            "id": "R-dash",
            "issued": {
                "date-parts": [
                    [
                        2021
                    ]
                ]
            },
            "note": "R package version 0.9.3",
            "title": "Dash: An interface to the dash ecosystem for authoring reactive web applications",
            "title-short": "Dash",
            "type": "book"
        },
        {
            "URL": "https://github.com/plotly/dash-core-components",
            "author": [
                {
                    "family": "Parmer",
                    "given": "Chris"
                }
            ],
            "id": "R-dashCoreComponents",
            "issued": {
                "date-parts": [
                    [
                        2020
                    ]
                ]
            },
            "note": "R package version 1.10.0",
            "title": "dashCoreComponents: Core interactive UI components for dash",
            "title-short": "dashCoreComponents",
            "type": "book"
        },
        {
            "URL": "https://github.com/plotly/dash-html-components",
            "author": [
                {
                    "family": "Parmer",
                    "given": "Chris"
                }
            ],
            "id": "R-dashHtmlComponents",
            "issued": {
                "date-parts": [
                    [
                        2020
                    ]
                ]
            },
            "note": "R package version 1.0.3",
            "title": "dashHtmlComponents: Vanilla HTML components for dash",
            "title-short": "dashHtmlComponents",
            "type": "book"
        },
        {
            "URL": "https://CRAN.R-project.org/package=dplyr",
            "author": [
                {
                    "family": "Wickham",
                    "given": "Hadley"
                },
                {
                    "family": "François",
                    "given": "Romain"
                },
                {
                    "family": "Henry",
                    "given": "Lionel"
                },
                {
                    "family": "Müller",
                    "given": "Kirill"
                }
            ],
            "id": "R-dplyr",
            "issued": {
                "date-parts": [
                    [
                        2022
                    ]
                ]
            },
            "note": "R package version 1.0.8",
            "title": "Dplyr: A grammar of data manipulation",
            "title-short": "Dplyr",
            "type": "book"
        },
        {
            "URL": "http://www.sthda.com/english/rpkgs/factoextra",
            "author": [
                {
                    "family": "Kassambara",
                    "given": "Alboukadel"
                },
                {
                    "family": "Mundt",
                    "given": "Fabian"
                }
            ],
            "id": "R-factoextra",
            "issued": {
                "date-parts": [
                    [
                        2020
                    ]
                ]
            },
            "note": "R package version 1.0.7",
            "title": "Factoextra: Extract and visualize the results of multivariate data analyses",
            "title-short": "Factoextra",
            "type": "book"
        },
        {
            "URL": "https://github.com/Malaga-FCA-group/fcaR",
            "author": [
                {
                    "family": "Lopez Rodriguez",
                    "given": "Domingo"
                },
                {
                    "family": "Mora",
                    "given": "Angel"
                },
                {
                    "family": "Dominguez",
                    "given": "Jesus"
                },
                {
                    "family": "Villalon",
                    "given": "Ana"
                }
            ],
            "id": "R-fcaR",
            "issued": {
                "date-parts": [
                    [
                        2021
                    ]
                ]
            },
            "note": "R package version 1.1.1",
            "title": "fcaR: Formal concept analysis",
            "title-short": "fcaR",
            "type": "book"
        },
        {
            "URL": "https://CRAN.R-project.org/package=forcats",
            "author": [
                {
                    "family": "Wickham",
                    "given": "Hadley"
                }
            ],
            "id": "R-forcats",
            "issued": {
                "date-parts": [
                    [
                        2021
                    ]
                ]
            },
            "note": "R package version 0.5.1",
            "title": "Forcats: Tools for working with categorical variables (factors)",
            "title-short": "Forcats",
            "type": "book"
        },
        {
            "URL": "https://www.unibo.it/sitoweb/christian.hennig/en/",
            "author": [
                {
                    "family": "Hennig",
                    "given": "Christian"
                }
            ],
            "id": "R-fpc",
            "issued": {
                "date-parts": [
                    [
                        2020
                    ]
                ]
            },
            "note": "R package version 2.2-9",
            "title": "Fpc: Flexible procedures for clustering",
            "title-short": "Fpc",
            "type": "book"
        },
        {
            "URL": "https://github.com/andrie/ggdendro",
            "author": [
                {
                    "family": "Vries",
                    "given": "Andrie",
                    "non-dropping-particle": "de"
                },
                {
                    "family": "Ripley",
                    "given": "Brian D."
                }
            ],
            "id": "R-ggdendro",
            "issued": {
                "date-parts": [
                    [
                        2022
                    ]
                ]
            },
            "note": "R package version 0.1.23",
            "title": "Ggdendro: Create dendrograms and tree diagrams using ggplot2",
            "title-short": "Ggdendro",
            "type": "book"
        },
        {
            "URL": "https://github.com/sinhrks/ggfortify",
            "author": [
                {
                    "family": "Horikoshi",
                    "given": "Masaaki"
                },
                {
                    "family": "Tang",
                    "given": "Yuan"
                }
            ],
            "id": "R-ggfortify",
            "issued": {
                "date-parts": [
                    [
                        2022
                    ]
                ]
            },
            "note": "R package version 0.4.14",
            "title": "Ggfortify: Data visualization tools for statistical analysis results",
            "title-short": "Ggfortify",
            "type": "book"
        },
        {
            "URL": "https://CRAN.R-project.org/package=ggplot2",
            "author": [
                {
                    "family": "Wickham",
                    "given": "Hadley"
                },
                {
                    "family": "Chang",
                    "given": "Winston"
                },
                {
                    "family": "Henry",
                    "given": "Lionel"
                },
                {
                    "family": "Pedersen",
                    "given": "Thomas Lin"
                },
                {
                    "family": "Takahashi",
                    "given": "Kohske"
                },
                {
                    "family": "Wilke",
                    "given": "Claus"
                },
                {
                    "family": "Woo",
                    "given": "Kara"
                },
                {
                    "family": "Yutani",
                    "given": "Hiroaki"
                },
                {
                    "family": "Dunnington",
                    "given": "Dewey"
                }
            ],
            "id": "R-ggplot2",
            "issued": {
                "date-parts": [
                    [
                        2022
                    ]
                ]
            },
            "note": "R package version 3.3.6",
            "title": "ggplot2: Create elegant data visualisations using the grammar of graphics",
            "title-short": "ggplot2",
            "type": "book"
        },
        {
            "author": [
                {
                    "family": "Gentleman",
                    "given": "R."
                },
                {
                    "family": "Whalen",
                    "given": "Elizabeth"
                },
                {
                    "family": "Huber",
                    "given": "W."
                },
                {
                    "family": "Falcon",
                    "given": "S."
                }
            ],
            "id": "R-graph",
            "issued": {
                "date-parts": [
                    [
                        2021
                    ]
                ]
            },
            "note": "R package version 1.72.0",
            "title": "Graph: A package to handle graph data structures",
            "title-short": "Graph",
            "type": "book"
        },
        {
            "URL": "https://github.com/kciomek/hasseDiagram",
            "author": [
                {
                    "family": "Ciomek",
                    "given": "Krzysztof"
                }
            ],
            "id": "R-hasseDiagram",
            "issued": {
                "date-parts": [
                    [
                        2021
                    ]
                ]
            },
            "note": "R package version 0.2.0",
            "title": "hasseDiagram: Drawing hasse diagram",
            "title-short": "hasseDiagram",
            "type": "book"
        },
        {
            "URL": "https://CRAN.R-project.org/package=heatmaply",
            "author": [
                {
                    "family": "Galili",
                    "given": "Tal"
                },
                {
                    "family": "O’Callaghan",
                    "given": "Alan"
                }
            ],
            "id": "R-heatmaply",
            "issued": {
                "date-parts": [
                    [
                        2021
                    ]
                ]
            },
            "note": "R package version 1.3.0",
            "title": "Heatmaply: Interactive cluster heat maps using plotly and ggplot2",
            "title-short": "Heatmaply",
            "type": "book"
        },
        {
            "URL": "https://CRAN.R-project.org/package=jsonlite",
            "author": [
                {
                    "family": "Ooms",
                    "given": "Jeroen"
                }
            ],
            "id": "R-jsonlite",
            "issued": {
                "date-parts": [
                    [
                        2022
                    ]
                ]
            },
            "note": "R package version 1.8.0",
            "title": "Jsonlite: A simple and robust JSON parser and generator for r",
            "title-short": "Jsonlite",
            "type": "book"
        },
        {
            "URL": "https://CRAN.R-project.org/package=kableExtra",
            "author": [
                {
                    "family": "Zhu",
                    "given": "Hao"
                }
            ],
            "id": "R-kableExtra",
            "issued": {
                "date-parts": [
                    [
                        2021
                    ]
                ]
            },
            "note": "R package version 1.3.4",
            "title": "kableExtra: Construct complex table with kable and pipe syntax",
            "title-short": "kableExtra",
            "type": "book"
        },
        {
            "URL": "https://yihui.org/knitr/",
            "author": [
                {
                    "family": "Xie",
                    "given": "Yihui"
                }
            ],
            "id": "R-knitr",
            "issued": {
                "date-parts": [
                    [
                        2022
                    ]
                ]
            },
            "note": "R package version 1.38",
            "title": "Knitr: A general-purpose package for dynamic report generation in r",
            "title-short": "Knitr",
            "type": "book"
        },
        {
            "URL": "https://CRAN.R-project.org/package=plotly",
            "author": [
                {
                    "family": "Sievert",
                    "given": "Carson"
                },
                {
                    "family": "Parmer",
                    "given": "Chris"
                },
                {
                    "family": "Hocking",
                    "given": "Toby"
                },
                {
                    "family": "Chamberlain",
                    "given": "Scott"
                },
                {
                    "family": "Ram",
                    "given": "Karthik"
                },
                {
                    "family": "Corvellec",
                    "given": "Marianne"
                },
                {
                    "family": "Despouy",
                    "given": "Pedro"
                }
            ],
            "id": "R-plotly",
            "issued": {
                "date-parts": [
                    [
                        2021
                    ]
                ]
            },
            "note": "R package version 4.10.0",
            "title": "Plotly: Create interactive web graphics via plotly.js",
            "title-short": "Plotly",
            "type": "book"
        },
        {
            "URL": "https://CRAN.R-project.org/package=purrr",
            "author": [
                {
                    "family": "Henry",
                    "given": "Lionel"
                },
                {
                    "family": "Wickham",
                    "given": "Hadley"
                }
            ],
            "id": "R-purrr",
            "issued": {
                "date-parts": [
                    [
                        2020
                    ]
                ]
            },
            "note": "R package version 0.3.4",
            "title": "Purrr: Functional programming tools",
            "title-short": "Purrr",
            "type": "book"
        },
        {
            "URL": "https://CRAN.R-project.org/package=readr",
            "author": [
                {
                    "family": "Wickham",
                    "given": "Hadley"
                },
                {
                    "family": "Hester",
                    "given": "Jim"
                },
                {
                    "family": "Bryan",
                    "given": "Jennifer"
                }
            ],
            "id": "R-readr",
            "issued": {
                "date-parts": [
                    [
                        2022
                    ]
                ]
            },
            "note": "R package version 2.1.2",
            "title": "Readr: Read rectangular text data",
            "title-short": "Readr",
            "type": "book"
        },
        {
            "author": [
                {
                    "family": "Hansen",
                    "given": "Kasper Daniel"
                },
                {
                    "family": "Gentry",
                    "given": "Jeff"
                },
                {
                    "family": "Long",
                    "given": "Li"
                },
                {
                    "family": "Gentleman",
                    "given": "Robert"
                },
                {
                    "family": "Falcon",
                    "given": "Seth"
                },
                {
                    "family": "Hahne",
                    "given": "Florian"
                },
                {
                    "family": "Sarkar",
                    "given": "Deepayan"
                }
            ],
            "id": "R-Rgraphviz",
            "issued": {
                "date-parts": [
                    [
                        2021
                    ]
                ]
            },
            "note": "R package version 2.38.0",
            "title": "Rgraphviz: Provides plotting capabilities for r graph objects",
            "title-short": "Rgraphviz",
            "type": "book"
        },
        {
            "URL": "https://github.com/alexcb/rjson",
            "author": [
                {
                    "family": "Couture-Beil",
                    "given": "Alex"
                }
            ],
            "id": "R-rjson",
            "issued": {
                "date-parts": [
                    [
                        2022
                    ]
                ]
            },
            "note": "R package version 0.2.21",
            "title": "Rjson: JSON for r",
            "title-short": "Rjson",
            "type": "book"
        },
        {
            "URL": "https://CRAN.R-project.org/package=rlist",
            "author": [
                {
                    "family": "Ren",
                    "given": "Kun"
                }
            ],
            "id": "R-rlist",
            "issued": {
                "date-parts": [
                    [
                        2021
                    ]
                ]
            },
            "note": "R package version 0.4.6.2",
            "title": "Rlist: A toolbox for non-tabular data manipulation",
            "title-short": "Rlist",
            "type": "book"
        },
        {
            "URL": "https://CRAN.R-project.org/package=rmarkdown",
            "author": [
                {
                    "family": "Allaire",
                    "given": "JJ"
                },
                {
                    "family": "Xie",
                    "given": "Yihui"
                },
                {
                    "family": "McPherson",
                    "given": "Jonathan"
                },
                {
                    "family": "Luraschi",
                    "given": "Javier"
                },
                {
                    "family": "Ushey",
                    "given": "Kevin"
                },
                {
                    "family": "Atkins",
                    "given": "Aron"
                },
                {
                    "family": "Wickham",
                    "given": "Hadley"
                },
                {
                    "family": "Cheng",
                    "given": "Joe"
                },
                {
                    "family": "Chang",
                    "given": "Winston"
                },
                {
                    "family": "Iannone",
                    "given": "Richard"
                }
            ],
            "id": "R-rmarkdown",
            "issued": {
                "date-parts": [
                    [
                        2022
                    ]
                ]
            },
            "note": "R package version 2.12",
            "title": "Rmarkdown: Dynamic documents for r",
            "title-short": "Rmarkdown",
            "type": "book"
        },
        {
            "URL": "https://CRAN.R-project.org/package=stringr",
            "author": [
                {
                    "family": "Wickham",
                    "given": "Hadley"
                }
            ],
            "id": "R-stringr",
            "issued": {
                "date-parts": [
                    [
                        2019
                    ]
                ]
            },
            "note": "R package version 1.4.0",
            "title": "Stringr: Simple, consistent wrappers for common string operations",
            "title-short": "Stringr",
            "type": "book"
        },
        {
            "URL": "https://CRAN.R-project.org/package=tibble",
            "author": [
                {
                    "family": "Müller",
                    "given": "Kirill"
                },
                {
                    "family": "Wickham",
                    "given": "Hadley"
                }
            ],
            "id": "R-tibble",
            "issued": {
                "date-parts": [
                    [
                        2021
                    ]
                ]
            },
            "note": "R package version 3.1.6",
            "title": "Tibble: Simple data frames",
            "title-short": "Tibble",
            "type": "book"
        },
        {
            "URL": "https://github.com/colearendt/tidyjson",
            "author": [
                {
                    "family": "Stanley",
                    "given": "Jeremy"
                },
                {
                    "family": "Arendt",
                    "given": "Cole"
                }
            ],
            "id": "R-tidyjson",
            "issued": {
                "date-parts": [
                    [
                        2020
                    ]
                ]
            },
            "note": "R package version 0.3.1",
            "title": "Tidyjson: Tidy complex JSON",
            "title-short": "Tidyjson",
            "type": "book"
        },
        {
            "URL": "https://CRAN.R-project.org/package=tidyr",
            "author": [
                {
                    "family": "Wickham",
                    "given": "Hadley"
                },
                {
                    "family": "Girlich",
                    "given": "Maximilian"
                }
            ],
            "id": "R-tidyr",
            "issued": {
                "date-parts": [
                    [
                        2022
                    ]
                ]
            },
            "note": "R package version 1.2.0",
            "title": "Tidyr: Tidy messy data",
            "title-short": "Tidyr",
            "type": "book"
        },
        {
            "URL": "https://CRAN.R-project.org/package=tidyverse",
            "author": [
                {
                    "family": "Wickham",
                    "given": "Hadley"
                }
            ],
            "id": "R-tidyverse",
            "issued": {
                "date-parts": [
                    [
                        2021
                    ]
                ]
            },
            "note": "R package version 1.3.1",
            "title": "Tidyverse: Easily install and load the tidyverse",
            "title-short": "Tidyverse",
            "type": "book"
        },
        {
            "URL": "https://CRAN.R-project.org/package=viridis",
            "author": [
                {
                    "family": "Garnier",
                    "given": "Simon"
                }
            ],
            "id": "R-viridis",
            "issued": {
                "date-parts": [
                    [
                        2021
                    ]
                ]
            },
            "note": "R package version 0.6.2",
            "title": "Viridis: Colorblind-friendly color maps for r",
            "title-short": "Viridis",
            "type": "book"
        },
        {
            "URL": "https://CRAN.R-project.org/package=viridisLite",
            "author": [
                {
                    "family": "Garnier",
                    "given": "Simon"
                }
            ],
            "id": "R-viridisLite",
            "issued": {
                "date-parts": [
                    [
                        2021
                    ]
                ]
            },
            "note": "R package version 0.4.0",
            "title": "viridisLite: Colorblind-friendly color maps (lite version)",
            "title-short": "viridisLite",
            "type": "book"
        },
        {
            "URL": "http://www.nature.com/nmeth/journal/v12/n2/full/nmeth.3252.html",
            "author": [
                {
                    "literal": "Huber"
                },
                {
                    "literal": "W."
                },
                {
                    "literal": "Carey"
                },
                {
                    "family": "J.",
                    "given": "V."
                },
                {
                    "literal": "Gentleman"
                },
                {
                    "literal": "R."
                },
                {
                    "literal": "Anders"
                },
                {
                    "literal": "S."
                },
                {
                    "literal": "Carlson"
                },
                {
                    "literal": "M."
                },
                {
                    "literal": "Carvalho"
                },
                {
                    "family": "S.",
                    "given": "B."
                },
                {
                    "literal": "Bravo"
                },
                {
                    "family": "C.",
                    "given": "H."
                },
                {
                    "literal": "Davis"
                },
                {
                    "literal": "S."
                },
                {
                    "literal": "Gatto"
                },
                {
                    "literal": "L."
                },
                {
                    "literal": "Girke"
                },
                {
                    "literal": "T."
                },
                {
                    "literal": "Gottardo"
                },
                {
                    "literal": "R."
                },
                {
                    "literal": "Hahne"
                },
                {
                    "literal": "F."
                },
                {
                    "literal": "Hansen"
                },
                {
                    "family": "D.",
                    "given": "K."
                },
                {
                    "literal": "Irizarry"
                },
                {
                    "family": "A.",
                    "given": "R."
                },
                {
                    "literal": "Lawrence"
                },
                {
                    "literal": "M."
                },
                {
                    "literal": "Love"
                },
                {
                    "family": "I.",
                    "given": "M."
                },
                {
                    "literal": "MacDonald"
                },
                {
                    "literal": "J."
                },
                {
                    "literal": "Obenchain"
                },
                {
                    "literal": "V."
                },
                {
                    "literal": "Ole’s"
                },
                {
                    "family": "K.",
                    "given": "A."
                },
                {
                    "literal": "Pag‘es"
                },
                {
                    "literal": "H."
                },
                {
                    "literal": "Reyes"
                },
                {
                    "literal": "A."
                },
                {
                    "literal": "Shannon"
                },
                {
                    "literal": "P."
                },
                {
                    "literal": "Smyth"
                },
                {
                    "family": "K.",
                    "given": "G."
                },
                {
                    "literal": "Tenenbaum"
                },
                {
                    "literal": "D."
                },
                {
                    "literal": "Waldron"
                },
                {
                    "literal": "L."
                },
                {
                    "literal": "Morgan"
                },
                {
                    "literal": "M."
                }
            ],
            "container-title": "Nature Methods",
            "id": "BiocGenerics2015",
            "issue": "2",
            "issued": {
                "date-parts": [
                    [
                        2015
                    ]
                ]
            },
            "page": "115-121",
            "title": "Orchestrating high-throughput genomic analysis with Bioconductor",
            "type": "article-journal",
            "volume": "12"
        },
        {
            "URL": "https://bookdown.org/yihui/bookdown",
            "author": [
                {
                    "family": "Xie",
                    "given": "Yihui"
                }
            ],
            "id": "bookdown2016",
            "issued": {
                "date-parts": [
                    [
                        2016
                    ]
                ]
            },
            "note": "ISBN 978-1138700109",
            "publisher": "Chapman; Hall/CRC",
            "publisher-place": "Boca Raton, Florida",
            "title": "Bookdown: Authoring books and technical documents with R markdown",
            "title-short": "Bookdown",
            "type": "book"
        },
        {
            "DOI": "10.32614/RJ-2016-060",
            "URL": "https://doi.org/10.32614/RJ-2016-060",
            "author": [
                {
                    "family": "Tang",
                    "given": "Yuan"
                },
                {
                    "family": "Horikoshi",
                    "given": "Masaaki"
                },
                {
                    "family": "Li",
                    "given": "Wenxuan"
                }
            ],
            "container-title": "The R Journal",
            "id": "ggfortify2016",
            "issue": "2",
            "issued": {
                "date-parts": [
                    [
                        2016
                    ]
                ]
            },
            "page": "474-485",
            "title": "Ggfortify: Unified interface to visualize statistical result of popular r packages",
            "title-short": "Ggfortify",
            "type": "article-journal",
            "volume": "8"
        },
        {
            "URL": "https://CRAN.R-project.org/package=ggfortify",
            "author": [
                {
                    "family": "Horikoshi",
                    "given": "Masaaki"
                },
                {
                    "family": "Tang",
                    "given": "Yuan"
                }
            ],
            "id": "ggfortify2018",
            "issued": {
                "date-parts": [
                    [
                        2018
                    ]
                ]
            },
            "title": "Ggfortify: Data visualization tools for statistical analysis results",
            "title-short": "Ggfortify",
            "type": "book"
        },
        {
            "ISBN": "978-3-319-24277-4",
            "URL": "https://ggplot2.tidyverse.org",
            "author": [
                {
                    "family": "Wickham",
                    "given": "Hadley"
                }
            ],
            "id": "ggplot22016",
            "issued": {
                "date-parts": [
                    [
                        2016
                    ]
                ]
            },
            "publisher": "Springer-Verlag New York",
            "title": "ggplot2: Elegant graphics for data analysis",
            "title-short": "ggplot2",
            "type": "book"
        },
        {
            "DOI": "10.1093/bioinformatics/btx657",
            "URL": "http://dx.doi.org/10.1093/bioinformatics/btx657",
            "author": [
                {
                    "literal": "Galili"
                },
                {
                    "literal": "Tal"
                },
                {
                    "literal": "O’Callaghan"
                },
                {
                    "literal": "Alan"
                },
                {
                    "literal": "Sidi"
                },
                {
                    "literal": "Jonathan"
                },
                {
                    "literal": "Sievert"
                },
                {
                    "literal": "Carson"
                }
            ],
            "container-title": "Bioinformatics",
            "id": "heatmaply2017",
            "issued": {
                "date-parts": [
                    [
                        2017
                    ]
                ]
            },
            "title": "Heatmaply: An r package for creating interactive cluster heatmaps for online publishing",
            "title-short": "Heatmaply",
            "type": "article-journal"
        },
        {
            "URL": "https://arxiv.org/abs/1403.2805",
            "author": [
                {
                    "family": "Ooms",
                    "given": "Jeroen"
                }
            ],
            "container-title": "arXiv:1403.2805 [stat.CO]",
            "id": "jsonlite2014",
            "issued": {
                "date-parts": [
                    [
                        2014
                    ]
                ]
            },
            "title": "The jsonlite package: A practical and consistent mapping between JSON data and r objects",
            "title-short": "The jsonlite package",
            "type": "article-journal"
        },
        {
            "URL": "https://yihui.org/knitr/",
            "author": [
                {
                    "family": "Xie",
                    "given": "Yihui"
                }
            ],
            "edition": "2nd",
            "id": "knitr2015",
            "issued": {
                "date-parts": [
                    [
                        2015
                    ]
                ]
            },
            "note": "ISBN 978-1498716963",
            "publisher": "Chapman; Hall/CRC",
            "publisher-place": "Boca Raton, Florida",
            "title": "Dynamic documents with R and knitr",
            "type": "book"
        },
        {
            "URL": "http://www.crcpress.com/product/isbn/9781466561595",
            "author": [
                {
                    "family": "Xie",
                    "given": "Yihui"
                }
            ],
            "container-title": "Implementing reproducible computational research",
            "editor": [
                {
                    "family": "Stodden",
                    "given": "Victoria"
                },
                {
                    "family": "Leisch",
                    "given": "Friedrich"
                },
                {
                    "family": "Peng",
                    "given": "Roger D."
                }
            ],
            "id": "knitr2014",
            "issued": {
                "date-parts": [
                    [
                        2014
                    ]
                ]
            },
            "note": "ISBN 978-1466561595",
            "publisher": "Chapman; Hall/CRC",
            "title": "Knitr: A comprehensive tool for reproducible research in R",
            "title-short": "Knitr",
            "type": "chapter"
        },
        {
            "ISBN": "9781138331457",
            "URL": "https://plotly-r.com",
            "author": [
                {
                    "family": "Sievert",
                    "given": "Carson"
                }
            ],
            "id": "plotly2020",
            "issued": {
                "date-parts": [
                    [
                        2020
                    ]
                ]
            },
            "publisher": "Chapman; Hall/CRC",
            "title": "Interactive web-based data visualization with r, plotly, and shiny",
            "type": "book"
        },
        {
            "URL": "https://bookdown.org/yihui/rmarkdown",
            "author": [
                {
                    "family": "Xie",
                    "given": "Yihui"
                },
                {
                    "family": "Allaire",
                    "given": "J. J."
                },
                {
                    "family": "Grolemund",
                    "given": "Garrett"
                }
            ],
            "id": "rmarkdown2018",
            "issued": {
                "date-parts": [
                    [
                        2018
                    ]
                ]
            },
            "note": "ISBN 9781138359338",
            "publisher": "Chapman; Hall/CRC",
            "publisher-place": "Boca Raton, Florida",
            "title": "R markdown: The definitive guide",
            "title-short": "R markdown",
            "type": "book"
        },
        {
            "URL": "https://bookdown.org/yihui/rmarkdown-cookbook",
            "author": [
                {
                    "family": "Xie",
                    "given": "Yihui"
                },
                {
                    "family": "Dervieux",
                    "given": "Christophe"
                },
                {
                    "family": "Riederer",
                    "given": "Emily"
                }
            ],
            "id": "rmarkdown2020",
            "issued": {
                "date-parts": [
                    [
                        2020
                    ]
                ]
            },
            "note": "ISBN 9780367563837",
            "publisher": "Chapman; Hall/CRC",
            "publisher-place": "Boca Raton, Florida",
            "title": "R markdown cookbook",
            "type": "book"
        },
        {
            "DOI": "10.21105/joss.01686",
            "author": [
                {
                    "family": "Wickham",
                    "given": "Hadley"
                },
                {
                    "family": "Averick",
                    "given": "Mara"
                },
                {
                    "family": "Bryan",
                    "given": "Jennifer"
                },
                {
                    "family": "Chang",
                    "given": "Winston"
                },
                {
                    "family": "McGowan",
                    "given": "Lucy D’Agostino"
                },
                {
                    "family": "François",
                    "given": "Romain"
                },
                {
                    "family": "Grolemund",
                    "given": "Garrett"
                },
                {
                    "family": "Hayes",
                    "given": "Alex"
                },
                {
                    "family": "Henry",
                    "given": "Lionel"
                },
                {
                    "family": "Hester",
                    "given": "Jim"
                },
                {
                    "family": "Kuhn",
                    "given": "Max"
                },
                {
                    "family": "Pedersen",
                    "given": "Thomas Lin"
                },
                {
                    "family": "Miller",
                    "given": "Evan"
                },
                {
                    "family": "Bache",
                    "given": "Stephan Milton"
                },
                {
                    "family": "Müller",
                    "given": "Kirill"
                },
                {
                    "family": "Ooms",
                    "given": "Jeroen"
                },
                {
                    "family": "Robinson",
                    "given": "David"
                },
                {
                    "family": "Seidel",
                    "given": "Dana Paige"
                },
                {
                    "family": "Spinu",
                    "given": "Vitalie"
                },
                {
                    "family": "Takahashi",
                    "given": "Kohske"
                },
                {
                    "family": "Vaughan",
                    "given": "Davis"
                },
                {
                    "family": "Wilke",
                    "given": "Claus"
                },
                {
                    "family": "Woo",
                    "given": "Kara"
                },
                {
                    "family": "Yutani",
                    "given": "Hiroaki"
                }
            ],
            "container-title": "Journal of Open Source Software",
            "id": "tidyverse2019",
            "issue": "43",
            "issued": {
                "date-parts": [
                    [
                        2019
                    ]
                ]
            },
            "page": "1686",
            "title": "Welcome to the tidyverse",
            "type": "article-journal",
            "volume": "4"
        }
    ],
    "project_biblios": [
        "book.bib",
        "packages.bib"
    ]
}